CustomerID,BeneficiaryName,AccountNumber,BankName,IFSCCode,IsBlocked,CreatedDate
1,Bala Das,90010897423938,Bank of Baroda,BARB2704,0,2022-08-12
2,Anita Sharma,82739360963339,ICICI Bank,ICIC2918,0,2020-06-16
3,Gokul Kumar,86655125644278,Kotak Mahindra Bank,KKBK8521,0,2023-10-11
4,Gokul Kumar,16767844268240,Punjab National Bank,PUNB8538,0,2022-03-31
5,Suresh Singh,75308174519895,HDFC Bank,HDFC2229,0,2022-08-16
6,Sathish Singh,70686843958507,Indian Bank,IDIB2490,0,2020-10-26
7,Rahul Das,02713824310560,ICICI Bank,ICIC3401,0,2021-12-22
8,Bala Patel,27713542571148,Indian Bank,IDIB1327,0,2023-06-09
9,Gokul Sharma,27881400715428,Punjab National Bank,PUNB1456,0,2021-04-13
10,Rahul Das,69865162123248,State Bank of India,SBIN9934,0,2025-06-12
11,Neha Patel,78707975850472,Kotak Mahindra Bank,KKBK1971,0,2022-10-15
12,Vignesh Kumar,57955459632607,Axis Bank,UTIB5383,0,2024-08-09
13,Neha Kumar,54212781018055,Canara Bank,CNRB1567,1,2023-04-16
14,Sathish Nair,23064650642130,Canara Bank,CNRB7296,0,2021-03-21
15,Rahul Das,04193840240991,Indian Bank,IDIB1346,0,2023-04-28
16,Deepa Raj,40335117780053,Union Bank,UBIN9873,0,2025-01-30
17,Lakshmi Rao,76737259233458,Union Bank,UBIN5359,0,2024-05-03
18,Reshma Menon,06505820792915,Punjab National Bank,PUNB9420,0,2020-06-19
19,Divya Kumar,68392261385299,Union Bank,UBIN4550,0,2023-11-21
20,Gokul Menon,79793559125191,Bank of Baroda,BARB3796,0,2023-05-02
21,Bala Nair,84454363635475,Canara Bank,CNRB9646,0,2025-03-18
22,Suresh Rao,62942050835572,HDFC Bank,HDFC4312,0,2021-02-14
23,Bala Nair,65683408515141,Canara Bank,CNRB2899,0,2020-02-02
24,Deepa Menon,44377990289310,Union Bank,UBIN7838,0,2023-11-12
25,Lakshmi Menon,81368804515677,Punjab National Bank,PUNB4184,0,2022-09-24
26,Anita Iyer,34959926947069,Axis Bank,UTIB1138,0,2022-05-20
27,Reshma Iyer,44344904582132,Indian Bank,IDIB7005,0,2023-04-04
28,Anjali Patel,62903663756261,Punjab National Bank,PUNB7371,0,2022-12-25
29,Harish Sharma,24758292003210,ICICI Bank,ICIC6694,0,2022-05-26
30,Priya Singh,13695058865811,HDFC Bank,HDFC5459,0,2023-02-09
31,Suresh Patel,98883572020741,State Bank of India,SBIN2245,0,2020-07-11
32,Sneha Kumar,62998508196813,HDFC Bank,HDFC2026,0,2021-02-10
33,Reshma Sharma,39177433641481,HDFC Bank,HDFC8152,0,2023-05-01
34,Kiran Raj,79158709751006,State Bank of India,SBIN5776,0,2025-02-19
35,Anita Menon,12292282797342,Axis Bank,UTIB3012,0,2022-07-05
36,Neha Patel,78123606510853,Bank of Baroda,BARB4300,0,2022-12-29
37,Nisha Iyer,92483235668137,Bank of Baroda,BARB7270,0,2021-07-07
38,Arun Das,99896420137609,Indian Bank,IDIB2341,0,2024-02-10
39,Divya Patel,06620636098807,Indian Bank,IDIB8947,0,2024-09-16
40,Divya Kumar,97096470504920,Kotak Mahindra Bank,KKBK4412,0,2024-02-26
41,Sneha Patel,35573231140983,Kotak Mahindra Bank,KKBK1579,0,2022-02-01
42,Nisha Sharma,37791711920522,Indian Bank,IDIB8934,0,2024-06-06
43,Neha Patel,89497074479159,Indian Bank,IDIB7309,0,2023-07-04
44,Vignesh Singh,52749101557589,Bank of Baroda,BARB6179,0,2024-11-03
45,Arun Iyer,16950960119857,Kotak Mahindra Bank,KKBK9459,0,2023-01-25
46,Arun Sharma,04323115153286,Canara Bank,CNRB4264,0,2024-07-25
47,Harish Rao,29864614458367,State Bank of India,SBIN8205,0,2022-10-26
48,Anjali Rao,47418372638760,State Bank of India,SBIN1997,0,2020-07-02
49,Reshma Kumar,35496924191436,Indian Bank,IDIB9980,0,2020-02-02
50,Harish Rao,40602102995493,Canara Bank,CNRB8160,0,2023-01-24
51,Sneha Patel,21761405311699,Punjab National Bank,PUNB8771,0,2020-11-18
52,Deepa Rao,08433971137522,Kotak Mahindra Bank,KKBK9989,0,2022-02-27
53,Arun Nair,17557677052526,HDFC Bank,HDFC9807,0,2024-09-18
54,Anita Kumar,35287899718684,Kotak Mahindra Bank,KKBK5052,0,2022-08-11
55,Sathish Das,94041542370925,HDFC Bank,HDFC3035,0,2025-03-11
56,Divya Das,63171289514216,HDFC Bank,HDFC3088,0,2023-04-14
57,Neha Rao,54745753640768,Punjab National Bank,PUNB7870,0,2025-06-10
58,Anjali Patel,20963802657961,Axis Bank,UTIB1779,0,2021-11-25
59,Sneha Das,46209403960805,Axis Bank,UTIB1961,0,2023-08-07
60,Deepa Sharma,35554888491029,Punjab National Bank,PUNB3410,0,2021-01-09
61,Neha Menon,23443542679506,HDFC Bank,HDFC4745,0,2024-05-14
62,Neha Patel,70279879842920,Bank of Baroda,BARB8463,0,2023-06-22
63,Gokul Menon,89119558003452,Bank of Baroda,BARB3618,0,2025-01-04
64,Karthik Raj,30090238184503,ICICI Bank,ICIC7834,0,2023-05-16
65,Sneha Das,11325236445394,Bank of Baroda,BARB3025,0,2020-06-29
66,Arun Raj,36099835039376,ICICI Bank,ICIC3400,0,2023-10-15
67,Bala Kumar,66644158277160,State Bank of India,SBIN9535,0,2022-11-24
68,Anita Iyer,80544436023338,ICICI Bank,ICIC5220,0,2024-02-19
69,Suresh Patel,40649136243515,State Bank of India,SBIN7144,0,2023-01-14
70,Karthik Iyer,66920689291119,HDFC Bank,HDFC6416,0,2020-10-31
71,Lakshmi Nair,12018744617831,Canara Bank,CNRB5082,0,2021-08-24
72,Bala Rao,75595934101766,Union Bank,UBIN1554,0,2024-12-05
73,Arun Patel,75555517056311,HDFC Bank,HDFC7983,0,2023-03-11
74,Harish Menon,53830315786810,Punjab National Bank,PUNB1104,0,2022-12-10
75,Rahul Rao,21201138749808,Canara Bank,CNRB8200,0,2020-07-21
76,Vignesh Nair,25996524137475,Kotak Mahindra Bank,KKBK5067,0,2021-08-03
77,Lakshmi Rao,86689652579476,Axis Bank,UTIB9705,1,2025-01-15
78,Arun Raj,31661366261485,Axis Bank,UTIB7378,0,2023-04-03
79,Reshma Iyer,87532172408279,Indian Bank,IDIB9738,0,2024-07-14
80,Sathish Patel,83203529590518,State Bank of India,SBIN1240,0,2024-11-09
81,Gokul Das,91367343670820,HDFC Bank,HDFC9371,0,2022-11-02
82,Gokul Iyer,54035303539355,Union Bank,UBIN8058,0,2020-12-18
83,Arun Rao,79556547990397,State Bank of India,SBIN1504,0,2025-01-03
84,Gokul Das,99641176715614,Canara Bank,CNRB5391,0,2020-05-27
85,Divya Das,35313720342892,Bank of Baroda,BARB6423,0,2021-05-13
86,Rahul Iyer,48269824949103,Punjab National Bank,PUNB8109,0,2020-10-29
87,Rahul Sharma,80308330956993,Punjab National Bank,PUNB1312,0,2022-11-26
88,Sneha Iyer,69498170671872,HDFC Bank,HDFC7833,0,2023-07-14
89,Suresh Kumar,80313672481660,Punjab National Bank,PUNB1767,0,2023-09-28
90,Priya Das,65023078865050,Canara Bank,CNRB6610,0,2023-08-29
91,Suresh Singh,38063603792450,ICICI Bank,ICIC2213,0,2024-02-12
92,Deepa Singh,03736328381719,Axis Bank,UTIB3712,0,2025-05-14
93,Deepa Singh,15370568315652,Punjab National Bank,PUNB1630,0,2022-01-31
94,Anjali Rao,82791738239875,Axis Bank,UTIB3887,0,2020-04-13
95,Reshma Iyer,10921134945614,Punjab National Bank,PUNB6281,0,2025-01-15
96,Nisha Nair,32624304401519,Bank of Baroda,BARB7561,0,2024-01-09
97,Priya Kumar,52187723924878,Kotak Mahindra Bank,KKBK9635,0,2020-05-28
98,Nisha Iyer,24406721889415,HDFC Bank,HDFC2386,0,2023-11-21
99,Vignesh Iyer,58439107644553,HDFC Bank,HDFC6241,0,2020-12-17
100,Suresh Singh,48701779558633,Punjab National Bank,PUNB2704,1,2023-09-23
101,Anita Patel,62900712803133,HDFC Bank,HDFC7205,0,2023-01-01
102,Vignesh Raj,64284616608646,Kotak Mahindra Bank,KKBK8556,0,2021-02-03
103,Gokul Rao,62533132347730,ICICI Bank,ICIC9504,0,2020-03-22
104,Anjali Raj,73802499428881,Punjab National Bank,PUNB6147,0,2020-09-12
105,Bala Singh,74015711821327,Kotak Mahindra Bank,KKBK6774,0,2025-02-05
106,Divya Menon,15305338395540,Punjab National Bank,PUNB1906,0,2025-05-18
107,Reshma Iyer,92589442303780,Bank of Baroda,BARB4835,0,2021-06-13
108,Divya Das,16708682775968,Kotak Mahindra Bank,KKBK9201,0,2022-06-06
109,Harish Rao,60354915350947,Indian Bank,IDIB3815,0,2021-10-10
110,Nisha Sharma,75167981919819,HDFC Bank,HDFC8453,0,2021-02-03
111,Priya Singh,50335794033865,Indian Bank,IDIB2492,0,2021-01-11
112,Sathish Raj,49593245363937,Bank of Baroda,BARB2540,0,2021-06-12
113,Suresh Kumar,50164583825558,Kotak Mahindra Bank,KKBK6415,0,2023-03-16
114,Lakshmi Rao,66138035887867,Union Bank,UBIN5747,0,2022-06-02
115,Nisha Menon,76912876642911,ICICI Bank,ICIC3158,0,2024-12-16
116,Reshma Iyer,89537938703948,Canara Bank,CNRB3430,0,2020-06-16
117,Anjali Singh,87043841121992,State Bank of India,SBIN7041,0,2020-02-24
118,Divya Patel,41031513665067,Union Bank,UBIN4042,0,2022-03-08
119,Suresh Das,43332840492211,Punjab National Bank,PUNB5606,0,2021-08-08
120,Rahul Raj,02912930283007,Union Bank,UBIN5533,0,2023-07-22
121,Priya Iyer,75288431278515,Indian Bank,IDIB3725,0,2023-10-20
122,Arun Nair,35079840029978,State Bank of India,SBIN9586,0,2021-04-21
123,Sathish Rao,81813830688673,Bank of Baroda,BARB5484,0,2023-11-27
124,Karthik Das,71640784127636,Punjab National Bank,PUNB5657,0,2024-11-28
125,Divya Sharma,59106134651081,Kotak Mahindra Bank,KKBK5810,0,2020-01-05
126,Sathish Patel,06300414061087,HDFC Bank,HDFC2474,0,2025-04-13
127,Deepa Iyer,98545625606218,Canara Bank,CNRB4160,0,2023-09-30
128,Reshma Raj,18512499537092,HDFC Bank,HDFC9987,0,2021-10-23
129,Harish Rao,63991185001498,Union Bank,UBIN4853,0,2022-03-27
130,Divya Menon,28435859690144,Bank of Baroda,BARB6191,0,2022-10-09
131,Sneha Kumar,55191284454221,ICICI Bank,ICIC7575,0,2020-02-01
132,Divya Das,54050044940435,State Bank of India,SBIN2103,0,2022-04-21
133,Priya Sharma,36011422054561,Kotak Mahindra Bank,KKBK8934,0,2021-04-30
134,Reshma Menon,55094351985836,Punjab National Bank,PUNB5734,0,2023-03-09
135,Vignesh Sharma,82891638496094,Union Bank,UBIN8687,0,2020-04-22
136,Kiran Iyer,44714170429425,Punjab National Bank,PUNB9538,0,2023-03-06
137,Anjali Sharma,67709698574157,State Bank of India,SBIN2307,0,2024-01-10
138,Deepa Sharma,47639161057388,ICICI Bank,ICIC9674,0,2024-05-16
139,Harish Nair,29485789434941,Canara Bank,CNRB7517,0,2020-09-30
140,Anjali Iyer,56695661831370,Union Bank,UBIN3498,0,2022-10-07
141,Sneha Rao,30377185844926,Union Bank,UBIN5557,0,2020-07-23
142,Deepa Patel,08751749557621,Punjab National Bank,PUNB3909,0,2020-08-03
143,Reshma Menon,80135247315062,ICICI Bank,ICIC6334,0,2023-04-16
144,Neha Sharma,78183713948852,Punjab National Bank,PUNB7557,0,2025-05-09
145,Suresh Rao,57401440591170,State Bank of India,SBIN4016,0,2021-07-10
146,Deepa Singh,50031262136958,Axis Bank,UTIB2949,0,2021-10-28
147,Karthik Kumar,57585391946225,Punjab National Bank,PUNB5008,0,2023-09-29
148,Bala Das,53090228643541,Punjab National Bank,PUNB6011,0,2024-10-01
149,Arun Singh,10557950022426,Kotak Mahindra Bank,KKBK1910,0,2020-11-11
150,Neha Nair,30879292271382,Axis Bank,UTIB3190,0,2023-01-30
151,Gokul Kumar,28654489155610,State Bank of India,SBIN1659,0,2020-11-16
152,Arun Nair,66775376402521,Punjab National Bank,PUNB3511,0,2022-12-27
153,Anita Sharma,97497845522299,Canara Bank,CNRB6861,0,2021-05-08
154,Suresh Kumar,38095701527370,Indian Bank,IDIB4306,0,2020-02-14
155,Suresh Das,35736440269693,Punjab National Bank,PUNB1360,0,2020-03-03
156,Divya Menon,06833376809611,Bank of Baroda,BARB9242,0,2021-12-21
157,Suresh Singh,57903578542337,Canara Bank,CNRB4044,0,2025-06-07
158,Vignesh Menon,31073088672148,Union Bank,UBIN7686,0,2021-02-04
159,Vignesh Sharma,09518559165825,Axis Bank,UTIB7581,0,2022-06-30
160,Anjali Kumar,45213967088592,Bank of Baroda,BARB4249,0,2023-10-12
161,Sneha Iyer,00954060416059,Bank of Baroda,BARB8718,0,2024-01-24
162,Lakshmi Kumar,36852908399792,Indian Bank,IDIB1010,0,2020-05-06
163,Lakshmi Kumar,03474236143948,State Bank of India,SBIN1752,0,2021-04-15
164,Lakshmi Rao,59994948759396,State Bank of India,SBIN9951,0,2021-09-05
165,Bala Iyer,86437060973692,Canara Bank,CNRB6553,0,2023-11-06
166,Nisha Das,40058476375346,Kotak Mahindra Bank,KKBK3807,0,2025-02-14
167,Priya Kumar,84977032256873,ICICI Bank,ICIC8976,0,2023-01-26
168,Neha Nair,30116280714528,ICICI Bank,ICIC2834,0,2022-10-22
169,Anita Patel,74212615344769,Kotak Mahindra Bank,KKBK1751,0,2023-09-22
170,Sneha Das,38083393332992,Punjab National Bank,PUNB6531,0,2024-06-15
171,Arun Raj,95094103132579,Union Bank,UBIN7708,0,2023-11-30
172,Priya Sharma,79437261908837,Axis Bank,UTIB3568,0,2022-09-01
173,Reshma Sharma,77363746110605,Punjab National Bank,PUNB6951,0,2023-11-22
174,Sathish Sharma,09521670590690,ICICI Bank,ICIC4296,0,2020-03-13
175,Reshma Kumar,78317081331984,ICICI Bank,ICIC6893,0,2023-06-29
176,Harish Iyer,33988524431280,Punjab National Bank,PUNB8877,0,2024-08-11
177,Suresh Sharma,98185236389203,Bank of Baroda,BARB9816,0,2023-06-13
178,Kiran Kumar,43852469750878,Indian Bank,IDIB9928,0,2024-04-06
179,Karthik Raj,46492623249388,HDFC Bank,HDFC3936,0,2024-07-16
180,Sathish Kumar,48071047614994,Kotak Mahindra Bank,KKBK3332,0,2021-04-07
181,Vignesh Rao,76076309041240,State Bank of India,SBIN6599,0,2021-11-22
182,Anita Rao,97322498766544,Indian Bank,IDIB7490,0,2020-02-13
183,Bala Rao,50210052956613,Indian Bank,IDIB5081,0,2021-01-11
184,Bala Das,04597050221634,Indian Bank,IDIB1271,0,2024-03-23
185,Anjali Das,31362363693213,HDFC Bank,HDFC7144,0,2023-12-27
186,Priya Rao,62605856599487,Kotak Mahindra Bank,KKBK4405,0,2024-10-06
187,Kiran Raj,03112992214811,Indian Bank,IDIB9660,0,2022-02-16
188,Harish Kumar,27425776278805,Union Bank,UBIN8932,0,2024-06-04
189,Sathish Das,83634481984940,Axis Bank,UTIB4782,0,2022-04-01
190,Arun Das,16393657522650,Punjab National Bank,PUNB3723,0,2025-01-14
191,Gokul Singh,11584593212255,Kotak Mahindra Bank,KKBK1721,0,2020-08-31
192,Gokul Sharma,88225385932694,Indian Bank,IDIB1968,0,2023-12-17
193,Nisha Patel,48859531591760,Indian Bank,IDIB9977,0,2025-04-27
194,Lakshmi Nair,73649165905550,Union Bank,UBIN2464,0,2022-10-29
195,Sneha Raj,07869669843067,Axis Bank,UTIB8780,0,2021-04-07
196,Sathish Das,56864147252654,Axis Bank,UTIB8222,1,2023-10-18
197,Kiran Patel,65245484036731,Union Bank,UBIN8161,0,2023-03-27
198,Sneha Das,45974536381203,Bank of Baroda,BARB5678,0,2024-11-20
199,Sneha Patel,27471960520756,ICICI Bank,ICIC5749,0,2021-12-22
200,Deepa Raj,20014373444010,State Bank of India,SBIN5546,0,2024-02-29
201,Gokul Raj,62269704679847,Canara Bank,CNRB6424,0,2024-05-02
202,Lakshmi Raj,72095672439015,HDFC Bank,HDFC6676,0,2021-02-04
203,Bala Singh,19774488006202,ICICI Bank,ICIC3316,0,2020-04-25
204,Suresh Raj,75089548967323,HDFC Bank,HDFC1157,0,2021-10-28
205,Anita Nair,20495287868508,HDFC Bank,HDFC5763,0,2020-06-28
206,Harish Singh,18549442878811,Kotak Mahindra Bank,KKBK8390,0,2022-08-27
207,Lakshmi Das,74788471723888,Canara Bank,CNRB1424,0,2023-10-27
208,Suresh Das,42824650999388,State Bank of India,SBIN3615,0,2022-02-21
209,Arun Menon,54069998150067,Indian Bank,IDIB4261,0,2024-02-08
210,Priya Rao,17708185252384,Kotak Mahindra Bank,KKBK3367,0,2020-05-22
211,Arun Raj,02329627122639,Bank of Baroda,BARB1789,0,2024-12-17
212,Anjali Patel,66054237665314,Axis Bank,UTIB1728,0,2020-08-31
213,Neha Nair,91924535336877,Canara Bank,CNRB8774,0,2021-10-22
214,Sneha Raj,67158867228736,Union Bank,UBIN7058,0,2021-05-13
215,Sathish Rao,46493485814879,Union Bank,UBIN2662,0,2024-12-26
216,Suresh Das,60360680775326,Canara Bank,CNRB9126,0,2023-01-18
217,Sneha Menon,24847936910996,ICICI Bank,ICIC2949,0,2023-07-29
218,Rahul Kumar,92059310213754,Canara Bank,CNRB2431,0,2023-12-03
219,Anjali Iyer,90193302301961,State Bank of India,SBIN1116,0,2024-04-17
220,Lakshmi Menon,75497463033054,Union Bank,UBIN7321,0,2020-03-15
221,Rahul Kumar,36454737728408,Union Bank,UBIN7762,0,2025-05-21
222,Sneha Kumar,50666335289846,Indian Bank,IDIB3167,0,2023-12-05
223,Karthik Das,12873981052663,HDFC Bank,HDFC2015,0,2025-04-15
224,Suresh Iyer,36945293513812,Indian Bank,IDIB2308,0,2021-06-04
225,Arun Rao,88169580188454,Indian Bank,IDIB2447,0,2025-01-28
226,Karthik Rao,28954113969441,Indian Bank,IDIB4517,0,2020-09-03
227,Deepa Singh,57306680330481,Indian Bank,IDIB9533,0,2023-09-25
228,Vignesh Raj,24250852139398,ICICI Bank,ICIC5790,0,2020-01-28
229,Priya Das,72925486108595,State Bank of India,SBIN2890,0,2023-08-22
230,Reshma Sharma,59081049972826,Canara Bank,CNRB4533,0,2021-05-20
231,Neha Patel,73179694352695,Canara Bank,CNRB3367,0,2022-11-05
232,Gokul Sharma,71636674030919,ICICI Bank,ICIC6949,0,2023-11-04
233,Harish Patel,30050036597660,Canara Bank,CNRB6163,0,2020-09-04
234,Bala Singh,96518121710499,Canara Bank,CNRB6939,0,2024-10-02
235,Priya Kumar,29244264235217,Punjab National Bank,PUNB7603,0,2022-05-13
236,Deepa Kumar,38384449795161,ICICI Bank,ICIC3273,0,2021-05-08
237,Bala Sharma,04877041218186,Kotak Mahindra Bank,KKBK2472,0,2020-12-18
238,Anita Nair,54700513608342,Punjab National Bank,PUNB3079,0,2021-12-20
239,Vignesh Kumar,62057154459942,HDFC Bank,HDFC4435,0,2022-09-27
240,Arun Menon,26889267965487,Kotak Mahindra Bank,KKBK5123,0,2021-07-11
241,Sneha Raj,08705811618904,Indian Bank,IDIB3981,0,2022-09-11
242,Harish Das,01833570228045,State Bank of India,SBIN3578,0,2023-01-27
243,Rahul Nair,70780705516703,Axis Bank,UTIB5016,0,2025-05-11
244,Vignesh Patel,88970466078034,ICICI Bank,ICIC6034,0,2020-06-20
245,Sneha Singh,65302961780563,State Bank of India,SBIN7494,0,2023-08-01
246,Anjali Das,63104555771576,Punjab National Bank,PUNB3623,0,2020-10-21
247,Deepa Patel,53277946084092,State Bank of India,SBIN1912,0,2024-11-13
248,Arun Das,42634122471444,Union Bank,UBIN5267,0,2024-08-20
249,Deepa Iyer,11493563369903,Canara Bank,CNRB6422,0,2020-09-09
250,Arun Menon,82082190135165,HDFC Bank,HDFC2509,0,2025-04-14
251,Priya Kumar,08857539068762,Bank of Baroda,BARB6859,0,2023-10-24
252,Nisha Iyer,13713328469053,Bank of Baroda,BARB6402,0,2021-05-23
253,Arun Rao,74921211745992,Bank of Baroda,BARB9351,0,2024-12-03
254,Karthik Menon,60598303566321,ICICI Bank,ICIC9892,0,2021-06-14
255,Arun Nair,11308300966671,Union Bank,UBIN4399,0,2023-08-08
256,Deepa Sharma,37653566169918,Indian Bank,IDIB8287,0,2023-05-06
257,Gokul Singh,91478825808384,State Bank of India,SBIN4224,0,2022-03-12
258,Bala Nair,86857224912212,Canara Bank,CNRB6660,0,2020-10-15
259,Bala Nair,39615326709744,State Bank of India,SBIN2108,0,2024-05-22
260,Reshma Nair,06129370771130,ICICI Bank,ICIC5191,0,2022-12-03
261,Lakshmi Kumar,94076048220058,Axis Bank,UTIB2395,0,2023-10-25
262,Lakshmi Kumar,18814900371459,Axis Bank,UTIB3113,0,2023-08-23
263,Anjali Raj,59259025780405,Bank of Baroda,BARB8098,0,2023-06-04
264,Reshma Menon,01762073034526,HDFC Bank,HDFC1901,0,2023-03-01
265,Deepa Patel,42249011238158,Axis Bank,UTIB6107,0,2021-03-08
266,Anita Patel,05813136093332,ICICI Bank,ICIC3347,0,2024-05-07
267,Karthik Nair,63651338423349,HDFC Bank,HDFC4709,0,2022-07-16
268,Bala Raj,94388712775802,HDFC Bank,HDFC1686,0,2022-06-04
269,Gokul Das,98226688496451,Punjab National Bank,PUNB4073,0,2022-03-22
270,Harish Singh,52807740684867,HDFC Bank,HDFC1358,0,2022-05-17
271,Sathish Das,84789257060718,ICICI Bank,ICIC8078,0,2025-05-16
272,Nisha Singh,68685264262158,Axis Bank,UTIB6345,0,2023-09-17
273,Divya Sharma,38836557651103,State Bank of India,SBIN3377,0,2024-05-11
274,Reshma Sharma,49878602028459,Canara Bank,CNRB1930,0,2024-11-29
275,Vignesh Iyer,62817454903062,Axis Bank,UTIB8985,0,2021-01-18
276,Suresh Das,65628007779246,State Bank of India,SBIN5080,0,2022-01-13
277,Neha Raj,15987926803162,Punjab National Bank,PUNB6185,0,2020-04-07
278,Rahul Iyer,27836238851798,Indian Bank,IDIB1898,0,2022-07-12
279,Reshma Menon,93074729592342,Bank of Baroda,BARB4288,0,2022-04-14
280,Harish Menon,83316798136989,HDFC Bank,HDFC9139,0,2021-10-15
281,Vignesh Rao,23923128966797,Punjab National Bank,PUNB3329,0,2025-01-13
282,Anita Patel,17989923712219,Kotak Mahindra Bank,KKBK9694,0,2023-04-28
283,Kiran Menon,36154174210171,Bank of Baroda,BARB5342,0,2023-07-21
284,Vignesh Iyer,07170572978013,HDFC Bank,HDFC9789,0,2023-07-15
285,Anita Singh,77318332595623,Union Bank,UBIN6465,0,2024-11-22
286,Neha Patel,84117352284694,State Bank of India,SBIN8402,0,2020-11-20
287,Kiran Menon,63030344679063,Indian Bank,IDIB7922,0,2024-11-17
288,Sathish Singh,77093404698204,Punjab National Bank,PUNB8921,0,2024-08-24
289,Karthik Raj,93838537554109,HDFC Bank,HDFC4959,0,2021-12-04
290,Lakshmi Nair,36914619859450,Bank of Baroda,BARB1914,0,2022-06-21
291,Anita Menon,30222243477191,HDFC Bank,HDFC7255,0,2020-11-24
292,Harish Nair,33504948670213,Kotak Mahindra Bank,KKBK4892,0,2021-11-02
293,Arun Raj,09346999160986,Union Bank,UBIN2487,0,2022-08-24
294,Reshma Raj,15304397444656,Kotak Mahindra Bank,KKBK5691,0,2024-03-26
295,Neha Das,19256175549470,Punjab National Bank,PUNB2752,0,2024-03-09
296,Kiran Singh,27208190723311,Bank of Baroda,BARB9891,0,2021-08-22
297,Neha Raj,83721024517106,Kotak Mahindra Bank,KKBK3639,0,2025-02-26
298,Bala Das,64999465599871,Indian Bank,IDIB1196,0,2020-02-15
299,Gokul Singh,07109233640815,Union Bank,UBIN2367,0,2020-08-01
300,Harish Patel,70459234490398,Kotak Mahindra Bank,KKBK5363,0,2022-01-23
301,Lakshmi Patel,95389316997553,Indian Bank,IDIB8399,0,2025-05-26
302,Lakshmi Rao,82221379622549,ICICI Bank,ICIC1123,0,2023-09-10
303,Gokul Patel,70132733368862,Kotak Mahindra Bank,KKBK5196,0,2023-09-24
304,Neha Iyer,63506754089818,Axis Bank,UTIB5085,0,2020-12-21
305,Bala Sharma,87144523691604,ICICI Bank,ICIC7586,0,2025-03-12
306,Bala Das,03511271469085,Indian Bank,IDIB6102,0,2023-05-29
307,Anita Nair,72354069194200,Bank of Baroda,BARB7616,0,2020-04-17
308,Lakshmi Kumar,28703083260734,Punjab National Bank,PUNB1396,0,2020-02-01
309,Vignesh Patel,44635121686004,State Bank of India,SBIN7725,0,2022-02-07
310,Reshma Iyer,32263085894214,Bank of Baroda,BARB6160,0,2021-09-17
311,Vignesh Rao,19169112433468,ICICI Bank,ICIC3028,0,2021-04-15
312,Rahul Raj,89120823835796,Kotak Mahindra Bank,KKBK1384,0,2025-01-31
313,Kiran Das,02235375622678,Bank of Baroda,BARB8678,0,2022-02-09
314,Anjali Kumar,13737344428804,HDFC Bank,HDFC4548,0,2023-03-07
315,Rahul Rao,29615643920532,ICICI Bank,ICIC5565,0,2022-09-21
316,Bala Iyer,85241088814651,Axis Bank,UTIB6620,0,2020-08-25
317,Bala Raj,61286375701601,Punjab National Bank,PUNB6590,0,2022-06-12
318,Bala Sharma,51115425406442,Union Bank,UBIN2423,0,2024-03-12
319,Priya Singh,28642573787504,Indian Bank,IDIB7157,0,2024-05-29
320,Sneha Nair,38835164558933,Indian Bank,IDIB1760,0,2020-09-02
321,Bala Iyer,31944544693467,Axis Bank,UTIB2036,0,2023-02-01
322,Neha Raj,54432170620120,Bank of Baroda,BARB9776,0,2022-05-07
323,Divya Patel,46283535679100,Kotak Mahindra Bank,KKBK5836,0,2022-02-11
324,Anita Patel,78282792571297,State Bank of India,SBIN6691,0,2023-12-30
325,Anita Menon,45320781671254,Union Bank,UBIN4901,0,2022-08-26
326,Sathish Menon,99650970779760,Punjab National Bank,PUNB1732,0,2022-05-10
327,Suresh Menon,11940313522653,Punjab National Bank,PUNB5207,0,2021-04-17
328,Nisha Iyer,86066497316231,ICICI Bank,ICIC3059,0,2023-10-14
329,Gokul Nair,10668018152689,Indian Bank,IDIB3319,1,2024-10-23
330,Kiran Raj,81716426718083,Indian Bank,IDIB4319,0,2025-05-13
331,Priya Sharma,92176318178350,Indian Bank,IDIB1255,0,2020-02-11
332,Sneha Menon,58169977045949,Punjab National Bank,PUNB2903,0,2021-04-26
333,Gokul Singh,51261674805737,HDFC Bank,HDFC2438,0,2021-08-15
334,Priya Raj,60657211295369,Canara Bank,CNRB7358,0,2022-02-15
335,Vignesh Rao,48112385217178,Kotak Mahindra Bank,KKBK9670,1,2020-05-23
336,Kiran Kumar,80318216621767,Punjab National Bank,PUNB2356,0,2024-11-26
337,Priya Menon,21954505923671,State Bank of India,SBIN9586,0,2021-10-11
338,Reshma Singh,74004314910638,HDFC Bank,HDFC3250,0,2023-08-18
339,Rahul Menon,14507653644897,Canara Bank,CNRB6921,0,2021-06-26
340,Reshma Sharma,69434918426307,Union Bank,UBIN5402,0,2021-08-29
341,Karthik Patel,15481827291120,Canara Bank,CNRB9216,0,2022-10-23
342,Suresh Sharma,63005820482560,Kotak Mahindra Bank,KKBK8502,0,2021-11-07
343,Karthik Iyer,50690080652298,Indian Bank,IDIB3807,0,2022-10-23
344,Suresh Iyer,45847181382969,HDFC Bank,HDFC8993,0,2020-01-28
345,Anjali Sharma,01526648555891,State Bank of India,SBIN3600,0,2022-07-27
346,Reshma Patel,94898822214927,Bank of Baroda,BARB1924,0,2025-05-07
347,Anjali Raj,36857484651656,Bank of Baroda,BARB1716,0,2022-07-29
348,Vignesh Das,50109327931469,Indian Bank,IDIB2238,0,2022-09-17
349,Nisha Nair,72679872470917,HDFC Bank,HDFC4368,0,2020-07-01
350,Deepa Das,16715625320896,Union Bank,UBIN2884,0,2024-10-29
351,Gokul Kumar,73238415707354,Union Bank,UBIN3802,0,2025-01-31
352,Nisha Sharma,56767188125532,Bank of Baroda,BARB7696,0,2024-05-07
353,Karthik Patel,32983635361925,Bank of Baroda,BARB2203,0,2022-07-31
354,Rahul Menon,31615332058241,Bank of Baroda,BARB1697,0,2021-11-30
355,Priya Iyer,32269833469349,HDFC Bank,HDFC9938,0,2024-04-04
356,Harish Menon,50519346406055,Punjab National Bank,PUNB4228,0,2020-11-26
357,Karthik Sharma,87141933435849,Union Bank,UBIN7857,0,2020-03-13
358,Vignesh Singh,64069093450044,Axis Bank,UTIB6563,0,2023-04-14
359,Rahul Patel,08466360109601,Kotak Mahindra Bank,KKBK8943,0,2025-03-10
360,Suresh Sharma,44819868952838,State Bank of India,SBIN8587,1,2025-01-22
361,Sathish Das,45196901670454,Canara Bank,CNRB8585,0,2020-12-31
362,Sneha Menon,82781386333244,Axis Bank,UTIB1874,0,2021-12-09
363,Arun Kumar,49187777871009,Union Bank,UBIN8066,0,2020-01-28
364,Bala Kumar,21750892716061,Canara Bank,CNRB9846,0,2023-11-13
365,Anita Singh,13626636295558,HDFC Bank,HDFC7560,0,2024-05-19
366,Rahul Sharma,18375570757482,Punjab National Bank,PUNB8320,0,2022-07-23
367,Rahul Raj,67897152024084,Kotak Mahindra Bank,KKBK7737,0,2023-08-31
368,Harish Patel,79736616269487,Kotak Mahindra Bank,KKBK8695,0,2020-02-05
369,Neha Iyer,12561371883576,Indian Bank,IDIB6850,0,2023-01-28
370,Reshma Iyer,93254411065864,Kotak Mahindra Bank,KKBK2281,0,2022-02-05
371,Arun Iyer,77088505368770,ICICI Bank,ICIC4036,0,2021-01-29
372,Anjali Patel,94476837499515,Kotak Mahindra Bank,KKBK2716,0,2020-11-23
373,Harish Iyer,00308094117774,Indian Bank,IDIB4712,0,2022-02-07
374,Nisha Kumar,44615247412149,State Bank of India,SBIN4871,0,2023-07-30
375,Kiran Iyer,73672803357058,Union Bank,UBIN6263,0,2024-03-15
376,Reshma Menon,14436262030526,Union Bank,UBIN2594,0,2024-10-26
377,Karthik Patel,97565498291387,State Bank of India,SBIN1508,0,2021-04-27
378,Priya Rao,47583615915766,Kotak Mahindra Bank,KKBK5118,0,2020-05-22
379,Anita Singh,38436236793291,ICICI Bank,ICIC2400,0,2020-01-21
380,Karthik Iyer,11293592144225,Axis Bank,UTIB9168,0,2023-09-17
381,Neha Menon,45789740243976,State Bank of India,SBIN7246,0,2023-09-28
382,Deepa Iyer,44129129518265,State Bank of India,SBIN4422,0,2025-01-04
383,Deepa Rao,20758223378167,HDFC Bank,HDFC6999,0,2022-12-17
384,Anjali Rao,34177896123743,Canara Bank,CNRB2494,0,2022-03-09
385,Reshma Nair,90467179769529,Bank of Baroda,BARB2693,0,2020-02-28
386,Bala Raj,83108019803231,HDFC Bank,HDFC2569,0,2022-10-17
387,Karthik Sharma,57350851535568,Punjab National Bank,PUNB5821,0,2023-08-31
388,Harish Patel,09239465099466,Kotak Mahindra Bank,KKBK1970,0,2024-10-14
389,Vignesh Iyer,94322477862699,Axis Bank,UTIB8784,0,2024-07-23
390,Priya Raj,78028762251610,Kotak Mahindra Bank,KKBK2802,0,2021-11-22
391,Anita Menon,67809607586881,Union Bank,UBIN5909,0,2024-07-02
392,Rahul Iyer,13198958345618,Indian Bank,IDIB2466,0,2024-04-13
393,Sneha Sharma,69889390786418,Kotak Mahindra Bank,KKBK4460,0,2020-10-14
394,Harish Sharma,16708735459479,Indian Bank,IDIB4856,0,2023-09-29
395,Priya Iyer,78602438469032,Indian Bank,IDIB6801,0,2024-01-02
396,Anita Rao,17777247033428,State Bank of India,SBIN7874,0,2024-02-11
397,Vignesh Singh,18437825978084,Kotak Mahindra Bank,KKBK2903,0,2022-01-02
398,Reshma Menon,17468054844671,HDFC Bank,HDFC3643,0,2020-08-05
399,Kiran Menon,03393861521009,Punjab National Bank,PUNB9132,0,2020-09-26
400,Sathish Singh,22719947154739,Indian Bank,IDIB8404,0,2020-04-03
401,Vignesh Raj,36810431430932,ICICI Bank,ICIC7117,0,2023-12-21
402,Nisha Das,59017543471338,Kotak Mahindra Bank,KKBK2235,0,2020-06-08
403,Divya Das,98855894126123,Punjab National Bank,PUNB6736,0,2021-07-25
404,Harish Iyer,32095129129973,Kotak Mahindra Bank,KKBK5902,0,2024-10-09
405,Divya Patel,02122737339850,State Bank of India,SBIN7227,0,2025-06-14
406,Sneha Raj,68474591609772,Punjab National Bank,PUNB8888,0,2023-03-04
407,Anita Raj,10553992728847,Union Bank,UBIN2373,0,2022-05-07
408,Anita Sharma,56638870074924,Union Bank,UBIN2255,0,2023-01-18
409,Gokul Raj,05855414998476,ICICI Bank,ICIC9430,0,2023-04-04
410,Neha Nair,65396612966678,Punjab National Bank,PUNB4036,0,2023-08-03
411,Harish Singh,68847127297449,ICICI Bank,ICIC7357,0,2022-09-29
412,Gokul Iyer,80961867385426,Punjab National Bank,PUNB2927,0,2021-02-22
413,Suresh Raj,50638114111586,Punjab National Bank,PUNB4401,0,2021-02-11
414,Arun Iyer,78155826334628,State Bank of India,SBIN6906,0,2024-02-18
415,Vignesh Rao,15663546601278,Union Bank,UBIN9395,0,2024-08-20
416,Vignesh Nair,53948114521633,Bank of Baroda,BARB2565,0,2025-05-07
417,Divya Nair,64459363867757,State Bank of India,SBIN6076,0,2020-04-15
418,Nisha Singh,23307475646796,ICICI Bank,ICIC4666,0,2024-12-05
419,Arun Singh,85125376879125,Kotak Mahindra Bank,KKBK6277,0,2020-02-05
420,Bala Rao,68368726921077,Kotak Mahindra Bank,KKBK6443,0,2021-11-19
421,Reshma Menon,27430470589572,Kotak Mahindra Bank,KKBK6702,0,2024-03-07
422,Rahul Menon,91139940922907,Kotak Mahindra Bank,KKBK9007,0,2024-12-02
423,Sathish Rao,51774199995921,Axis Bank,UTIB7196,0,2024-10-08
424,Reshma Nair,93242082789457,Axis Bank,UTIB5910,0,2024-06-30
425,Sneha Kumar,91060451725380,HDFC Bank,HDFC4053,0,2024-10-19
426,Anita Menon,63247822869592,Kotak Mahindra Bank,KKBK6202,0,2020-08-19
427,Reshma Das,53475424304371,Indian Bank,IDIB4182,0,2024-02-11
428,Neha Singh,90695336953517,HDFC Bank,HDFC3661,0,2025-04-06
429,Sathish Iyer,98845479977787,Punjab National Bank,PUNB1196,0,2023-10-02
430,Anita Nair,96274309873834,Union Bank,UBIN9401,0,2021-01-01
431,Deepa Raj,94912002425360,Indian Bank,IDIB4080,0,2024-10-17
432,Nisha Singh,37885392437067,State Bank of India,SBIN5919,0,2025-03-03
433,Nisha Sharma,42536128448276,Axis Bank,UTIB8204,0,2023-07-01
434,Suresh Patel,27356963602107,Axis Bank,UTIB9047,0,2022-05-03
435,Sneha Raj,37794655177771,State Bank of India,SBIN7704,0,2020-12-27
436,Anjali Kumar,91347207673170,ICICI Bank,ICIC1876,0,2022-10-01
437,Bala Iyer,52838963551397,Kotak Mahindra Bank,KKBK2622,0,2020-05-27
438,Suresh Kumar,99589810044184,Punjab National Bank,PUNB3971,0,2021-05-07
439,Lakshmi Singh,46474902686009,Indian Bank,IDIB6291,0,2020-08-20
440,Neha Iyer,26759709492306,Axis Bank,UTIB7365,0,2024-12-09
441,Priya Raj,78504461151037,Axis Bank,UTIB5784,0,2021-04-06
442,Sathish Nair,43579312569289,State Bank of India,SBIN9316,0,2020-11-15
443,Rahul Sharma,09765295041868,HDFC Bank,HDFC1292,0,2022-07-22
444,Gokul Singh,09000082550914,Indian Bank,IDIB1606,0,2024-07-29
445,Bala Menon,63781729864029,Union Bank,UBIN4668,0,2024-12-12
446,Harish Menon,09012509991689,Axis Bank,UTIB7128,0,2023-09-07
447,Reshma Rao,02757058015918,Punjab National Bank,PUNB7611,0,2024-04-21
448,Lakshmi Sharma,46351470139743,HDFC Bank,HDFC4657,0,2024-10-22
449,Priya Kumar,45018450466653,Punjab National Bank,PUNB2695,0,2022-04-28
450,Anjali Menon,64971330188919,Union Bank,UBIN7287,0,2023-08-05
451,Neha Das,57638652700486,Canara Bank,CNRB6626,0,2023-09-29
452,Deepa Patel,80659492970361,Kotak Mahindra Bank,KKBK6524,0,2025-06-19
453,Anita Sharma,60394188941568,Indian Bank,IDIB1449,0,2024-03-11
454,Nisha Rao,20613513734942,Kotak Mahindra Bank,KKBK2342,0,2020-01-19
455,Deepa Iyer,81843785059268,Union Bank,UBIN8471,0,2024-01-02
456,Anjali Raj,04589859998165,Union Bank,UBIN5224,0,2024-09-27
457,Gokul Rao,10494890696837,Canara Bank,CNRB6876,0,2021-07-17
458,Gokul Kumar,06702870886889,Punjab National Bank,PUNB4776,0,2023-10-14
459,Gokul Singh,01622326532112,Axis Bank,UTIB5048,0,2021-06-30
460,Anita Singh,15943352296541,Axis Bank,UTIB8076,0,2023-07-15
461,Sneha Singh,77022864350114,Punjab National Bank,PUNB9839,0,2020-12-14
462,Sneha Menon,93415050705609,ICICI Bank,ICIC3253,0,2021-11-08
463,Priya Das,40932452799694,Kotak Mahindra Bank,KKBK4087,0,2023-01-07
464,Lakshmi Nair,58753698783349,Bank of Baroda,BARB3599,0,2023-02-28
465,Divya Rao,43946051718483,Union Bank,UBIN8032,0,2021-08-13
466,Nisha Kumar,98902612151841,Canara Bank,CNRB6057,0,2023-04-15
467,Nisha Raj,16288470902539,Kotak Mahindra Bank,KKBK9109,0,2020-01-27
468,Lakshmi Kumar,36463616292304,Canara Bank,CNRB5352,0,2021-04-07
469,Karthik Das,18249170260419,ICICI Bank,ICIC4639,0,2025-02-19
470,Lakshmi Sharma,26151187001846,ICICI Bank,ICIC6234,0,2020-12-02
471,Priya Patel,97835471159105,Bank of Baroda,BARB4715,0,2025-02-07
472,Bala Patel,72206992096334,Union Bank,UBIN7685,0,2020-07-02
473,Lakshmi Singh,37222525642584,Axis Bank,UTIB8589,0,2022-12-29
474,Neha Das,63934904099721,HDFC Bank,HDFC1036,0,2024-09-03
475,Reshma Rao,89828504141537,Bank of Baroda,BARB5696,0,2023-09-22
476,Anjali Menon,03886760018628,Kotak Mahindra Bank,KKBK2254,0,2021-12-10
477,Sneha Rao,69070722998285,Punjab National Bank,PUNB5307,0,2021-08-17
478,Rahul Iyer,93497769757698,Bank of Baroda,BARB3195,0,2024-10-29
479,Arun Iyer,03824215746184,Kotak Mahindra Bank,KKBK2024,0,2022-07-21
480,Anita Das,42783466804101,Canara Bank,CNRB6050,0,2023-02-20
481,Karthik Nair,31594163865224,Union Bank,UBIN7213,0,2022-08-21
482,Karthik Sharma,99213873557268,Canara Bank,CNRB7515,0,2022-02-02
483,Priya Rao,37701166084123,Union Bank,UBIN6038,0,2022-09-21
484,Sneha Sharma,81230742413061,Bank of Baroda,BARB2186,0,2022-01-13
485,Vignesh Raj,62513933312120,Kotak Mahindra Bank,KKBK7261,0,2023-08-23
486,Rahul Kumar,44941963230986,ICICI Bank,ICIC4025,0,2020-08-21
487,Neha Kumar,95699331617747,ICICI Bank,ICIC3969,0,2022-08-01
488,Lakshmi Das,32852772249070,Bank of Baroda,BARB5297,0,2024-03-04
489,Bala Kumar,08046170068946,Indian Bank,IDIB6967,0,2021-08-07
490,Neha Iyer,05739610090814,State Bank of India,SBIN9488,0,2022-04-24
491,Sneha Das,89300019600335,Bank of Baroda,BARB7185,0,2024-02-13
492,Suresh Patel,14241653315851,Union Bank,UBIN3350,0,2022-02-18
493,Harish Iyer,30900025825469,Indian Bank,IDIB2611,0,2024-04-30
494,Anita Kumar,26063294482742,Punjab National Bank,PUNB6374,0,2020-12-09
495,Neha Menon,46990493354933,HDFC Bank,HDFC9642,0,2022-06-15
496,Rahul Rao,06872728369091,ICICI Bank,ICIC8405,0,2023-12-28
497,Sneha Iyer,28862392343129,HDFC Bank,HDFC9332,0,2021-04-27
498,Gokul Menon,53256911992680,Indian Bank,IDIB7263,0,2023-11-04
499,Anjali Das,46340349526617,Canara Bank,CNRB9943,0,2025-05-30
500,Sneha Singh,39218975029648,ICICI Bank,ICIC4426,0,2021-02-18
501,Sathish Rao,66508535959387,Bank of Baroda,BARB2224,0,2025-01-13
502,Harish Nair,28010259525127,Canara Bank,CNRB2654,0,2024-06-19
503,Lakshmi Raj,29282002901939,Kotak Mahindra Bank,KKBK3777,0,2023-11-05
504,Nisha Menon,19103479712374,State Bank of India,SBIN2424,0,2021-10-23
505,Anjali Raj,48626277639470,Bank of Baroda,BARB3566,0,2020-08-25
506,Kiran Iyer,56308015194552,HDFC Bank,HDFC6454,0,2021-04-06
507,Gokul Menon,97261438111272,State Bank of India,SBIN5602,0,2021-03-20
508,Anita Rao,26345701509877,Canara Bank,CNRB1297,0,2021-08-26
509,Nisha Raj,57013467445153,Indian Bank,IDIB1315,0,2024-09-14
510,Divya Das,28259274783280,Union Bank,UBIN2394,0,2022-09-03
511,Nisha Sharma,71204108049378,ICICI Bank,ICIC3030,0,2020-09-20
512,Reshma Nair,60538182155147,Axis Bank,UTIB1162,0,2023-04-01
513,Rahul Rao,22199596760130,Bank of Baroda,BARB5279,0,2025-04-03
514,Reshma Nair,63173575528682,Axis Bank,UTIB2523,1,2021-03-08
515,Harish Menon,57856161464064,Axis Bank,UTIB5399,0,2021-09-12
516,Gokul Iyer,16819696073553,State Bank of India,SBIN4612,0,2023-10-07
517,Karthik Kumar,07387959089567,Indian Bank,IDIB7207,0,2023-11-08
518,Anita Menon,09630365901332,Union Bank,UBIN3567,0,2021-08-22
519,Anita Rao,09566504321561,State Bank of India,SBIN8426,0,2020-06-19
520,Anita Rao,93859814892523,HDFC Bank,HDFC4193,0,2022-06-10
521,Bala Das,41566695468965,Punjab National Bank,PUNB9548,0,2021-03-03
522,Sathish Patel,16403234879071,Union Bank,UBIN8461,0,2024-07-05
523,Nisha Das,72382138299820,HDFC Bank,HDFC7834,0,2020-08-04
524,Karthik Rao,69590708664027,Indian Bank,IDIB5777,0,2023-10-03
525,Lakshmi Das,51508655179159,Indian Bank,IDIB8057,0,2020-12-18
526,Anita Rao,56013685542012,Bank of Baroda,BARB4037,0,2024-05-24
527,Bala Raj,95053513089895,Canara Bank,CNRB9914,0,2024-11-11
528,Deepa Singh,98318097874285,HDFC Bank,HDFC7947,0,2025-05-15
529,Arun Singh,81814045354105,State Bank of India,SBIN9089,0,2025-04-12
530,Deepa Singh,48870768905055,State Bank of India,SBIN5025,0,2024-12-08
531,Karthik Sharma,13859351859761,Kotak Mahindra Bank,KKBK3115,0,2020-06-02
532,Sathish Raj,20465131850013,ICICI Bank,ICIC6869,0,2022-02-24
533,Nisha Raj,46431354419885,Punjab National Bank,PUNB4314,0,2025-03-31
534,Divya Rao,38098349509047,Punjab National Bank,PUNB1346,0,2022-01-29
535,Reshma Iyer,61737357770571,Canara Bank,CNRB9964,0,2021-11-15
536,Reshma Menon,00211985989054,Indian Bank,IDIB3332,0,2020-12-03
537,Divya Singh,62314225440454,Punjab National Bank,PUNB4553,0,2025-03-20
538,Sneha Sharma,96362848126802,Union Bank,UBIN9616,0,2023-04-22
539,Arun Nair,91750757900647,State Bank of India,SBIN7175,0,2024-04-18
540,Sathish Iyer,53324350181308,ICICI Bank,ICIC3974,0,2020-05-13
541,Karthik Raj,40648927839316,Bank of Baroda,BARB1616,0,2022-02-10
542,Karthik Menon,65881990687941,HDFC Bank,HDFC1741,0,2020-07-27
543,Karthik Iyer,81452558513168,Axis Bank,UTIB2743,0,2024-04-24
544,Anita Iyer,77345435800643,Axis Bank,UTIB2659,0,2022-10-17
545,Anjali Kumar,23081168581680,Punjab National Bank,PUNB8812,0,2020-08-26
546,Priya Nair,07107389497703,Union Bank,UBIN8855,0,2022-04-26
547,Priya Das,97277205898606,Kotak Mahindra Bank,KKBK9901,0,2021-05-16
548,Sneha Raj,70431823235068,Punjab National Bank,PUNB8807,0,2023-05-24
549,Reshma Kumar,94851656065279,Canara Bank,CNRB8156,1,2020-03-21
550,Arun Nair,45125141110645,HDFC Bank,HDFC3264,0,2024-10-21
551,Rahul Raj,12379149485650,HDFC Bank,HDFC8490,0,2023-08-19
552,Bala Nair,17397743655487,Axis Bank,UTIB2067,0,2023-09-19
553,Arun Menon,68363195099784,HDFC Bank,HDFC7781,0,2021-03-31
554,Anjali Menon,39428627862749,HDFC Bank,HDFC3859,0,2025-02-08
555,Harish Nair,91928617078714,Union Bank,UBIN6799,0,2023-03-31
556,Priya Rao,79983462936216,Axis Bank,UTIB9021,0,2021-12-07
557,Deepa Das,93877054145003,Punjab National Bank,PUNB5204,0,2021-04-21
558,Priya Iyer,21995686795254,ICICI Bank,ICIC2910,0,2021-07-03
559,Arun Sharma,61172768367966,Canara Bank,CNRB3695,0,2023-08-23
560,Anjali Das,69460536078354,Indian Bank,IDIB1394,0,2020-04-19
561,Sneha Rao,78920287651561,Kotak Mahindra Bank,KKBK6873,0,2020-06-19
562,Suresh Nair,06075603703831,Punjab National Bank,PUNB1340,0,2022-09-19
563,Deepa Raj,14146615085847,Canara Bank,CNRB1266,0,2021-11-03
564,Suresh Raj,28843160587485,Axis Bank,UTIB6761,0,2025-02-27
565,Lakshmi Kumar,33590068320575,HDFC Bank,HDFC7217,0,2023-11-03
566,Suresh Das,10830861497318,ICICI Bank,ICIC4732,0,2020-07-12
567,Arun Kumar,13238434540905,Punjab National Bank,PUNB3766,0,2020-10-19
568,Anjali Iyer,55579715377577,Axis Bank,UTIB6234,0,2022-09-05
569,Sathish Das,32350416991134,Kotak Mahindra Bank,KKBK2390,0,2020-09-29
570,Sneha Rao,07572289709972,ICICI Bank,ICIC6612,0,2020-02-21
571,Kiran Kumar,57560441074856,Axis Bank,UTIB4001,0,2022-06-13
572,Sneha Raj,90777102943314,Kotak Mahindra Bank,KKBK6559,0,2020-02-18
573,Sathish Kumar,42876177726330,Axis Bank,UTIB4395,0,2023-03-21
574,Sneha Menon,11466739713152,Indian Bank,IDIB4111,0,2020-02-28
575,Sneha Menon,66153880452817,ICICI Bank,ICIC2328,0,2024-05-06
576,Sathish Raj,11480239251177,Union Bank,UBIN7591,0,2022-08-25
577,Gokul Raj,69897552526493,Punjab National Bank,PUNB6779,0,2020-08-25
578,Priya Kumar,87548343751368,Canara Bank,CNRB2339,0,2021-08-22
579,Divya Iyer,56490558709827,Bank of Baroda,BARB4048,0,2022-04-27
580,Priya Sharma,28329467934914,Punjab National Bank,PUNB7212,0,2024-03-09
581,Kiran Menon,69175713726359,ICICI Bank,ICIC7193,0,2021-01-21
582,Bala Nair,66624981131862,State Bank of India,SBIN5198,0,2020-05-26
583,Suresh Singh,80643890703918,Axis Bank,UTIB9549,0,2024-09-01
584,Reshma Sharma,10680649198998,Indian Bank,IDIB1621,0,2023-11-06
585,Gokul Das,60401055374629,HDFC Bank,HDFC9719,0,2021-01-01
586,Lakshmi Nair,36158867779177,State Bank of India,SBIN2862,0,2021-04-17
587,Rahul Das,08098725870210,State Bank of India,SBIN9940,0,2022-10-08
588,Arun Raj,44342880238375,Bank of Baroda,BARB3779,0,2022-10-22
589,Gokul Nair,35486615650478,Kotak Mahindra Bank,KKBK1264,0,2020-04-12
590,Arun Rao,37024657653012,Indian Bank,IDIB9097,0,2025-04-25
591,Neha Kumar,33468588869577,Punjab National Bank,PUNB3370,0,2025-05-01
592,Bala Sharma,24093507114691,Axis Bank,UTIB6664,0,2024-10-07
593,Divya Nair,16447765995364,HDFC Bank,HDFC8767,0,2024-02-29
594,Reshma Kumar,51019081236001,Canara Bank,CNRB4573,0,2023-02-05
595,Lakshmi Singh,68677145337724,Union Bank,UBIN8633,0,2022-12-27
596,Vignesh Nair,38434959922643,Kotak Mahindra Bank,KKBK6825,0,2024-07-16
597,Rahul Raj,52469023859538,Union Bank,UBIN4707,0,2022-09-04
598,Gokul Raj,76229671474984,Bank of Baroda,BARB7743,0,2020-07-24
599,Arun Das,16728451022952,HDFC Bank,HDFC2925,0,2025-05-16
600,Rahul Das,42895456063459,Kotak Mahindra Bank,KKBK3157,0,2024-07-14
601,Nisha Iyer,68482976727056,Punjab National Bank,PUNB2006,0,2025-02-02
602,Arun Kumar,69404855837472,Canara Bank,CNRB8546,0,2024-03-21
603,Reshma Patel,48789434183624,Punjab National Bank,PUNB3696,0,2023-05-01
604,Anjali Menon,52003680690462,ICICI Bank,ICIC1797,0,2022-09-04
605,Deepa Patel,39449810353284,Punjab National Bank,PUNB7241,0,2024-10-04
606,Anita Rao,82681295592246,Union Bank,UBIN1386,0,2024-05-15
607,Sathish Kumar,52584190334741,Canara Bank,CNRB6896,0,2025-03-12
608,Deepa Sharma,67430182911376,HDFC Bank,HDFC6058,0,2021-04-28
609,Nisha Iyer,65909151342906,Axis Bank,UTIB8047,0,2022-04-18
610,Harish Das,08022468070457,Punjab National Bank,PUNB8863,0,2020-12-02
611,Nisha Iyer,23938746416824,Canara Bank,CNRB4500,0,2023-05-09
612,Lakshmi Raj,00220365846699,ICICI Bank,ICIC6407,0,2020-01-26
613,Deepa Kumar,71175350827426,Punjab National Bank,PUNB8107,0,2023-08-27
614,Karthik Kumar,22084606823147,State Bank of India,SBIN2650,0,2022-11-07
615,Rahul Patel,64551549493982,Union Bank,UBIN8860,0,2022-10-24
616,Sathish Das,00804641883045,Canara Bank,CNRB3622,1,2022-10-01
617,Gokul Kumar,91060599944152,Union Bank,UBIN2324,0,2023-08-06
618,Suresh Das,82015454920677,ICICI Bank,ICIC7787,0,2020-04-19
619,Divya Rao,13917506755241,ICICI Bank,ICIC4350,0,2022-08-11
620,Anita Iyer,94627238260396,HDFC Bank,HDFC1495,0,2021-12-09
621,Harish Kumar,54749454945892,Axis Bank,UTIB5250,0,2020-10-27
622,Nisha Sharma,79623137099080,Union Bank,UBIN3677,0,2023-01-23
623,Priya Singh,75164121047039,Bank of Baroda,BARB4734,0,2020-03-10
624,Rahul Kumar,26597687438121,Punjab National Bank,PUNB6479,0,2024-11-15
625,Reshma Nair,77127176677716,HDFC Bank,HDFC2972,0,2022-01-10
626,Anjali Singh,39341746782291,Bank of Baroda,BARB7645,0,2024-02-02
627,Divya Das,82729117960707,State Bank of India,SBIN6562,0,2021-06-22
628,Nisha Iyer,65620810799702,Indian Bank,IDIB5232,0,2020-10-31
629,Bala Patel,67642340725684,Canara Bank,CNRB4347,0,2021-10-17
630,Karthik Das,36304607373761,Union Bank,UBIN3864,0,2024-12-04
631,Neha Sharma,04117586980286,State Bank of India,SBIN1900,0,2021-07-12
632,Rahul Raj,35785992163979,ICICI Bank,ICIC1955,0,2024-03-04
633,Priya Rao,25452201914932,State Bank of India,SBIN9610,0,2021-11-04
634,Reshma Raj,62547388128982,Indian Bank,IDIB3689,1,2024-01-19
635,Kiran Kumar,72064338527487,Punjab National Bank,PUNB1115,0,2023-10-14
636,Sneha Patel,50234723559939,HDFC Bank,HDFC9148,0,2020-03-01
637,Gokul Singh,72029992331320,Kotak Mahindra Bank,KKBK9837,0,2025-03-28
638,Anita Nair,86709151301501,Indian Bank,IDIB2393,0,2025-02-19
639,Rahul Sharma,38218650546605,Axis Bank,UTIB1555,0,2022-04-10
640,Lakshmi Patel,88332157076174,Union Bank,UBIN5293,0,2022-06-23
641,Kiran Rao,50011201787204,Canara Bank,CNRB2311,0,2023-07-02
642,Lakshmi Raj,26433579275065,Axis Bank,UTIB4293,0,2025-03-24
643,Neha Patel,86539058366475,Axis Bank,UTIB6028,0,2023-10-15
644,Divya Sharma,26764110930874,Indian Bank,IDIB2632,0,2025-05-26
645,Kiran Singh,75890892087053,Indian Bank,IDIB5332,0,2024-09-01
646,Anita Patel,29858777752211,Bank of Baroda,BARB9581,0,2021-01-10
647,Anjali Menon,46224387649375,ICICI Bank,ICIC8060,0,2025-02-23
648,Arun Rao,48730643281955,Indian Bank,IDIB9731,0,2023-12-17
649,Lakshmi Patel,25561781843958,Bank of Baroda,BARB7070,0,2021-08-19
650,Suresh Das,75332942797548,State Bank of India,SBIN2647,0,2024-09-21
651,Reshma Rao,83199167367450,Canara Bank,CNRB3369,0,2024-04-29
652,Lakshmi Iyer,54653525747583,Punjab National Bank,PUNB9849,0,2022-02-06
653,Reshma Sharma,76939701676071,HDFC Bank,HDFC6513,0,2023-04-20
654,Bala Sharma,28676365744368,Indian Bank,IDIB6103,0,2024-06-21
655,Deepa Das,16678279784925,Union Bank,UBIN1966,0,2022-01-08
656,Karthik Sharma,20359208128259,Axis Bank,UTIB9836,0,2023-05-05
657,Neha Das,91681595189996,Kotak Mahindra Bank,KKBK3866,0,2022-09-06
658,Reshma Menon,38950537759446,State Bank of India,SBIN8082,0,2022-11-28
659,Gokul Raj,77336513245250,Union Bank,UBIN6491,0,2020-10-16
660,Gokul Iyer,39188300599271,ICICI Bank,ICIC7139,0,2025-01-25
661,Harish Kumar,17410424516148,Punjab National Bank,PUNB7340,0,2024-12-27
662,Nisha Sharma,22170029093289,Canara Bank,CNRB9467,0,2021-04-23
663,Anita Sharma,30054132576707,Bank of Baroda,BARB1056,0,2020-08-20
664,Arun Das,03142879580525,Canara Bank,CNRB6567,0,2020-08-14
665,Gokul Das,22755445009249,Bank of Baroda,BARB1880,0,2020-05-20
666,Neha Singh,73904952338613,Punjab National Bank,PUNB2771,0,2020-04-22
667,Bala Menon,41768749219160,Axis Bank,UTIB7501,0,2024-11-14
668,Harish Nair,77642308183825,Kotak Mahindra Bank,KKBK1611,0,2022-05-04
669,Anjali Menon,90993343095828,Indian Bank,IDIB2822,0,2023-06-09
670,Gokul Iyer,98186956173033,ICICI Bank,ICIC5174,0,2020-10-26
671,Arun Iyer,89407403751512,Indian Bank,IDIB8720,0,2020-07-01
672,Rahul Singh,64321333228164,State Bank of India,SBIN2523,0,2024-12-30
673,Kiran Iyer,62069581384728,Axis Bank,UTIB7722,0,2024-08-02
674,Vignesh Singh,59726894833624,Axis Bank,UTIB6973,0,2024-05-12
675,Gokul Raj,75035541562400,ICICI Bank,ICIC1594,0,2021-09-04
676,Nisha Raj,76765022809622,HDFC Bank,HDFC9409,0,2025-04-30
677,Neha Singh,99017777645664,ICICI Bank,ICIC4817,0,2023-09-23
678,Anjali Menon,51362284754536,Indian Bank,IDIB8660,0,2024-03-15
679,Neha Nair,46723011552225,ICICI Bank,ICIC7461,0,2023-01-08
680,Nisha Nair,94537337704227,Kotak Mahindra Bank,KKBK6757,0,2024-09-06
681,Gokul Raj,68774728175149,ICICI Bank,ICIC7304,0,2022-01-18
682,Suresh Menon,43350152584070,Kotak Mahindra Bank,KKBK3809,0,2023-12-25
683,Rahul Raj,49391059156156,ICICI Bank,ICIC1746,0,2020-11-30
684,Bala Singh,71902738863117,Canara Bank,CNRB1137,0,2022-03-20
685,Deepa Singh,42368671993229,Union Bank,UBIN6772,0,2022-01-04
686,Gokul Rao,42594151415126,Punjab National Bank,PUNB6129,0,2024-12-31
687,Rahul Kumar,66561214197088,Bank of Baroda,BARB5951,0,2021-10-17
688,Sneha Nair,32217510448499,State Bank of India,SBIN3860,0,2020-04-26
689,Vignesh Sharma,19017127445377,Punjab National Bank,PUNB8665,0,2023-09-27
690,Bala Sharma,77731769022063,Axis Bank,UTIB5875,0,2021-03-21
691,Rahul Rao,98242126455583,Bank of Baroda,BARB1138,0,2023-09-20
692,Anita Rao,58317672542341,ICICI Bank,ICIC4561,0,2022-01-15
693,Rahul Raj,36548579876702,Kotak Mahindra Bank,KKBK4103,0,2022-05-24
694,Reshma Kumar,86299316996400,Canara Bank,CNRB8318,0,2023-04-08
695,Harish Iyer,03213663963786,Canara Bank,CNRB8341,0,2020-12-06
696,Lakshmi Raj,92131950808967,Canara Bank,CNRB9889,0,2023-10-18
697,Priya Das,66886285828563,HDFC Bank,HDFC2887,0,2024-02-05
698,Harish Iyer,53075300373736,Axis Bank,UTIB3587,0,2023-08-31
699,Karthik Nair,46125881627841,Union Bank,UBIN4456,0,2022-09-22
700,Reshma Patel,85261904956767,State Bank of India,SBIN4740,0,2023-10-21
701,Suresh Raj,52966469339659,Punjab National Bank,PUNB3806,0,2021-09-19
702,Lakshmi Das,82050347498246,Punjab National Bank,PUNB5942,0,2022-04-19
703,Bala Das,48520445164586,Kotak Mahindra Bank,KKBK4323,0,2020-02-16
704,Sathish Iyer,95799404883376,Indian Bank,IDIB1032,0,2022-09-10
705,Divya Rao,48062895628438,Bank of Baroda,BARB4139,0,2024-09-01
706,Harish Patel,87451188681756,Union Bank,UBIN3617,0,2024-07-06
707,Sneha Sharma,08209231811036,Axis Bank,UTIB7590,0,2020-11-07
708,Deepa Singh,72860794350079,Axis Bank,UTIB9343,0,2024-03-06
709,Gokul Das,64714194453600,ICICI Bank,ICIC5409,0,2022-05-14
710,Anita Das,20019652620974,ICICI Bank,ICIC4864,0,2024-02-15
711,Lakshmi Iyer,69833561741871,Indian Bank,IDIB3124,0,2024-12-17
712,Reshma Menon,99475897829259,HDFC Bank,HDFC4097,0,2023-12-05
713,Arun Singh,60838619863513,Canara Bank,CNRB6259,0,2025-05-26
714,Bala Das,04786247564332,Bank of Baroda,BARB5122,0,2025-03-23
715,Lakshmi Menon,94720779937095,Axis Bank,UTIB8181,0,2021-05-28
716,Bala Raj,45331037865414,Punjab National Bank,PUNB1388,0,2023-09-06
717,Neha Sharma,27591258685904,Kotak Mahindra Bank,KKBK2587,0,2020-05-01
718,Sneha Patel,56356648956799,Union Bank,UBIN7767,0,2021-09-12
719,Anita Patel,90849450843367,Bank of Baroda,BARB6707,0,2020-04-24
720,Nisha Sharma,49618878215621,Canara Bank,CNRB3619,0,2024-02-15
721,Rahul Iyer,59478621138810,HDFC Bank,HDFC8379,0,2024-01-21
722,Sathish Kumar,47646480417344,Bank of Baroda,BARB4666,0,2020-05-04
723,Sathish Sharma,18657819340417,HDFC Bank,HDFC7021,0,2023-02-10
724,Deepa Patel,59749388903112,Union Bank,UBIN4927,0,2021-05-20
725,Lakshmi Iyer,22462037451883,State Bank of India,SBIN1185,0,2025-05-05
726,Anjali Rao,80447743277988,Canara Bank,CNRB7117,0,2021-06-04
727,Kiran Kumar,09547114743408,Union Bank,UBIN5073,0,2022-01-11
728,Arun Singh,48452162555255,Union Bank,UBIN2369,0,2025-02-21
729,Karthik Kumar,15703923895896,Bank of Baroda,BARB4288,0,2024-12-12
730,Sathish Das,25828784400403,ICICI Bank,ICIC9003,0,2020-10-13
731,Deepa Raj,29885287092557,Canara Bank,CNRB4344,0,2025-06-09
732,Deepa Nair,18671281604840,Axis Bank,UTIB7959,0,2024-05-13
733,Anita Das,71901196886713,State Bank of India,SBIN8990,0,2023-03-18
734,Priya Das,02318725345328,Bank of Baroda,BARB8995,0,2024-06-19
735,Neha Raj,14075032419294,Indian Bank,IDIB2632,0,2023-06-25
736,Harish Rao,30516617056194,ICICI Bank,ICIC2828,0,2020-09-10
737,Bala Sharma,76779411285895,State Bank of India,SBIN9078,0,2023-03-12
738,Rahul Menon,79679389111119,Indian Bank,IDIB3528,0,2022-12-24
739,Harish Das,54496444738367,Canara Bank,CNRB4243,0,2024-08-31
740,Harish Iyer,94198177485859,Union Bank,UBIN6128,0,2022-04-07
741,Priya Nair,57283900176401,Indian Bank,IDIB9565,0,2021-12-14
742,Rahul Das,16103966930813,Canara Bank,CNRB4941,0,2021-01-11
743,Divya Kumar,10927141024668,Punjab National Bank,PUNB6122,0,2023-11-19
744,Anita Nair,72124059261887,ICICI Bank,ICIC5025,0,2020-02-13
745,Sathish Sharma,55386810401224,Kotak Mahindra Bank,KKBK5046,0,2023-10-03
746,Neha Rao,18474230104525,Punjab National Bank,PUNB5114,0,2022-09-14
747,Anjali Kumar,76071481023931,Union Bank,UBIN4381,0,2020-01-02
748,Neha Rao,11881296598831,Bank of Baroda,BARB5995,0,2024-09-21
749,Divya Singh,32047167273973,Union Bank,UBIN3043,0,2022-03-19
750,Bala Sharma,39288323765413,Punjab National Bank,PUNB6829,0,2025-06-03
751,Priya Das,96152766039923,Punjab National Bank,PUNB6340,0,2023-03-05
752,Priya Kumar,67892069421043,ICICI Bank,ICIC8248,0,2020-02-29
753,Suresh Menon,93174946704335,Indian Bank,IDIB5744,0,2024-08-19
754,Bala Rao,79912576896807,Axis Bank,UTIB5395,0,2023-04-01
755,Kiran Raj,70343048705108,Axis Bank,UTIB5901,0,2025-03-25
756,Sneha Sharma,04126183385053,Bank of Baroda,BARB1979,0,2021-08-08
757,Rahul Nair,29049142291056,HDFC Bank,HDFC3094,0,2024-11-18
758,Vignesh Menon,11492218499447,Kotak Mahindra Bank,KKBK9357,0,2024-12-15
759,Divya Raj,39137819176649,Axis Bank,UTIB8109,0,2022-02-27
760,Bala Singh,27292282366377,Axis Bank,UTIB4961,0,2022-01-19
761,Gokul Rao,98669100803730,Union Bank,UBIN6884,0,2020-12-27
762,Karthik Menon,12972412928617,State Bank of India,SBIN5443,0,2025-05-22
763,Anita Raj,84257689752392,Indian Bank,IDIB2983,0,2020-12-29
764,Sathish Das,42833446210108,Punjab National Bank,PUNB9657,0,2022-05-03
765,Kiran Rao,22713422534275,State Bank of India,SBIN1932,0,2025-02-05
766,Reshma Rao,28513394695143,Indian Bank,IDIB9561,0,2020-08-05
767,Deepa Menon,16278918513119,Kotak Mahindra Bank,KKBK3699,0,2020-05-14
768,Suresh Patel,34065788619461,HDFC Bank,HDFC6821,0,2024-08-24
769,Rahul Raj,17492387303966,ICICI Bank,ICIC3373,0,2022-11-03
770,Vignesh Sharma,52420659598633,Bank of Baroda,BARB8419,0,2025-01-11
771,Deepa Singh,33501110673361,Axis Bank,UTIB6188,0,2021-07-25
772,Neha Nair,63556645770730,State Bank of India,SBIN1466,0,2020-05-11
773,Deepa Iyer,72374336567696,Union Bank,UBIN4855,0,2023-02-28
774,Vignesh Patel,65446603378169,State Bank of India,SBIN6813,0,2024-11-03
775,Anjali Iyer,40210829307445,Indian Bank,IDIB4560,0,2025-01-21
776,Suresh Menon,06227839270481,ICICI Bank,ICIC7728,0,2023-08-14
777,Bala Singh,61128539152849,Union Bank,UBIN4576,0,2021-07-24
778,Suresh Iyer,39974702564083,HDFC Bank,HDFC4742,0,2024-10-02
779,Divya Kumar,50179937993962,Indian Bank,IDIB6336,0,2021-12-03
780,Gokul Menon,19838420709505,Union Bank,UBIN4922,0,2021-08-02
781,Harish Menon,54078220900667,Indian Bank,IDIB4739,0,2022-01-03
782,Vignesh Menon,03063192383383,Axis Bank,UTIB2285,0,2021-03-20
783,Deepa Raj,72330749462500,Axis Bank,UTIB7039,0,2025-05-25
784,Suresh Kumar,56149062215964,Kotak Mahindra Bank,KKBK7350,0,2020-05-09
785,Kiran Iyer,07279501432950,Punjab National Bank,PUNB2594,0,2022-05-08
786,Nisha Rao,56350593545678,Canara Bank,CNRB6297,0,2024-06-22
787,Neha Rao,15967347499001,Indian Bank,IDIB8699,0,2022-02-26
788,Neha Rao,66044735054750,Punjab National Bank,PUNB3225,0,2025-01-18
789,Anjali Das,08608113887593,Kotak Mahindra Bank,KKBK9248,0,2025-03-31
790,Arun Iyer,69847348483227,Canara Bank,CNRB1963,0,2020-04-04
791,Sathish Singh,18351097779648,ICICI Bank,ICIC7777,0,2021-09-24
792,Bala Rao,26709461167588,Bank of Baroda,BARB6156,0,2022-01-29
793,Suresh Menon,88421307966467,Punjab National Bank,PUNB2845,0,2024-02-18
794,Karthik Kumar,71211202480042,Canara Bank,CNRB3083,0,2022-02-19
795,Suresh Kumar,68025754846293,Union Bank,UBIN4225,1,2025-06-22
796,Bala Singh,06377114801797,Canara Bank,CNRB9268,0,2021-06-04
797,Sneha Rao,24059294717272,Kotak Mahindra Bank,KKBK9591,0,2022-08-11
798,Divya Das,55310836925195,Union Bank,UBIN8873,0,2023-09-08
799,Anjali Singh,27621639738191,Kotak Mahindra Bank,KKBK5864,0,2022-09-21
800,Vignesh Iyer,30703021996575,Punjab National Bank,PUNB5887,0,2021-06-22
801,Bala Sharma,65087427401348,HDFC Bank,HDFC4141,0,2024-05-04
802,Bala Kumar,29999899967516,Punjab National Bank,PUNB4640,0,2023-05-27
803,Lakshmi Raj,85066864837735,HDFC Bank,HDFC8001,0,2024-09-11
804,Gokul Iyer,68993379577500,Axis Bank,UTIB6614,0,2022-02-04
805,Suresh Raj,86601641291066,Bank of Baroda,BARB8962,0,2024-01-17
806,Karthik Raj,80117883156612,Union Bank,UBIN5792,0,2020-11-26
807,Rahul Iyer,09796929525254,Axis Bank,UTIB2872,0,2021-11-22
808,Sathish Rao,03234363919967,ICICI Bank,ICIC7599,0,2022-04-26
809,Harish Raj,25434859017035,Union Bank,UBIN7919,0,2021-07-23
810,Gokul Sharma,52537685895330,Union Bank,UBIN1423,0,2023-04-24
811,Vignesh Patel,33729152964972,Indian Bank,IDIB2907,0,2022-09-12
812,Deepa Rao,08192601929110,Bank of Baroda,BARB6569,0,2022-04-18
813,Deepa Patel,31114148723938,Axis Bank,UTIB4078,0,2020-12-04
814,Deepa Menon,67129606194795,Kotak Mahindra Bank,KKBK6688,0,2021-11-18
815,Karthik Nair,53628751443163,Axis Bank,UTIB2032,0,2023-01-15
816,Karthik Nair,98771061442251,Indian Bank,IDIB8647,1,2023-08-18
817,Rahul Das,35489658295684,Indian Bank,IDIB4572,0,2024-02-23
818,Gokul Menon,23237486559706,Axis Bank,UTIB6563,1,2022-09-21
819,Sneha Menon,43907832592499,Bank of Baroda,BARB5404,0,2020-02-28
820,Vignesh Menon,18757934519223,ICICI Bank,ICIC1908,0,2024-08-12
821,Harish Patel,73813577495290,Punjab National Bank,PUNB6601,0,2023-05-27
822,Gokul Nair,00250489892242,Axis Bank,UTIB9929,0,2020-07-29
823,Reshma Menon,39321971568619,Axis Bank,UTIB3970,0,2023-08-12
824,Arun Rao,03919439931137,ICICI Bank,ICIC3990,0,2024-11-09
825,Vignesh Patel,43020123743101,Canara Bank,CNRB5146,0,2023-03-11
826,Anita Raj,07053251987029,Union Bank,UBIN3262,0,2023-02-18
827,Vignesh Rao,80245382604859,HDFC Bank,HDFC8273,0,2021-07-24
828,Karthik Menon,54955112282763,HDFC Bank,HDFC9508,0,2020-08-18
829,Vignesh Patel,16953993724684,Axis Bank,UTIB7235,0,2024-02-11
830,Nisha Singh,52493091850884,HDFC Bank,HDFC7225,0,2024-02-19
831,Divya Das,11015300868653,ICICI Bank,ICIC3432,0,2023-04-07
832,Neha Sharma,65439938431574,Union Bank,UBIN7959,0,2021-11-19
833,Deepa Sharma,14971178169809,Kotak Mahindra Bank,KKBK7664,0,2020-12-28
834,Neha Patel,07302244776475,Punjab National Bank,PUNB8950,0,2025-05-22
835,Anjali Sharma,07821236663993,Kotak Mahindra Bank,KKBK1839,0,2022-11-11
836,Suresh Nair,18545038748695,Canara Bank,CNRB5682,0,2021-07-24
837,Anjali Menon,97369107884163,Axis Bank,UTIB9751,0,2021-09-23
838,Neha Sharma,81398946231622,Union Bank,UBIN5099,0,2023-03-18
839,Kiran Singh,43114907770367,Punjab National Bank,PUNB4578,0,2024-08-15
840,Gokul Singh,24742837958356,Union Bank,UBIN5905,0,2024-06-18
841,Karthik Iyer,04538631156268,Axis Bank,UTIB4543,0,2024-09-19
842,Suresh Das,42070118515937,Punjab National Bank,PUNB5141,0,2022-05-17
843,Bala Iyer,66143050305450,Punjab National Bank,PUNB7015,0,2023-02-25
844,Rahul Sharma,32813603988091,Union Bank,UBIN6864,0,2023-11-18
845,Harish Rao,39056778035169,State Bank of India,SBIN5136,0,2020-04-23
846,Deepa Raj,31955866865989,Kotak Mahindra Bank,KKBK8357,0,2023-07-29
847,Divya Iyer,17096085943413,Bank of Baroda,BARB7286,0,2023-01-01
848,Lakshmi Singh,61037151988682,Axis Bank,UTIB5936,0,2023-02-23
849,Sneha Patel,66791288478979,Punjab National Bank,PUNB5641,0,2021-08-26
850,Priya Das,21739960732198,State Bank of India,SBIN6268,0,2023-08-30
851,Vignesh Rao,23800812447215,Indian Bank,IDIB3063,0,2020-03-10
852,Neha Iyer,01309812952928,Axis Bank,UTIB4553,0,2022-07-08
853,Deepa Rao,53791233302179,Punjab National Bank,PUNB8280,1,2022-05-07
854,Divya Iyer,28057386376124,ICICI Bank,ICIC2665,0,2021-07-26
855,Harish Sharma,73491829137629,Canara Bank,CNRB7602,0,2022-09-03
856,Anita Menon,43941708727153,Axis Bank,UTIB9166,0,2021-05-31
857,Priya Singh,16461305310643,ICICI Bank,ICIC4263,0,2020-05-22
858,Kiran Singh,24809316136524,Canara Bank,CNRB1822,0,2024-09-17
859,Reshma Nair,22765360341291,ICICI Bank,ICIC7911,0,2022-05-17
860,Sneha Iyer,50162268408769,Kotak Mahindra Bank,KKBK8806,0,2024-04-25
861,Anjali Menon,86822267186371,Indian Bank,IDIB2336,0,2022-08-02
862,Rahul Menon,85675564087486,Axis Bank,UTIB6016,0,2023-11-28
863,Divya Rao,23589805820018,Union Bank,UBIN3009,0,2023-12-13
864,Neha Patel,58238696490342,Union Bank,UBIN3066,0,2024-04-03
865,Neha Sharma,66376166758305,Union Bank,UBIN5955,0,2025-05-29
866,Vignesh Menon,61798721612985,State Bank of India,SBIN6605,0,2020-11-03
867,Deepa Sharma,48990214328094,Bank of Baroda,BARB1030,0,2020-08-02
868,Vignesh Das,66493550600422,Canara Bank,CNRB4179,0,2022-01-19
869,Lakshmi Kumar,57685351791428,HDFC Bank,HDFC8240,0,2024-05-19
870,Divya Sharma,19086057897687,State Bank of India,SBIN4037,0,2023-07-15
871,Karthik Menon,45418108782191,Punjab National Bank,PUNB2653,0,2024-02-26
872,Suresh Raj,54904167986575,Kotak Mahindra Bank,KKBK9298,0,2025-01-12
873,Suresh Singh,04722857338544,Canara Bank,CNRB8085,0,2025-01-23
874,Deepa Nair,54362325687794,ICICI Bank,ICIC3535,0,2022-07-11
875,Rahul Rao,19409541998101,Axis Bank,UTIB3185,0,2024-02-03
876,Neha Rao,79775638943671,ICICI Bank,ICIC4601,0,2022-05-07
877,Karthik Menon,37394133477929,Punjab National Bank,PUNB9579,0,2024-10-06
878,Bala Raj,46364646528353,Axis Bank,UTIB8558,0,2022-02-18
879,Bala Singh,76090806189781,HDFC Bank,HDFC4784,0,2024-10-16
880,Gokul Iyer,28374610556559,Bank of Baroda,BARB9930,0,2022-02-19
881,Kiran Raj,25583345276182,Kotak Mahindra Bank,KKBK2562,0,2022-05-18
882,Lakshmi Rao,43707299343859,Axis Bank,UTIB7449,0,2021-11-24
883,Suresh Raj,26621692468804,ICICI Bank,ICIC5313,0,2024-05-23
884,Lakshmi Das,84055328821133,Kotak Mahindra Bank,KKBK8232,0,2020-12-23
885,Arun Das,73611442294537,Canara Bank,CNRB1854,0,2020-05-13
886,Deepa Raj,24879752006922,State Bank of India,SBIN5424,0,2020-06-22
887,Harish Raj,01934481684150,Bank of Baroda,BARB5902,0,2023-02-12
888,Karthik Raj,87872998750684,ICICI Bank,ICIC6398,0,2020-01-19
889,Arun Das,40379097739557,Punjab National Bank,PUNB6799,0,2022-04-06
890,Harish Kumar,31173894233544,HDFC Bank,HDFC9674,0,2020-08-05
891,Sathish Raj,45052043608533,Kotak Mahindra Bank,KKBK4789,0,2020-12-29
892,Rahul Raj,80010068739471,Punjab National Bank,PUNB8626,0,2024-09-18
893,Reshma Sharma,04023225569612,Bank of Baroda,BARB9841,0,2021-06-17
894,Vignesh Raj,97998406636737,HDFC Bank,HDFC8746,0,2021-08-06
895,Kiran Kumar,76242622434365,Canara Bank,CNRB9758,0,2021-05-03
896,Nisha Rao,72644934614502,HDFC Bank,HDFC9119,0,2020-06-07
897,Kiran Sharma,68067208742423,State Bank of India,SBIN1124,0,2025-01-17
898,Deepa Menon,98342984830467,Canara Bank,CNRB9135,0,2021-05-17
899,Arun Das,82352114368486,State Bank of India,SBIN9210,0,2021-10-22
900,Harish Kumar,01013183061091,HDFC Bank,HDFC4661,0,2020-11-24
901,Vignesh Sharma,45911476101827,Canara Bank,CNRB9840,0,2024-03-21
902,Gokul Das,71054107963230,Punjab National Bank,PUNB9806,0,2024-11-26
903,Neha Patel,17254868280151,Axis Bank,UTIB6152,0,2021-03-14
904,Deepa Sharma,98927957572913,Union Bank,UBIN9451,0,2023-10-27
905,Sneha Menon,46352299109032,Indian Bank,IDIB8148,0,2023-11-07
906,Nisha Iyer,59073113752012,ICICI Bank,ICIC7244,0,2025-03-28
907,Neha Iyer,58937509511511,Union Bank,UBIN9702,0,2020-06-07
908,Bala Iyer,02748805906046,Axis Bank,UTIB8891,0,2025-06-17
909,Karthik Iyer,35133464707663,Kotak Mahindra Bank,KKBK6673,0,2021-11-01
910,Rahul Nair,98626753212670,Canara Bank,CNRB2762,0,2022-01-10
911,Divya Rao,71004809647998,Canara Bank,CNRB2251,0,2022-12-18
912,Priya Kumar,36619758834669,Canara Bank,CNRB5352,0,2023-05-01
913,Karthik Raj,63809682650761,Axis Bank,UTIB1102,0,2024-09-04
914,Kiran Das,65933727201689,HDFC Bank,HDFC1171,0,2022-04-27
915,Divya Nair,82737565184397,Kotak Mahindra Bank,KKBK1176,0,2021-08-03
916,Arun Sharma,18133863611919,HDFC Bank,HDFC9635,0,2021-10-28
917,Lakshmi Kumar,68710234890813,State Bank of India,SBIN3318,0,2022-10-24
918,Kiran Das,04552179087464,Kotak Mahindra Bank,KKBK1023,0,2023-04-18
919,Deepa Sharma,40057963796281,Kotak Mahindra Bank,KKBK6682,0,2025-02-12
920,Anita Nair,94554021776429,Union Bank,UBIN2257,0,2025-01-18
921,Harish Patel,09027460064202,Union Bank,UBIN6474,0,2022-10-12
922,Neha Raj,01192718194701,Union Bank,UBIN6267,0,2024-11-13
923,Priya Menon,29913151644177,Punjab National Bank,PUNB7636,0,2025-01-05
924,Nisha Iyer,43324935242588,ICICI Bank,ICIC8854,0,2024-06-23
925,Deepa Singh,32430217063559,ICICI Bank,ICIC6473,0,2023-08-07
926,Kiran Sharma,63193686571145,HDFC Bank,HDFC6817,0,2020-10-23
927,Neha Nair,54862546178606,State Bank of India,SBIN1663,1,2024-02-08
928,Gokul Rao,66031183740198,HDFC Bank,HDFC4994,0,2024-04-28
929,Harish Nair,49846407917691,State Bank of India,SBIN3400,0,2022-08-18
930,Sneha Sharma,50639384022189,State Bank of India,SBIN1046,0,2022-06-05
931,Neha Iyer,66374331273509,Union Bank,UBIN2209,0,2021-09-27
932,Arun Nair,92605969156412,Punjab National Bank,PUNB4295,0,2023-01-29
933,Sneha Das,23899670590466,Indian Bank,IDIB4180,0,2020-10-19
934,Reshma Kumar,40076104183074,State Bank of India,SBIN5960,0,2025-04-07
935,Arun Sharma,85732085400718,Axis Bank,UTIB7460,0,2023-07-18
936,Reshma Iyer,85305955570757,Axis Bank,UTIB5445,0,2025-03-12
937,Sneha Das,62365474384133,State Bank of India,SBIN5540,0,2024-05-10
938,Nisha Raj,68468466119941,ICICI Bank,ICIC3907,0,2021-12-28
939,Divya Iyer,90387938718576,Bank of Baroda,BARB7944,0,2021-03-12
940,Sathish Kumar,65536831885957,Punjab National Bank,PUNB1760,0,2025-06-13
941,Bala Nair,04580019784829,HDFC Bank,HDFC7719,0,2023-10-22
942,Anjali Sharma,46223824321419,HDFC Bank,HDFC3247,0,2023-04-17
943,Anita Nair,33868281921740,Union Bank,UBIN1151,0,2024-12-09
944,Neha Iyer,15845242154747,State Bank of India,SBIN3413,0,2021-08-18
945,Sneha Nair,97452924733702,Bank of Baroda,BARB7428,0,2021-02-26
946,Priya Nair,26583987871291,State Bank of India,SBIN3327,0,2024-10-08
947,Kiran Kumar,70727196637710,ICICI Bank,ICIC1200,0,2024-11-09
948,Harish Rao,01451981549639,Indian Bank,IDIB7231,0,2025-06-18
949,Vignesh Iyer,40910003366001,Kotak Mahindra Bank,KKBK2584,0,2021-04-02
950,Anjali Nair,95450373685236,Punjab National Bank,PUNB7162,0,2025-01-29
951,Sathish Rao,57692158886875,Punjab National Bank,PUNB5697,0,2023-11-14
952,Karthik Sharma,45559960432539,Kotak Mahindra Bank,KKBK8388,0,2023-11-14
953,Vignesh Kumar,28490972486581,Axis Bank,UTIB4981,0,2022-06-17
954,Reshma Das,80813388639412,HDFC Bank,HDFC5049,0,2020-08-09
955,Nisha Iyer,52479560901021,State Bank of India,SBIN9257,0,2023-06-22
956,Priya Kumar,30670401268505,Axis Bank,UTIB6498,0,2024-08-26
957,Anjali Rao,46582030598746,HDFC Bank,HDFC4110,0,2024-02-06
958,Priya Patel,21574134870351,Kotak Mahindra Bank,KKBK9888,0,2020-01-13
959,Anita Raj,36510489506397,State Bank of India,SBIN3649,1,2023-01-07
960,Suresh Patel,78402261257136,HDFC Bank,HDFC8458,0,2024-07-30
961,Anjali Raj,00326714357651,ICICI Bank,ICIC8120,0,2022-10-04
962,Anita Menon,74069437750631,Kotak Mahindra Bank,KKBK5611,0,2023-05-03
963,Neha Sharma,03059716277439,ICICI Bank,ICIC8222,0,2024-11-30
964,Deepa Raj,39284355851010,ICICI Bank,ICIC4720,0,2022-10-03
965,Sathish Kumar,70693385001368,State Bank of India,SBIN8166,0,2024-02-15
966,Rahul Patel,44378736931089,Union Bank,UBIN4394,0,2024-07-18
967,Nisha Nair,58205126206146,ICICI Bank,ICIC2104,0,2024-09-20
968,Harish Iyer,53048480766777,Axis Bank,UTIB7593,0,2022-06-24
969,Lakshmi Nair,77542053150144,Punjab National Bank,PUNB1661,0,2020-02-20
970,Vignesh Iyer,81276485488245,Bank of Baroda,BARB3732,0,2022-07-01
971,Karthik Patel,01276759213157,Union Bank,UBIN9492,0,2020-11-26
972,Lakshmi Nair,73286310769848,Kotak Mahindra Bank,KKBK3248,0,2022-05-04
973,Rahul Nair,75409011965351,HDFC Bank,HDFC9332,0,2022-06-22
974,Reshma Nair,26279922172930,Kotak Mahindra Bank,KKBK3781,0,2021-12-21
975,Bala Singh,65658773230171,State Bank of India,SBIN3882,0,2021-02-15
976,Arun Menon,41610805809809,Punjab National Bank,PUNB9972,0,2021-08-11
977,Suresh Menon,50849926096349,HDFC Bank,HDFC1516,0,2023-07-15
978,Deepa Sharma,27227122863549,Bank of Baroda,BARB4803,0,2023-06-29
979,Kiran Menon,01455655414858,Axis Bank,UTIB8646,0,2022-05-14
980,Sathish Sharma,48679620681195,State Bank of India,SBIN2603,0,2020-12-10
981,Rahul Nair,89500141792880,Union Bank,UBIN2659,0,2024-11-23
982,Anita Rao,99963492501727,ICICI Bank,ICIC3949,0,2023-05-06
983,Lakshmi Das,23661075229178,HDFC Bank,HDFC3424,0,2021-12-22
984,Divya Iyer,69565764081299,Punjab National Bank,PUNB6152,0,2023-04-04
985,Anita Iyer,48674412884320,Indian Bank,IDIB4128,0,2025-01-14
986,Rahul Iyer,87956206050111,Axis Bank,UTIB4043,0,2024-11-28
987,Priya Rao,91800936519646,Canara Bank,CNRB9147,0,2022-03-14
988,Reshma Singh,65640508704327,Kotak Mahindra Bank,KKBK2463,0,2024-01-09
989,Arun Menon,45001547483025,Canara Bank,CNRB3264,0,2025-05-23
990,Arun Raj,55422557702385,Kotak Mahindra Bank,KKBK8734,0,2020-07-26
991,Vignesh Kumar,53441067212295,State Bank of India,SBIN6369,0,2024-09-17
992,Bala Raj,31480152347151,HDFC Bank,HDFC9409,0,2023-12-24
993,Reshma Patel,49126251391527,State Bank of India,SBIN8533,0,2021-04-13
994,Neha Kumar,05451656613201,Union Bank,UBIN3262,0,2021-03-23
995,Neha Kumar,72293533631717,Bank of Baroda,BARB3040,0,2022-02-16
996,Nisha Rao,58316996549268,Union Bank,UBIN9062,0,2024-12-21
997,Priya Kumar,47386603678520,Bank of Baroda,BARB2409,0,2023-08-04
998,Deepa Kumar,32705883020645,Kotak Mahindra Bank,KKBK7466,0,2024-05-22
999,Anita Raj,75324977236825,Canara Bank,CNRB5431,0,2024-12-01
1000,Vignesh Das,42848861246654,Indian Bank,IDIB4229,0,2022-05-12
1,Anjali Menon,94629640176863,State Bank of India,SBIN8590,0,2020-04-26
2,Nisha Das,75329952660622,Canara Bank,CNRB8495,0,2021-06-13
3,Divya Menon,57411674502526,Punjab National Bank,PUNB4324,0,2020-09-13
4,Nisha Menon,18875809152002,ICICI Bank,ICIC4782,0,2021-08-11
5,Karthik Sharma,13621438432239,State Bank of India,SBIN9089,0,2020-06-26
6,Vignesh Nair,20496104295818,Punjab National Bank,PUNB7629,0,2023-06-12
7,Rahul Rao,14814425708754,Punjab National Bank,PUNB7338,0,2020-02-03
8,Harish Sharma,43616215796542,Canara Bank,CNRB4725,0,2022-07-12
9,Lakshmi Rao,85559385102533,Union Bank,UBIN9226,0,2024-02-13
10,Sathish Kumar,25716773565627,Indian Bank,IDIB5662,0,2022-11-05
11,Gokul Sharma,93208317258972,Axis Bank,UTIB6328,1,2021-06-18
12,Arun Kumar,82639221752893,Kotak Mahindra Bank,KKBK5164,0,2023-10-03
13,Anjali Nair,11003645439430,Canara Bank,CNRB1197,0,2020-10-26
14,Anjali Rao,81035865720344,Union Bank,UBIN6591,0,2020-08-29
15,Nisha Das,94610529165849,Union Bank,UBIN1583,0,2023-06-25
16,Vignesh Rao,62566735802636,Indian Bank,IDIB6032,0,2024-03-28
17,Vignesh Menon,09427100159195,State Bank of India,SBIN9560,0,2022-01-11
18,Bala Kumar,77244117392418,ICICI Bank,ICIC5537,0,2021-11-11
19,Priya Raj,35872763371945,Union Bank,UBIN5563,0,2020-01-13
20,Nisha Nair,25913793443867,ICICI Bank,ICIC3067,0,2022-06-11
21,Gokul Patel,66268945364657,Bank of Baroda,BARB9384,0,2022-06-29
22,Vignesh Raj,84572732226574,State Bank of India,SBIN6949,0,2023-11-29
23,Deepa Iyer,02043130090792,Punjab National Bank,PUNB3631,0,2024-11-10
24,Vignesh Nair,94920680943409,Indian Bank,IDIB6864,0,2022-12-25
25,Kiran Das,69938873585011,ICICI Bank,ICIC8379,0,2021-03-28
26,Karthik Rao,99157454710848,Bank of Baroda,BARB7948,0,2024-07-21
27,Sneha Sharma,76725851633870,ICICI Bank,ICIC1217,0,2024-08-22
28,Sathish Patel,99343968173459,State Bank of India,SBIN9182,0,2022-07-15
29,Arun Sharma,35072541815424,Bank of Baroda,BARB9849,0,2024-07-28
30,Anita Rao,22955817191602,State Bank of India,SBIN1194,0,2020-01-22
31,Karthik Patel,55767464052528,ICICI Bank,ICIC1792,0,2022-03-16
32,Suresh Iyer,83810580019648,Kotak Mahindra Bank,KKBK1823,0,2020-08-03
33,Reshma Das,16818455050456,Union Bank,UBIN7249,0,2022-12-21
34,Anjali Kumar,02111262507527,State Bank of India,SBIN5657,0,2024-06-27
35,Nisha Raj,61897827003281,Kotak Mahindra Bank,KKBK5611,0,2021-09-19
36,Vignesh Patel,40368551240714,Bank of Baroda,BARB7665,0,2023-06-08
37,Divya Das,21819221590011,Kotak Mahindra Bank,KKBK6905,0,2021-07-28
38,Suresh Rao,11561413371998,State Bank of India,SBIN6329,0,2021-12-19
39,Priya Nair,46252015829890,Punjab National Bank,PUNB2203,0,2022-10-28
40,Rahul Sharma,57489803983794,Bank of Baroda,BARB7954,0,2020-04-01
41,Priya Kumar,52548266947794,Canara Bank,CNRB4101,0,2024-11-12
42,Nisha Sharma,16827436992697,Indian Bank,IDIB7245,0,2020-11-27
43,Anjali Iyer,90298963624205,Axis Bank,UTIB2783,0,2024-09-25
44,Divya Menon,98684837919583,HDFC Bank,HDFC3307,0,2022-08-30
45,Reshma Singh,79346911270561,ICICI Bank,ICIC9350,0,2024-05-05
46,Bala Kumar,36015172432048,Indian Bank,IDIB6904,0,2024-03-21
47,Harish Sharma,07517335655366,Axis Bank,UTIB7110,0,2025-04-26
48,Sathish Raj,50486936144296,Axis Bank,UTIB8486,0,2021-09-08
49,Gokul Singh,11260593419441,Kotak Mahindra Bank,KKBK2170,0,2023-05-10
50,Vignesh Raj,43430588762481,ICICI Bank,ICIC5604,0,2021-09-23
51,Bala Rao,96069428216514,HDFC Bank,HDFC8116,0,2024-06-17
52,Suresh Patel,75066115714926,HDFC Bank,HDFC6406,0,2020-09-21
53,Gokul Raj,99743386776619,Indian Bank,IDIB9728,0,2023-06-04
54,Priya Rao,16288830547830,ICICI Bank,ICIC8288,0,2021-05-22
55,Lakshmi Iyer,83873438807603,Kotak Mahindra Bank,KKBK5731,0,2023-09-05
56,Priya Iyer,60345727764424,Kotak Mahindra Bank,KKBK5405,0,2022-11-20
57,Sneha Kumar,92515102307873,ICICI Bank,ICIC2035,0,2022-12-08
58,Karthik Das,69158767204618,Punjab National Bank,PUNB4702,0,2021-06-14
59,Deepa Das,77457980752061,Canara Bank,CNRB3074,0,2024-12-12
60,Anita Menon,07101594729890,Axis Bank,UTIB4267,0,2023-07-23
61,Lakshmi Iyer,04252916842445,Kotak Mahindra Bank,KKBK5551,0,2021-01-10
62,Harish Raj,63252869897845,HDFC Bank,HDFC9711,0,2024-08-23
63,Gokul Iyer,33012168898901,Punjab National Bank,PUNB4086,0,2021-04-10
64,Anita Rao,14647437603204,Bank of Baroda,BARB9211,0,2021-10-09
65,Divya Iyer,27137611796826,Indian Bank,IDIB9076,0,2024-12-18
66,Karthik Das,24442348772555,ICICI Bank,ICIC8628,0,2025-02-13
67,Divya Patel,66748427247153,HDFC Bank,HDFC4384,0,2025-02-20
68,Divya Singh,17256343911805,Union Bank,UBIN1485,0,2022-03-27
69,Divya Nair,09413458812158,Punjab National Bank,PUNB4789,0,2024-09-26
70,Deepa Patel,49317164563687,Indian Bank,IDIB6575,0,2024-03-07
71,Anjali Sharma,78462579135622,Bank of Baroda,BARB5883,0,2022-03-09
72,Gokul Raj,03868494592886,State Bank of India,SBIN4926,0,2023-12-22
73,Arun Sharma,63196884048353,Canara Bank,CNRB3613,0,2022-08-21
74,Anita Das,18208165091691,Indian Bank,IDIB5045,0,2025-01-30
75,Reshma Rao,89599955615115,HDFC Bank,HDFC6405,0,2025-04-19
76,Divya Singh,81157393754512,Indian Bank,IDIB2744,0,2020-06-24
77,Suresh Iyer,68447378828505,Bank of Baroda,BARB2286,0,2023-03-12
78,Sathish Kumar,64773261157889,Indian Bank,IDIB3064,0,2023-01-19
79,Reshma Das,24742320154367,Bank of Baroda,BARB1301,0,2022-04-11
80,Suresh Iyer,32884879129981,Union Bank,UBIN4362,0,2020-01-13
81,Suresh Menon,54349007619671,Axis Bank,UTIB4919,0,2022-08-19
82,Harish Menon,56285438938726,Axis Bank,UTIB3290,0,2023-11-10
83,Sneha Kumar,22283181764616,Axis Bank,UTIB7887,0,2021-12-05
84,Reshma Das,25321669325995,Union Bank,UBIN7561,0,2020-12-30
85,Neha Nair,28231862500479,HDFC Bank,HDFC7921,0,2020-08-05
86,Deepa Das,80848344753099,State Bank of India,SBIN6661,0,2021-02-13
87,Suresh Nair,85025096731891,Axis Bank,UTIB4002,0,2022-09-24
88,Sneha Patel,72416445337784,Punjab National Bank,PUNB6972,0,2020-10-09
89,Karthik Singh,86191081923384,ICICI Bank,ICIC2661,0,2023-10-30
90,Anjali Rao,10352212865701,Kotak Mahindra Bank,KKBK3190,0,2023-06-04
91,Harish Singh,77011282929259,Canara Bank,CNRB7883,0,2021-07-05
92,Nisha Nair,81882625212523,Axis Bank,UTIB3191,0,2020-10-08
93,Anita Iyer,41904106926466,Canara Bank,CNRB1381,0,2024-05-11
94,Harish Singh,50791336261143,Kotak Mahindra Bank,KKBK8598,0,2023-08-29
95,Karthik Nair,02534822823463,Bank of Baroda,BARB5504,0,2022-11-09
96,Kiran Singh,13213082632777,Union Bank,UBIN5520,0,2023-12-10
97,Sneha Menon,42649590850694,Union Bank,UBIN5145,0,2023-08-30
98,Karthik Kumar,52575229281923,Axis Bank,UTIB4864,0,2021-02-17
99,Suresh Patel,90534049880235,Bank of Baroda,BARB5758,0,2021-10-03
100,Nisha Patel,83348304315912,Indian Bank,IDIB2378,0,2021-12-12
101,Lakshmi Raj,67524341961207,Canara Bank,CNRB6368,0,2023-11-17
102,Sathish Raj,57275926041988,Bank of Baroda,BARB8946,0,2021-04-29
103,Sneha Rao,44307889717555,Canara Bank,CNRB2296,0,2021-02-22
104,Lakshmi Rao,65801445494812,Canara Bank,CNRB8692,0,2023-06-28
105,Harish Iyer,96311659028018,Union Bank,UBIN1867,0,2020-07-30
106,Harish Menon,70586045641103,Bank of Baroda,BARB7919,0,2023-05-07
107,Karthik Iyer,69671073480155,Bank of Baroda,BARB3119,0,2025-03-29
108,Anjali Singh,33994248154117,HDFC Bank,HDFC3801,0,2020-07-03
109,Priya Sharma,64069413419946,Axis Bank,UTIB9647,0,2020-08-24
110,Reshma Singh,04357608050874,Union Bank,UBIN9249,0,2020-10-19
111,Sathish Kumar,81917928668578,Kotak Mahindra Bank,KKBK8969,0,2025-06-09
112,Anjali Sharma,84570891652562,Canara Bank,CNRB6159,0,2021-04-01
113,Sathish Kumar,40285161275995,Punjab National Bank,PUNB9644,0,2024-05-03
114,Karthik Patel,04932175316681,HDFC Bank,HDFC8057,0,2023-08-27
115,Deepa Das,85917137820830,State Bank of India,SBIN2177,0,2022-04-24
116,Arun Rao,28325354421601,Canara Bank,CNRB4682,0,2023-10-25
117,Anjali Singh,37474229048853,Bank of Baroda,BARB4850,0,2023-08-21
118,Deepa Das,60076770497962,Punjab National Bank,PUNB9493,0,2021-08-27
119,Vignesh Menon,31997826784109,Kotak Mahindra Bank,KKBK2699,0,2025-03-05
120,Karthik Das,51661737007086,Punjab National Bank,PUNB9710,0,2020-04-12
121,Rahul Raj,69872816953195,Canara Bank,CNRB8320,0,2023-10-02
122,Kiran Singh,31334634609165,Axis Bank,UTIB5866,0,2021-08-05
123,Sneha Patel,13321754330356,Axis Bank,UTIB9281,0,2025-06-14
124,Arun Singh,11555141592452,State Bank of India,SBIN5113,0,2023-02-03
125,Reshma Rao,65774092382790,State Bank of India,SBIN7304,0,2023-05-21
126,Deepa Rao,89723730067570,Indian Bank,IDIB2251,0,2022-04-29
127,Sneha Iyer,02851009943418,Punjab National Bank,PUNB5562,0,2025-01-23
128,Anita Singh,85230223035687,State Bank of India,SBIN7106,0,2022-01-04
129,Gokul Kumar,45780395980129,Kotak Mahindra Bank,KKBK4258,0,2025-02-17
130,Neha Singh,55421827820378,Bank of Baroda,BARB8273,0,2020-09-13
131,Karthik Rao,25610634519943,ICICI Bank,ICIC1708,0,2022-05-31
132,Priya Menon,50563975528863,State Bank of India,SBIN5499,0,2022-07-08
133,Sneha Raj,06801176700688,State Bank of India,SBIN2301,0,2025-03-05
134,Suresh Singh,68126953754787,HDFC Bank,HDFC8858,0,2023-11-26
135,Karthik Rao,35594227058189,Bank of Baroda,BARB9007,0,2024-12-19
136,Priya Sharma,40530703951865,Canara Bank,CNRB4403,0,2021-10-27
137,Sathish Das,88802782377301,Bank of Baroda,BARB9038,0,2020-07-18
138,Gokul Kumar,13674034000637,HDFC Bank,HDFC8335,0,2021-06-05
139,Neha Menon,00917656188725,Axis Bank,UTIB8329,0,2022-04-29
140,Vignesh Iyer,60906589735347,Kotak Mahindra Bank,KKBK5915,0,2022-08-06
141,Sathish Rao,73393913572395,Axis Bank,UTIB6971,0,2021-11-01
142,Rahul Iyer,53701837076982,Bank of Baroda,BARB8747,0,2021-03-19
143,Reshma Singh,74279024309658,Bank of Baroda,BARB2192,0,2025-03-23
144,Anita Kumar,91553578665091,Union Bank,UBIN2816,0,2022-01-13
145,Bala Singh,73886378688755,Axis Bank,UTIB3084,0,2022-06-05
146,Kiran Nair,66781570178274,Canara Bank,CNRB7413,0,2022-08-23
147,Sneha Rao,38554571429516,Union Bank,UBIN2625,0,2023-04-17
148,Nisha Rao,03324431934233,State Bank of India,SBIN8249,0,2022-10-07
149,Priya Patel,36249222319668,Union Bank,UBIN3372,0,2021-02-21
150,Nisha Kumar,42250959297358,Indian Bank,IDIB7242,0,2020-09-29
151,Lakshmi Sharma,23709187065862,State Bank of India,SBIN4820,0,2024-07-03
152,Lakshmi Sharma,58081056616252,ICICI Bank,ICIC9676,0,2020-03-25
153,Nisha Raj,39977826815828,Kotak Mahindra Bank,KKBK4453,0,2020-05-18
154,Nisha Rao,28660905140339,Indian Bank,IDIB5123,0,2024-10-05
155,Bala Raj,92791856511466,Bank of Baroda,BARB8617,0,2024-12-01
156,Sathish Menon,30262135811993,Union Bank,UBIN4421,0,2022-04-20
157,Sneha Kumar,48581215701884,HDFC Bank,HDFC3726,0,2024-03-14
158,Gokul Iyer,80664799365353,Indian Bank,IDIB3884,0,2020-10-15
159,Deepa Patel,97063638303243,Kotak Mahindra Bank,KKBK6958,0,2025-01-04
160,Reshma Das,08935352637723,Bank of Baroda,BARB2936,0,2021-05-02
161,Anjali Singh,88780033761108,Punjab National Bank,PUNB6563,0,2024-04-08
162,Suresh Das,13393447468326,State Bank of India,SBIN7021,0,2024-09-30
163,Arun Rao,49375016192406,Canara Bank,CNRB7137,0,2020-07-12
164,Arun Singh,79759763377182,Union Bank,UBIN4609,0,2024-08-11
165,Neha Raj,03179535209188,Bank of Baroda,BARB1693,0,2020-05-30
166,Harish Iyer,25974622915520,Union Bank,UBIN1064,0,2021-07-22
167,Gokul Nair,51915815129586,Punjab National Bank,PUNB6157,0,2025-02-15
168,Anjali Nair,03511531785706,Indian Bank,IDIB5469,0,2024-07-08
169,Harish Kumar,01754562199008,Bank of Baroda,BARB7342,0,2023-03-01
170,Divya Patel,72537702781965,Kotak Mahindra Bank,KKBK4459,0,2025-04-24
171,Lakshmi Das,98570223773299,Bank of Baroda,BARB7769,0,2021-06-05
172,Vignesh Rao,38895799480864,Union Bank,UBIN2876,0,2023-03-18
173,Anita Nair,53520072442555,ICICI Bank,ICIC1090,0,2022-08-11
174,Divya Iyer,52173504937622,Canara Bank,CNRB3381,0,2023-07-31
175,Priya Kumar,16757624502554,Punjab National Bank,PUNB4023,0,2025-04-13
176,Arun Kumar,18495383099100,Axis Bank,UTIB8263,0,2025-03-15
177,Divya Sharma,64020865916431,ICICI Bank,ICIC8170,0,2024-04-15
178,Karthik Sharma,06557969965450,Union Bank,UBIN9994,0,2024-02-14
179,Sneha Kumar,91039573681943,Axis Bank,UTIB9759,0,2021-04-17
180,Divya Patel,90284600151602,State Bank of India,SBIN3975,0,2021-04-19
181,Anita Kumar,20744003295207,Bank of Baroda,BARB3125,0,2024-10-01
182,Lakshmi Das,79490182304849,ICICI Bank,ICIC1357,0,2020-02-28
183,Karthik Patel,06541376727292,Canara Bank,CNRB5204,1,2021-04-21
184,Anita Singh,87637664423800,Canara Bank,CNRB9559,0,2023-03-01
185,Sathish Kumar,84947903690487,Bank of Baroda,BARB3909,0,2023-06-04
186,Anjali Rao,84449347143249,Punjab National Bank,PUNB7463,0,2021-10-10
187,Kiran Patel,94142119689634,Indian Bank,IDIB3906,0,2025-02-20
188,Neha Menon,09784670843832,Axis Bank,UTIB1980,0,2023-07-08
189,Kiran Rao,33664303262420,Union Bank,UBIN2501,0,2021-08-15
190,Vignesh Das,29726871683708,Kotak Mahindra Bank,KKBK5222,0,2020-08-10
191,Rahul Raj,13387091341004,Punjab National Bank,PUNB6638,0,2020-11-21
192,Arun Das,92717722425533,HDFC Bank,HDFC9162,0,2021-04-05
193,Vignesh Das,10533095998770,Indian Bank,IDIB7065,0,2021-04-15
194,Vignesh Singh,72364063732663,Punjab National Bank,PUNB2707,0,2021-03-21
195,Sneha Nair,10001212908588,Canara Bank,CNRB4138,0,2020-02-28
196,Anjali Sharma,69211554139285,ICICI Bank,ICIC4799,0,2020-10-12
197,Sneha Iyer,19162306078206,Punjab National Bank,PUNB5325,0,2020-03-03
198,Anjali Rao,08645400221116,Bank of Baroda,BARB8274,0,2021-10-03
199,Suresh Singh,15446496662556,State Bank of India,SBIN3264,0,2021-05-31
200,Deepa Sharma,63259561419757,Indian Bank,IDIB9400,0,2022-11-05
201,Anita Nair,67688707861003,State Bank of India,SBIN3615,0,2024-10-26
202,Nisha Menon,51905315180553,Axis Bank,UTIB7066,0,2024-10-15
203,Harish Rao,95375207734856,Axis Bank,UTIB2865,0,2022-06-26
204,Sneha Raj,55360267706071,Union Bank,UBIN7423,0,2024-07-30
205,Anjali Kumar,06253569845159,Indian Bank,IDIB1862,0,2020-10-13
206,Suresh Nair,58675837364288,Canara Bank,CNRB2942,0,2024-08-14
207,Karthik Patel,60050476885676,Punjab National Bank,PUNB8865,0,2021-08-06
208,Divya Menon,50801355718601,HDFC Bank,HDFC3868,0,2021-11-09
209,Suresh Nair,41833075832860,Indian Bank,IDIB9322,0,2021-05-01
210,Priya Raj,99770785926637,Punjab National Bank,PUNB5309,0,2020-03-24
211,Sneha Sharma,58147272143673,Kotak Mahindra Bank,KKBK5073,0,2024-04-30
212,Harish Raj,77404632429202,ICICI Bank,ICIC4393,0,2024-08-26
213,Kiran Singh,74850544521572,Canara Bank,CNRB3237,0,2025-02-09
214,Deepa Menon,70580051978894,Bank of Baroda,BARB9850,0,2022-11-03
215,Vignesh Singh,84666750279971,Canara Bank,CNRB1591,0,2025-04-17
216,Anita Sharma,94075453729972,Kotak Mahindra Bank,KKBK7004,0,2020-11-12
217,Reshma Patel,82614057190108,Kotak Mahindra Bank,KKBK1060,0,2022-09-03
218,Kiran Das,54988915585390,ICICI Bank,ICIC3075,0,2022-01-26
219,Nisha Rao,41917442159239,State Bank of India,SBIN7761,0,2021-06-16
220,Rahul Iyer,33778867577884,Canara Bank,CNRB1121,0,2023-02-08
221,Priya Das,50823410965803,State Bank of India,SBIN8058,0,2024-05-27
222,Nisha Kumar,94142796564291,Bank of Baroda,BARB6753,0,2020-07-05
223,Nisha Patel,16099890532741,Kotak Mahindra Bank,KKBK6856,0,2023-04-17
224,Harish Nair,32673571917284,State Bank of India,SBIN2755,0,2024-12-09
225,Rahul Nair,08842961887817,Bank of Baroda,BARB1440,0,2021-07-07
226,Vignesh Menon,31561487237988,Canara Bank,CNRB6702,0,2022-01-20
227,Lakshmi Singh,29940845316086,HDFC Bank,HDFC8472,0,2020-07-03
228,Suresh Singh,49553454869727,Kotak Mahindra Bank,KKBK6599,0,2021-12-20
229,Sneha Das,17867137075038,Kotak Mahindra Bank,KKBK3328,0,2021-04-01
230,Divya Iyer,08386613832185,Kotak Mahindra Bank,KKBK6774,0,2021-01-06
231,Deepa Nair,22729353636766,Axis Bank,UTIB1728,0,2022-01-01
232,Anita Patel,82138322864402,State Bank of India,SBIN8581,0,2022-10-26
233,Reshma Menon,02683141823052,State Bank of India,SBIN7922,0,2022-07-20
234,Harish Singh,42176897269485,Indian Bank,IDIB6502,0,2025-04-13
235,Suresh Das,55550864594166,State Bank of India,SBIN1034,0,2021-01-03
236,Vignesh Iyer,51363536306544,Punjab National Bank,PUNB3502,0,2024-03-15
237,Bala Singh,58406021834780,Punjab National Bank,PUNB3761,0,2021-06-28
238,Sathish Kumar,65065716811398,State Bank of India,SBIN3864,0,2020-01-18
239,Harish Iyer,92827305307197,Union Bank,UBIN2114,0,2024-08-29
240,Priya Iyer,55791165758275,Bank of Baroda,BARB8973,0,2021-10-29
241,Deepa Singh,84490073927488,Bank of Baroda,BARB9583,0,2020-05-13
242,Sathish Iyer,72962568560644,Punjab National Bank,PUNB7019,0,2022-12-04
243,Kiran Nair,36079613016340,Canara Bank,CNRB8562,0,2022-06-07
244,Karthik Rao,13422990736650,HDFC Bank,HDFC1287,0,2024-08-27
245,Neha Raj,95113715032603,ICICI Bank,ICIC8720,0,2022-04-26
246,Gokul Kumar,06043374321121,Bank of Baroda,BARB8624,0,2020-12-07
247,Sathish Patel,77679276505605,Canara Bank,CNRB3677,0,2024-05-02
248,Divya Kumar,37796726142791,Kotak Mahindra Bank,KKBK4538,0,2021-08-05
249,Nisha Kumar,79722382628677,Bank of Baroda,BARB4709,0,2024-07-18
250,Suresh Rao,24412706238849,Union Bank,UBIN8870,0,2023-11-22
251,Vignesh Das,28249322011849,State Bank of India,SBIN8008,0,2023-06-06
252,Sneha Singh,24296127786723,Indian Bank,IDIB3576,0,2022-07-26
253,Divya Kumar,89299331409380,Canara Bank,CNRB3575,0,2023-10-12
254,Reshma Das,75562961776286,Punjab National Bank,PUNB4019,0,2023-07-10
255,Deepa Sharma,61288353445706,Punjab National Bank,PUNB2750,0,2023-04-27
256,Suresh Nair,08102838625386,Bank of Baroda,BARB3126,0,2025-01-06
257,Reshma Raj,04159507857034,Punjab National Bank,PUNB1163,0,2022-03-25
258,Sathish Das,05931031650257,Indian Bank,IDIB6600,0,2024-03-17
259,Suresh Menon,09100076692829,HDFC Bank,HDFC2039,0,2024-10-17
260,Lakshmi Raj,94697776281218,State Bank of India,SBIN1341,0,2024-06-02
261,Lakshmi Iyer,04248310757644,Bank of Baroda,BARB8515,0,2022-08-11
262,Vignesh Menon,94860416272749,Punjab National Bank,PUNB2376,0,2023-12-20
263,Nisha Patel,93484107449287,Indian Bank,IDIB7909,0,2020-07-24
264,Sathish Menon,73536154099435,ICICI Bank,ICIC8699,0,2024-04-18
265,Harish Kumar,19182333955280,Axis Bank,UTIB1245,0,2020-08-06
266,Sathish Kumar,45129138883153,HDFC Bank,HDFC2128,0,2024-03-02
267,Reshma Menon,00866538885535,Kotak Mahindra Bank,KKBK9578,0,2020-09-06
268,Nisha Das,97076320961912,HDFC Bank,HDFC5459,0,2024-04-01
269,Priya Kumar,05483107377919,Canara Bank,CNRB6193,0,2024-10-23
270,Harish Iyer,04709790374752,Kotak Mahindra Bank,KKBK4812,0,2024-03-18
271,Suresh Iyer,57919184584239,Union Bank,UBIN4690,0,2020-08-15
272,Rahul Nair,85268276175468,Union Bank,UBIN9950,0,2020-03-28
273,Nisha Das,52942505612797,State Bank of India,SBIN1004,0,2020-07-16
274,Nisha Menon,44069352773424,Canara Bank,CNRB6742,0,2020-02-14
275,Vignesh Singh,58221544238471,HDFC Bank,HDFC5765,0,2023-09-24
276,Sathish Patel,28999477940532,Bank of Baroda,BARB4285,0,2021-06-07
277,Deepa Sharma,34411019349352,Axis Bank,UTIB9242,0,2023-03-14
278,Neha Rao,01297290762760,Indian Bank,IDIB2000,0,2024-02-26
279,Nisha Iyer,57313305232368,State Bank of India,SBIN5868,0,2023-02-10
280,Suresh Patel,66234892309339,Bank of Baroda,BARB6184,0,2024-05-21
281,Sneha Raj,24451007551443,Indian Bank,IDIB8854,0,2021-12-12
282,Vignesh Patel,18090563616321,Union Bank,UBIN8151,0,2024-02-06
283,Deepa Sharma,42128696790221,Union Bank,UBIN1530,0,2022-08-11
284,Kiran Singh,98392749077673,HDFC Bank,HDFC4438,0,2022-09-08
285,Nisha Nair,66155517862566,Canara Bank,CNRB4724,0,2020-04-18
286,Suresh Kumar,04256907260259,Indian Bank,IDIB9518,0,2021-12-27
287,Kiran Sharma,86001639428414,Bank of Baroda,BARB7339,0,2024-10-17
288,Karthik Das,93088941329939,ICICI Bank,ICIC1668,0,2025-01-13
289,Lakshmi Das,29290262323930,Axis Bank,UTIB5011,0,2023-02-21
290,Anita Patel,51834270943550,HDFC Bank,HDFC7746,0,2024-07-09
291,Gokul Iyer,41748656852638,ICICI Bank,ICIC2741,0,2020-06-02
292,Sneha Raj,86845857937619,Indian Bank,IDIB6800,0,2025-02-23
293,Suresh Singh,69863132205200,Punjab National Bank,PUNB9468,0,2020-01-06
294,Anita Rao,75290065109811,Axis Bank,UTIB4739,0,2024-07-16
295,Bala Rao,32367204827467,Indian Bank,IDIB6355,0,2022-02-24
296,Anjali Patel,66802611070965,Canara Bank,CNRB9792,0,2023-11-21
297,Nisha Sharma,48610825569911,Axis Bank,UTIB7923,0,2022-03-06
298,Sathish Singh,02906086679629,HDFC Bank,HDFC3960,0,2021-08-10
299,Reshma Sharma,83041783113678,Indian Bank,IDIB6492,0,2021-01-06
300,Sathish Singh,99481034362195,Canara Bank,CNRB2156,0,2022-07-23
301,Karthik Iyer,54351411185365,HDFC Bank,HDFC9938,0,2025-06-22
302,Anita Raj,39907350268786,Bank of Baroda,BARB2055,0,2023-11-24
303,Nisha Rao,02977540261846,Union Bank,UBIN5203,0,2022-08-18
304,Lakshmi Patel,52624269315181,Kotak Mahindra Bank,KKBK4581,0,2025-05-05
305,Gokul Kumar,88166804559049,Kotak Mahindra Bank,KKBK9607,0,2023-11-29
306,Harish Singh,64726350070954,State Bank of India,SBIN2294,0,2024-09-29
307,Suresh Raj,32246382322375,HDFC Bank,HDFC4712,0,2023-12-19
308,Gokul Rao,80970229006325,Bank of Baroda,BARB6789,0,2024-11-29
309,Kiran Das,36093839263475,HDFC Bank,HDFC3907,0,2022-10-15
310,Arun Kumar,27567819382912,HDFC Bank,HDFC4403,0,2023-04-24
311,Reshma Iyer,21043097199084,State Bank of India,SBIN7489,0,2021-06-05
312,Arun Rao,83913341571497,Canara Bank,CNRB4199,0,2024-01-04
313,Deepa Menon,08151805648167,Canara Bank,CNRB7740,0,2021-03-08
314,Deepa Raj,30371580104450,Kotak Mahindra Bank,KKBK9420,0,2023-12-06
315,Rahul Patel,70839687893812,Union Bank,UBIN5492,0,2023-12-09
316,Priya Rao,14248495900180,Indian Bank,IDIB8059,0,2020-09-19
317,Reshma Das,52302727754642,Axis Bank,UTIB3470,0,2024-12-23
318,Vignesh Kumar,99297012575196,Kotak Mahindra Bank,KKBK1107,0,2021-08-10
319,Harish Nair,02384766198659,Punjab National Bank,PUNB3272,0,2025-02-24
320,Karthik Das,53248965144562,Union Bank,UBIN6662,0,2022-05-06
321,Lakshmi Singh,00408048765376,State Bank of India,SBIN3493,0,2020-02-27
322,Sathish Das,21561514426735,Indian Bank,IDIB3269,0,2021-01-11
323,Divya Menon,33146355178155,ICICI Bank,ICIC9044,0,2022-03-16
324,Vignesh Nair,89416248799388,Axis Bank,UTIB2611,0,2025-04-29
325,Kiran Nair,54269002965439,Bank of Baroda,BARB5437,0,2022-10-23
326,Bala Singh,45854666499447,Kotak Mahindra Bank,KKBK3364,0,2024-02-20
327,Priya Rao,75174096511968,Bank of Baroda,BARB7900,0,2025-03-13
328,Harish Sharma,90843295541848,Union Bank,UBIN9028,0,2020-01-24
329,Karthik Singh,73514615128765,ICICI Bank,ICIC8503,0,2022-11-24
330,Rahul Menon,92246844418356,Union Bank,UBIN5114,0,2023-04-30
331,Deepa Menon,82297312643004,Union Bank,UBIN6377,0,2024-05-19
332,Sathish Das,10303040811818,Canara Bank,CNRB4012,0,2020-08-09
333,Harish Raj,84017539286114,Bank of Baroda,BARB9595,0,2023-12-19
334,Sathish Menon,12460713700782,Punjab National Bank,PUNB8455,0,2022-10-22
335,Karthik Patel,60382906763320,HDFC Bank,HDFC3571,0,2020-09-27
336,Lakshmi Patel,57588584806289,HDFC Bank,HDFC1069,0,2023-08-16
337,Bala Sharma,43926864156458,ICICI Bank,ICIC4689,0,2021-07-21
338,Sneha Raj,05347587087977,Kotak Mahindra Bank,KKBK9406,0,2021-09-17
339,Priya Kumar,17580874394117,Kotak Mahindra Bank,KKBK1727,0,2024-02-17
340,Suresh Das,50083832343968,Punjab National Bank,PUNB3537,0,2020-09-15
341,Anjali Sharma,09893916914628,Canara Bank,CNRB1677,0,2020-12-20
342,Neha Kumar,27280213202127,Kotak Mahindra Bank,KKBK3747,0,2022-01-27
343,Sathish Iyer,96488670012470,Axis Bank,UTIB5020,0,2024-07-25
344,Bala Patel,46058483173471,Canara Bank,CNRB2506,0,2023-02-26
345,Rahul Singh,43269874795339,Union Bank,UBIN8988,0,2022-11-17
346,Vignesh Iyer,50606764584479,ICICI Bank,ICIC9896,0,2020-08-02
347,Priya Menon,77265035873290,Canara Bank,CNRB1257,0,2024-06-25
348,Anita Menon,01767571225327,Indian Bank,IDIB8093,0,2021-01-28
349,Deepa Singh,34095015889177,Kotak Mahindra Bank,KKBK1484,0,2020-07-07
350,Karthik Sharma,27566661830037,Punjab National Bank,PUNB9838,0,2025-04-05
351,Gokul Raj,72839991287659,Axis Bank,UTIB9541,0,2022-07-25
352,Neha Sharma,15170931162872,ICICI Bank,ICIC6129,0,2022-05-27
353,Bala Kumar,99195248629800,Indian Bank,IDIB5476,0,2023-02-10
354,Gokul Das,55454481767459,State Bank of India,SBIN8848,0,2022-04-17
355,Nisha Patel,05464696551216,Indian Bank,IDIB7950,0,2020-04-06
356,Suresh Rao,97104773889699,Canara Bank,CNRB3502,0,2021-04-08
357,Vignesh Nair,91377156699441,State Bank of India,SBIN5618,0,2023-01-11
358,Neha Raj,14561559280435,Union Bank,UBIN7581,0,2021-04-29
359,Anjali Singh,61329457055428,Kotak Mahindra Bank,KKBK6320,0,2020-01-07
360,Divya Patel,52389251142958,Kotak Mahindra Bank,KKBK9800,1,2021-02-17
361,Bala Rao,02492377250840,Union Bank,UBIN9114,0,2025-06-15
362,Kiran Menon,50998354490324,Bank of Baroda,BARB4983,0,2021-06-26
363,Sathish Menon,92664017716753,Canara Bank,CNRB2669,1,2022-05-11
364,Deepa Sharma,45183699887806,Canara Bank,CNRB5742,0,2024-11-11
365,Rahul Sharma,35539834553345,Canara Bank,CNRB5690,0,2021-02-11
366,Sneha Das,39361837315421,Canara Bank,CNRB4623,0,2024-04-19
367,Deepa Menon,77617980237419,HDFC Bank,HDFC7503,0,2024-04-27
368,Kiran Das,67438401821650,Canara Bank,CNRB1957,0,2020-05-07
369,Reshma Sharma,83931546692358,ICICI Bank,ICIC9958,0,2024-05-23
370,Sathish Nair,61475650464047,ICICI Bank,ICIC5488,0,2023-04-16
371,Lakshmi Singh,85292591326127,Kotak Mahindra Bank,KKBK3531,0,2024-05-31
372,Suresh Rao,22659646028440,Axis Bank,UTIB3319,0,2024-11-04
373,Anjali Kumar,95096318752670,Axis Bank,UTIB7704,0,2020-08-26
374,Sathish Sharma,54156280802283,Kotak Mahindra Bank,KKBK6892,0,2020-01-24
375,Rahul Kumar,03386843912057,Union Bank,UBIN7897,0,2025-05-07
376,Divya Singh,81270467992163,State Bank of India,SBIN4688,0,2020-07-03
377,Gokul Rao,34768620084947,ICICI Bank,ICIC9839,0,2024-03-19
378,Deepa Sharma,99366479997728,Bank of Baroda,BARB3310,0,2023-12-06
379,Bala Patel,19575309002648,Union Bank,UBIN2278,0,2022-05-02
380,Nisha Das,65219114863235,Axis Bank,UTIB2922,0,2020-04-22
381,Vignesh Patel,23959781232424,HDFC Bank,HDFC1988,0,2023-07-31
382,Vignesh Menon,77836637533200,State Bank of India,SBIN4614,0,2024-01-22
383,Priya Raj,97265263437545,Kotak Mahindra Bank,KKBK2108,0,2024-10-11
384,Divya Nair,54076305773259,Kotak Mahindra Bank,KKBK8379,1,2020-07-02
385,Nisha Singh,04826335683080,State Bank of India,SBIN7098,0,2023-03-23
386,Bala Singh,06045501191074,Axis Bank,UTIB4220,0,2024-04-29
387,Lakshmi Rao,55703796257795,Axis Bank,UTIB6044,0,2022-01-30
388,Vignesh Rao,01307370498201,State Bank of India,SBIN9181,0,2025-02-06
389,Gokul Das,74571465856609,Union Bank,UBIN4205,0,2025-02-07
390,Vignesh Iyer,54854419970379,HDFC Bank,HDFC3218,0,2020-09-01
391,Deepa Raj,59938018543669,Union Bank,UBIN6760,0,2023-10-05
392,Arun Patel,13955201120230,State Bank of India,SBIN3428,0,2024-06-11
393,Lakshmi Singh,80362715440482,State Bank of India,SBIN6517,0,2022-06-17
394,Suresh Raj,58818523567852,Union Bank,UBIN2200,0,2025-01-29
395,Gokul Das,97001719281325,Axis Bank,UTIB1747,0,2021-11-01
396,Divya Singh,84187527495502,HDFC Bank,HDFC3185,0,2024-02-16
397,Kiran Rao,34506389533124,Union Bank,UBIN8678,0,2025-03-14
398,Lakshmi Singh,73459332833972,ICICI Bank,ICIC9227,0,2020-05-11
399,Nisha Das,71660580414085,State Bank of India,SBIN6091,0,2020-06-12
400,Gokul Rao,11194589317640,Indian Bank,IDIB9409,0,2020-01-12
401,Sneha Rao,05972775003430,Canara Bank,CNRB7702,0,2020-08-10
402,Sneha Menon,30793022749800,Canara Bank,CNRB7406,0,2022-03-15
403,Sneha Menon,42724895465192,ICICI Bank,ICIC5757,0,2021-12-02
404,Deepa Singh,75763858119927,Indian Bank,IDIB3102,0,2021-06-10
405,Lakshmi Raj,26197653516141,Union Bank,UBIN9449,0,2025-03-07
406,Karthik Sharma,11845991630642,ICICI Bank,ICIC8805,0,2021-10-05
407,Anjali Kumar,24827034585504,Canara Bank,CNRB3250,0,2021-12-13
408,Reshma Singh,78462678821168,HDFC Bank,HDFC9918,0,2023-08-16
409,Rahul Nair,36549348465791,Axis Bank,UTIB7131,0,2023-06-28
410,Karthik Menon,03293498895437,Canara Bank,CNRB8117,0,2025-05-01
411,Divya Iyer,72485742661734,Indian Bank,IDIB9497,0,2023-01-06
412,Lakshmi Kumar,95934352562075,State Bank of India,SBIN2035,0,2021-06-29
413,Vignesh Rao,84364386229349,Axis Bank,UTIB1681,0,2022-02-05
414,Bala Kumar,53791751074990,Union Bank,UBIN2477,0,2024-10-12
415,Anita Iyer,26170483014586,Kotak Mahindra Bank,KKBK6007,0,2025-02-08
416,Anjali Patel,09844573142050,Axis Bank,UTIB7498,1,2025-03-04
417,Anjali Menon,72710652387494,Canara Bank,CNRB9762,0,2024-09-03
418,Lakshmi Rao,46926396228207,HDFC Bank,HDFC4764,0,2020-07-27
419,Bala Menon,56651960861847,Canara Bank,CNRB9550,1,2023-02-16
420,Suresh Menon,02311565590122,Punjab National Bank,PUNB3454,0,2022-01-17
421,Harish Sharma,05942990332388,Punjab National Bank,PUNB8813,0,2020-09-20
422,Rahul Sharma,83398153552965,State Bank of India,SBIN4407,0,2022-09-25
423,Rahul Sharma,15978020377410,State Bank of India,SBIN8764,0,2021-01-22
424,Bala Singh,82461069196795,Canara Bank,CNRB1416,0,2023-07-02
425,Anjali Menon,16859396560365,Axis Bank,UTIB9797,0,2023-01-16
426,Deepa Kumar,80915411408012,Union Bank,UBIN3216,0,2021-08-19
427,Karthik Das,13583274604544,Canara Bank,CNRB2291,0,2022-06-05
428,Priya Sharma,61045989968905,Punjab National Bank,PUNB4736,0,2023-08-11
429,Sneha Sharma,55049619982597,Canara Bank,CNRB2198,0,2020-09-10
430,Sneha Kumar,84265401328625,Canara Bank,CNRB1458,0,2022-04-16
431,Priya Menon,59186847395815,Axis Bank,UTIB8916,0,2024-07-23
432,Priya Rao,51646545155820,Union Bank,UBIN3873,0,2023-04-29
433,Lakshmi Patel,57847156409199,Union Bank,UBIN6800,0,2025-02-12
434,Nisha Rao,55251516737188,Union Bank,UBIN8348,0,2020-10-24
435,Harish Rao,04263617862516,ICICI Bank,ICIC9895,0,2022-11-10
436,Karthik Das,23793451328765,HDFC Bank,HDFC2970,0,2025-02-14
437,Sneha Rao,20629434876443,Punjab National Bank,PUNB7605,0,2024-07-20
438,Priya Kumar,33330408476807,ICICI Bank,ICIC4040,0,2020-03-14
439,Deepa Rao,94389375716473,State Bank of India,SBIN7761,0,2021-10-14
440,Anjali Das,83643519089114,Kotak Mahindra Bank,KKBK5598,0,2022-10-21
441,Gokul Patel,51208092416618,Canara Bank,CNRB8477,0,2021-02-08
442,Reshma Menon,61299553733337,Axis Bank,UTIB6202,0,2025-03-20
443,Lakshmi Singh,84775370197555,Indian Bank,IDIB5308,0,2024-10-02
444,Anita Rao,30052989330517,Bank of Baroda,BARB9941,0,2022-01-27
445,Karthik Patel,73693324735064,Punjab National Bank,PUNB9952,0,2020-05-26
446,Kiran Kumar,54927730241567,HDFC Bank,HDFC3880,0,2022-01-18
447,Harish Menon,32326338492029,Indian Bank,IDIB3662,0,2023-04-18
448,Divya Raj,54508279046388,Union Bank,UBIN8097,0,2021-03-23
449,Deepa Nair,30116811151046,Union Bank,UBIN1986,0,2023-03-06
450,Bala Iyer,01230722270155,Axis Bank,UTIB9462,0,2020-08-28
451,Anita Menon,10359526818807,Canara Bank,CNRB4006,0,2024-05-01
452,Kiran Kumar,25698351708280,HDFC Bank,HDFC2832,0,2022-02-08
453,Karthik Das,26456170059596,ICICI Bank,ICIC4843,0,2022-06-29
454,Arun Iyer,15102304919409,Kotak Mahindra Bank,KKBK5756,0,2023-11-22
455,Reshma Menon,73499710561468,Axis Bank,UTIB5045,0,2022-11-19
456,Nisha Nair,59230142824210,ICICI Bank,ICIC1210,0,2021-12-08
457,Suresh Nair,16289346850758,Bank of Baroda,BARB3441,0,2020-10-26
458,Sneha Kumar,84331549471657,HDFC Bank,HDFC4396,0,2024-10-11
459,Deepa Patel,12865512101000,Punjab National Bank,PUNB2853,0,2020-02-08
460,Sneha Patel,18870660298158,HDFC Bank,HDFC7382,0,2024-12-19
461,Arun Das,46691457843535,Indian Bank,IDIB8199,0,2023-04-24
462,Deepa Singh,87565558236799,Indian Bank,IDIB8392,0,2021-11-27
463,Sathish Patel,02006497689548,Canara Bank,CNRB4939,0,2020-04-07
464,Divya Patel,92887116944996,Kotak Mahindra Bank,KKBK6057,0,2022-12-13
465,Harish Singh,72988515824099,Kotak Mahindra Bank,KKBK1710,0,2024-05-27
466,Bala Kumar,59412894314597,Bank of Baroda,BARB3995,0,2022-12-28
467,Anita Das,63082725211244,HDFC Bank,HDFC8971,0,2025-03-17
468,Suresh Patel,88644693102149,Bank of Baroda,BARB5990,0,2022-03-06
469,Divya Patel,05441582987057,Indian Bank,IDIB3732,0,2023-09-29
470,Suresh Iyer,49317906440074,Punjab National Bank,PUNB5437,0,2021-06-12
471,Karthik Nair,11642436376576,Canara Bank,CNRB1455,0,2020-09-22
472,Gokul Iyer,44595242998782,Canara Bank,CNRB4477,0,2023-08-22
473,Anita Sharma,80813633571829,Axis Bank,UTIB8175,0,2020-09-11
474,Neha Nair,80962264758138,Bank of Baroda,BARB6454,0,2024-04-10
475,Rahul Kumar,67027385640261,Canara Bank,CNRB1923,0,2025-06-15
476,Sneha Iyer,82601571168507,Axis Bank,UTIB9773,0,2023-01-29
477,Anita Singh,26274674598783,ICICI Bank,ICIC1096,0,2023-12-23
478,Harish Rao,78947707861326,ICICI Bank,ICIC7446,0,2020-08-02
479,Neha Rao,44652297684923,Kotak Mahindra Bank,KKBK1151,0,2022-12-09
480,Rahul Nair,65363978258577,Union Bank,UBIN2268,0,2022-10-08
481,Suresh Patel,43222111513307,Indian Bank,IDIB1815,0,2023-08-09
482,Sneha Raj,49855725458578,Indian Bank,IDIB4816,0,2022-05-28
483,Priya Rao,00395738293352,Union Bank,UBIN8594,0,2023-06-11
484,Gokul Raj,87554360966754,Axis Bank,UTIB7843,0,2023-06-28
485,Arun Iyer,53244272121175,Union Bank,UBIN1826,0,2022-09-09
486,Karthik Rao,86244536023654,Axis Bank,UTIB7483,0,2023-06-13
487,Divya Sharma,18000015339136,Union Bank,UBIN1684,0,2022-01-09
488,Kiran Nair,54675897141213,HDFC Bank,HDFC7091,0,2025-01-20
489,Karthik Menon,02901904664846,HDFC Bank,HDFC7889,0,2020-08-13
490,Nisha Nair,32089571520843,Axis Bank,UTIB9507,0,2020-11-12
491,Sneha Rao,91977746537181,Axis Bank,UTIB8998,0,2021-04-24
492,Reshma Nair,46422541975858,Kotak Mahindra Bank,KKBK3750,0,2022-04-25
493,Suresh Rao,02381681835137,Union Bank,UBIN5164,0,2020-08-20
494,Neha Sharma,74399843599230,Kotak Mahindra Bank,KKBK4198,0,2021-03-24
495,Suresh Raj,44582129995649,Kotak Mahindra Bank,KKBK4455,0,2021-04-30
496,Neha Iyer,11880399762187,Axis Bank,UTIB3477,0,2020-09-03
497,Reshma Nair,97882488078239,State Bank of India,SBIN9850,0,2022-06-20
498,Bala Das,63030719663898,Indian Bank,IDIB5804,0,2024-08-16
499,Deepa Patel,59771852487177,Kotak Mahindra Bank,KKBK9233,0,2023-11-18
500,Gokul Iyer,99506376501034,Punjab National Bank,PUNB7089,0,2021-06-28
