CustomerID,FirstName,LastName,Gender,DOB,Phone,Email,Aadhaar,PAN,Address,City,State,Pincode
1,Arun,Kumar,Male,1995-05-10,9000000001,arun1@bankmail.com,AADHAR00000001,PAN0000001,Street 1,Chennai,Tamil Nadu,600001
2,Ravi,Raj,Male,1992-08-15,9000000002,ravi2@bankmail.com,AADHAR00000002,PAN0000002,Street 2,Bangalore,Karnataka,560001
3,Karthik,Selvam,Male,1998-03-21,9000000003,karthik3@bankmail.com,AADHAR00000003,PAN0000003,Street 3,Mumbai,Maharashtra,400001
4,Priya,Devi,Female,1996-11-09,9000000004,priya4@bankmail.com,AADHAR00000004,PAN0000004,Street 4,Chennai,Tamil Nadu,600002
5,Sanjay,Kumar,Male,1994-07-18,9000000005,sanjay5@bankmail.com,AADHAR00000005,PAN0000005,Street 5,Delhi,Delhi,110001
6,Divya,Rani,Female,1997-01-25,9000000006,divya6@bankmail.com,AADHAR00000006,PAN0000006,Street 6,Hyderabad,Telangana,500001
7,Vijay,Raj,Male,1993-09-12,9000000007,vijay7@bankmail.com,AADHAR00000007,PAN0000007,Street 7,Pune,Maharashtra,411001
8,Meena,Lakshmi,Female,1999-04-30,9000000008,meena8@bankmail.com,AADHAR00000008,PAN0000008,Street 8,Kochi,Kerala,682001
9,Ajay,Mohan,Male,1991-12-05,9000000009,ajay9@bankmail.com,AADHAR00000009,PAN0000009,Street 9,Coimbatore,Tamil Nadu,641001
10,Nisha,Devi,Female,1995-06-17,9000000010,nisha10@bankmail.com,AADHAR00000010,PAN0000010,Street 10,Madurai,Tamil Nadu,625001
11,Ramesh,Kumar,Male,1990-02-14,9000000011,ramesh11@bankmail.com,AADHAR00000011,PAN0000011,Street 11,Chennai,Tamil Nadu,600003
12,Anitha,Raj,Female,1996-08-22,9000000012,anitha12@bankmail.com,AADHAR00000012,PAN0000012,Street 12,Bangalore,Karnataka,560002
13,Mohan,Selvam,Male,1993-12-01,9000000013,mohan13@bankmail.com,AADHAR00000013,PAN0000013,Street 13,Mumbai,Maharashtra,400002
14,Swetha,Rani,Female,1998-06-11,9000000014,swetha14@bankmail.com,AADHAR00000014,PAN0000014,Street 14,Delhi,Delhi,110002
15,Prakash,Kumar,Male,1992-04-19,9000000015,prakash15@bankmail.com,AADHAR00000015,PAN0000015,Street 15,Hyderabad,Telangana,500002
16,Lakshmi,Devi,Female,1997-10-08,9000000016,lakshmi16@bankmail.com,AADHAR00000016,PAN0000016,Street 16,Pune,Maharashtra,411002
17,Surya,Raj,Male,1995-03-25,9000000017,surya17@bankmail.com,AADHAR00000017,PAN0000017,Street 17,Kochi,Kerala,682002
18,Harish,Mohan,Male,1991-07-30,9000000018,harish18@bankmail.com,AADHAR00000018,PAN0000018,Street 18,Coimbatore,Tamil Nadu,641002
19,Kavitha,Rani,Female,1994-09-14,9000000019,kavitha19@bankmail.com,AADHAR00000019,PAN0000019,Street 19,Madurai,Tamil Nadu,625002
20,Deepak,Kumar,Male,1996-01-20,9000000020,deepak20@bankmail.com,AADHAR00000020,PAN0000020,Street 20,Chennai,Tamil Nadu,600004
21,Manoj,Kumar,Male,1993-05-16,9000000021,manoj21@bankmail.com,AADHAR00000021,PAN0000021,Street 21,Bangalore,Karnataka,560003
22,Keerthana,Devi,Female,1998-02-12,9000000022,keerthana22@bankmail.com,AADHAR00000022,PAN0000022,Street 22,Chennai,Tamil Nadu,600005
23,Aravind,Raj,Male,1995-11-23,9000000023,aravind23@bankmail.com,AADHAR00000023,PAN0000023,Street 23,Hyderabad,Telangana,500003
24,Pooja,Lakshmi,Female,1997-06-05,9000000024,pooja24@bankmail.com,AADHAR00000024,PAN0000024,Street 24,Mumbai,Maharashtra,400003
25,Suresh,Mohan,Male,1990-10-19,9000000025,suresh25@bankmail.com,AADHAR00000025,PAN0000025,Street 25,Delhi,Delhi,110003
26,Aishwarya,Rani,Female,1996-03-08,9000000026,aishwarya26@bankmail.com,AADHAR00000026,PAN0000026,Street 26,Pune,Maharashtra,411003
27,Bharath,Kumar,Male,1994-12-27,9000000027,bharath27@bankmail.com,AADHAR00000027,PAN0000027,Street 27,Kochi,Kerala,682003
28,Sindhu,Devi,Female,1999-01-14,9000000028,sindhu28@bankmail.com,AADHAR00000028,PAN0000028,Street 28,Coimbatore,Tamil Nadu,641003
29,Naveen,Raj,Male,1992-07-09,9000000029,naveen29@bankmail.com,AADHAR00000029,PAN0000029,Street 29,Madurai,Tamil Nadu,625003
30,Swaminathan,Kumar,Male,1991-04-02,9000000030,swaminathan30@bankmail.com,AADHAR00000030,PAN0000030,Street 30,Chennai,Tamil Nadu,600006
31,Varun,Mohan,Male,1995-08-21,9000000031,varun31@bankmail.com,AADHAR00000031,PAN0000031,Street 31,Bangalore,Karnataka,560004
32,Harini,Raj,Female,1998-09-13,9000000032,harini32@bankmail.com,AADHAR00000032,PAN0000032,Street 32,Hyderabad,Telangana,500004
33,Gokul,Kumar,Male,1993-03-17,9000000033,gokul33@bankmail.com,AADHAR00000033,PAN0000033,Street 33,Mumbai,Maharashtra,400004
34,Divya,Mohan,Female,1996-12-24,9000000034,divya34@bankmail.com,AADHAR00000034,PAN0000034,Street 34,Delhi,Delhi,110004
35,Senthil,Raj,Male,1990-06-30,9000000035,senthil35@bankmail.com,AADHAR00000035,PAN0000035,Street 35,Pune,Maharashtra,411004
36,Anjali,Devi,Female,1997-05-18,9000000036,anjali36@bankmail.com,AADHAR00000036,PAN0000036,Street 36,Kochi,Kerala,682004
37,Rohit,Kumar,Male,1994-11-11,9000000037,rohit37@bankmail.com,AADHAR00000037,PAN0000037,Street 37,Coimbatore,Tamil Nadu,641004
38,Neha,Rani,Female,1998-07-07,9000000038,neha38@bankmail.com,AADHAR00000038,PAN0000038,Street 38,Madurai,Tamil Nadu,625004
39,Kiran,Raj,Male,1992-02-28,9000000039,kiran39@bankmail.com,AADHAR00000039,PAN0000039,Street 39,Chennai,Tamil Nadu,600007
40,Preethi,Kumar,Female,1995-10-15,9000000040,preethi40@bankmail.com,AADHAR00000040,PAN0000040,Street 40,Bangalore,Karnataka,560005
41,Abinesh,Kumar,Male,1993-01-16,9000000041,abinesh41@bankmail.com,AADHAR00000041,PAN0000041,Street 41,Hyderabad,Telangana,500005
42,Rithika,Devi,Female,1997-09-22,9000000042,rithika42@bankmail.com,AADHAR00000042,PAN0000042,Street 42,Chennai,Tamil Nadu,600008
43,Dinesh,Raj,Male,1991-05-13,9000000043,dinesh43@bankmail.com,AADHAR00000043,PAN0000043,Street 43,Mumbai,Maharashtra,400005
44,Vaishnavi,Rani,Female,1998-12-03,9000000044,vaishnavi44@bankmail.com,AADHAR00000044,PAN0000044,Street 44,Bangalore,Karnataka,560006
45,Manikandan,Kumar,Male,1994-08-25,9000000045,manikandan45@bankmail.com,AADHAR00000045,PAN0000045,Street 45,Delhi,Delhi,110005
46,Anusha,Devi,Female,1996-04-14,9000000046,anusha46@bankmail.com,AADHAR00000046,PAN0000046,Street 46,Pune,Maharashtra,411005
47,Praveen,Raj,Male,1992-11-06,9000000047,praveen47@bankmail.com,AADHAR00000047,PAN0000047,Street 47,Kochi,Kerala,682005
48,Monika,Kumar,Female,1995-03-29,9000000048,monika48@bankmail.com,AADHAR00000048,PAN0000048,Street 48,Coimbatore,Tamil Nadu,641005
49,Rajesh,Mohan,Male,1990-07-20,9000000049,rajesh49@bankmail.com,AADHAR00000049,PAN0000049,Street 49,Madurai,Tamil Nadu,625005
50,Shalini,Rani,Female,1997-10-31,9000000050,shalini50@bankmail.com,AADHAR00000050,PAN0000050,Street 50,Chennai,Tamil Nadu,600009
51,Karthika,Devi,Female,1998-06-19,9000000051,karthika51@bankmail.com,AADHAR00000051,PAN0000051,Street 51,Bangalore,Karnataka,560007
52,Mukesh,Kumar,Male,1993-02-08,9000000052,mukesh52@bankmail.com,AADHAR00000052,PAN0000052,Street 52,Hyderabad,Telangana,500006
53,Santhosh,Raj,Male,1995-09-15,9000000053,santhosh53@bankmail.com,AADHAR00000053,PAN0000053,Street 53,Mumbai,Maharashtra,400006
54,Deepika,Rani,Female,1996-12-28,9000000054,deepika54@bankmail.com,AADHAR00000054,PAN0000054,Street 54,Delhi,Delhi,110006
55,Arunachalam,Kumar,Male,1991-04-09,9000000055,arunachalam55@bankmail.com,AADHAR00000055,PAN0000055,Street 55,Pune,Maharashtra,411006
56,Haritha,Devi,Female,1999-08-17,9000000056,haritha56@bankmail.com,AADHAR00000056,PAN0000056,Street 56,Kochi,Kerala,682006
57,Balaji,Raj,Male,1994-01-23,9000000057,balaji57@bankmail.com,AADHAR00000057,PAN0000057,Street 57,Coimbatore,Tamil Nadu,641006
58,Sowmya,Rani,Female,1997-07-12,9000000058,sowmya58@bankmail.com,AADHAR00000058,PAN0000058,Street 58,Madurai,Tamil Nadu,625006
59,Krishna,Kumar,Male,1992-10-05,9000000059,krishna59@bankmail.com,AADHAR00000059,PAN0000059,Street 59,Chennai,Tamil Nadu,600010
60,Akash,Raj,Male,1995-05-26,9000000060,akash60@bankmail.com,AADHAR00000060,PAN0000060,Street 60,Bangalore,Karnataka,560008
61,Suraj,Kumar,Male,1993-06-11,9000000061,suraj61@bankmail.com,AADHAR00000061,PAN0000061,Street 61,Hyderabad,Telangana,500007
62,Keerthi,Rani,Female,1998-03-16,9000000062,keerthi62@bankmail.com,AADHAR00000062,PAN0000062,Street 62,Chennai,Tamil Nadu,600011
63,Vignesh,Raj,Male,1994-09-24,9000000063,vignesh63@bankmail.com,AADHAR00000063,PAN0000063,Street 63,Mumbai,Maharashtra,400007
64,Hema,Devi,Female,1997-11-07,9000000064,hema64@bankmail.com,AADHAR00000064,PAN0000064,Street 64,Bangalore,Karnataka,560009
65,Raghu,Kumar,Male,1991-02-18,9000000065,raghu65@bankmail.com,AADHAR00000065,PAN0000065,Street 65,Delhi,Delhi,110007
66,Swetha,Raj,Female,1996-08-29,9000000066,swetha66@bankmail.com,AADHAR00000066,PAN0000066,Street 66,Pune,Maharashtra,411007
67,Nithin,Kumar,Male,1995-12-13,9000000067,nithin67@bankmail.com,AADHAR00000067,PAN0000067,Street 67,Kochi,Kerala,682007
68,Harini,Devi,Female,1999-04-21,9000000068,harini68@bankmail.com,AADHAR00000068,PAN0000068,Street 68,Coimbatore,Tamil Nadu,641007
69,Kishore,Raj,Male,1992-07-14,9000000069,kishore69@bankmail.com,AADHAR00000069,PAN0000069,Street 69,Madurai,Tamil Nadu,625007
70,Revathi,Rani,Female,1997-01-30,9000000070,revathi70@bankmail.com,AADHAR00000070,PAN0000070,Street 70,Chennai,Tamil Nadu,600012
71,Aditya,Kumar,Male,1994-05-22,9000000071,aditya71@bankmail.com,AADHAR00000071,PAN0000071,Street 71,Bangalore,Karnataka,560010
72,Anjali,Raj,Female,1996-10-10,9000000072,anjali72@bankmail.com,AADHAR00000072,PAN0000072,Street 72,Hyderabad,Telangana,500008
73,Sathish,Kumar,Male,1993-03-27,9000000073,sathish73@bankmail.com,AADHAR00000073,PAN0000073,Street 73,Mumbai,Maharashtra,400008
74,Divya,Mohan,Female,1998-12-19,9000000074,divya74@bankmail.com,AADHAR00000074,PAN0000074,Street 74,Delhi,Delhi,110008
75,Pradeep,Raj,Male,1990-06-04,9000000075,pradeep75@bankmail.com,AADHAR00000075,PAN0000075,Street 75,Pune,Maharashtra,411008
76,Lavanya,Devi,Female,1997-09-08,9000000076,lavanya76@bankmail.com,AADHAR00000076,PAN0000076,Street 76,Kochi,Kerala,682008
77,Manoj,Raj,Male,1995-11-25,9000000077,manoj77@bankmail.com,AADHAR00000077,PAN0000077,Street 77,Coimbatore,Tamil Nadu,641008
78,Sharmila,Rani,Female,1996-02-15,9000000078,sharmila78@bankmail.com,AADHAR00000078,PAN0000078,Street 78,Madurai,Tamil Nadu,625008
79,Varun,Kumar,Male,1992-08-06,9000000079,varun79@bankmail.com,AADHAR00000079,PAN0000079,Street 79,Chennai,Tamil Nadu,600013
80,Pavithra,Devi,Female,1998-05-31,9000000080,pavithra80@bankmail.com,AADHAR00000080,PAN0000080,Street 80,Bangalore,Karnataka,560011
81,Ajith,Kumar,Male,1993-04-12,9000000081,ajith81@bankmail.com,AADHAR00000081,PAN0000081,Street 81,Hyderabad,Telangana,500009
82,Nandhini,Rani,Female,1997-07-23,9000000082,nandhini82@bankmail.com,AADHAR00000082,PAN0000082,Street 82,Chennai,Tamil Nadu,600014
83,Ramesh,Raj,Male,1991-11-18,9000000083,ramesh83@bankmail.com,AADHAR00000083,PAN0000083,Street 83,Mumbai,Maharashtra,400009
84,Anu,Devi,Female,1996-01-06,9000000084,anu84@bankmail.com,AADHAR00000084,PAN0000084,Street 84,Bangalore,Karnataka,560012
85,Vasanth,Kumar,Male,1994-09-30,9000000085,vasanth85@bankmail.com,AADHAR00000085,PAN0000085,Street 85,Delhi,Delhi,110009
86,Malathi,Rani,Female,1998-03-14,9000000086,malathi86@bankmail.com,AADHAR00000086,PAN0000086,Street 86,Pune,Maharashtra,411009
87,Surya,Kumar,Male,1995-12-20,9000000087,surya87@bankmail.com,AADHAR00000087,PAN0000087,Street 87,Kochi,Kerala,682009
88,Geetha,Devi,Female,1997-05-09,9000000088,geetha88@bankmail.com,AADHAR00000088,PAN0000088,Street 88,Coimbatore,Tamil Nadu,641009
89,Madhan,Raj,Male,1992-10-16,9000000089,madhan89@bankmail.com,AADHAR00000089,PAN0000089,Street 89,Madurai,Tamil Nadu,625009
90,Aarthi,Rani,Female,1996-06-27,9000000090,aarthi90@bankmail.com,AADHAR00000090,PAN0000090,Street 90,Chennai,Tamil Nadu,600015
91,Rajesh,Kumar,Male,1990-08-19,9000000091,rajesh91@bankmail.com,AADHAR00000091,PAN0000091,Street 91,Bangalore,Karnataka,560013
92,Shalini,Devi,Female,1998-02-24,9000000092,shalini92@bankmail.com,AADHAR00000092,PAN0000092,Street 92,Hyderabad,Telangana,500010
93,Ganesh,Raj,Male,1993-10-03,9000000093,ganesh93@bankmail.com,AADHAR00000093,PAN0000093,Street 93,Mumbai,Maharashtra,400010
94,Rohini,Rani,Female,1997-12-11,9000000094,rohini94@bankmail.com,AADHAR00000094,PAN0000094,Street 94,Delhi,Delhi,110010
95,Prem,Kumar,Male,1994-04-28,9000000095,prem95@bankmail.com,AADHAR00000095,PAN0000095,Street 95,Pune,Maharashtra,411010
96,Kavitha,Devi,Female,1996-09-17,9000000096,kavitha96@bankmail.com,AADHAR00000096,PAN0000096,Street 96,Kochi,Kerala,682010
97,Rakesh,Raj,Male,1991-01-22,9000000097,rakesh97@bankmail.com,AADHAR00000097,PAN0000097,Street 97,Coimbatore,Tamil Nadu,641010
98,Deepa,Rani,Female,1995-07-05,9000000098,deepa98@bankmail.com,AADHAR00000098,PAN0000098,Street 98,Madurai,Tamil Nadu,625010
99,Santhosh,Kumar,Male,1992-03-09,9000000099,santhosh99@bankmail.com,AADHAR00000099,PAN0000099,Street 99,Chennai,Tamil Nadu,600016
100,Priyan,Devi,Female,1998-11-26,9000000100,priyan100@bankmail.com,AADHAR00000100,PAN0000100,Street 100,Bangalore,Karnataka,560014
101,Manoj,Kumar,Male,1993-05-14,9000000101,manoj101@bankmail.com,AADHAR00000101,PAN0000101,Street 101,Chennai,Tamil Nadu,600017
102,Harini,Devi,Female,1997-08-21,9000000102,harini102@bankmail.com,AADHAR00000102,PAN0000102,Street 102,Bangalore,Karnataka,560015
103,Vignesh,Raj,Male,1994-02-16,9000000103,vignesh103@bankmail.com,AADHAR00000103,PAN0000103,Street 103,Mumbai,Maharashtra,400011
104,Anitha,Kumar,Female,1996-11-08,9000000104,anitha104@bankmail.com,AADHAR00000104,PAN0000104,Street 104,Hyderabad,Telangana,500011
105,Prakash,Raj,Male,1992-06-25,9000000105,prakash105@bankmail.com,AADHAR00000105,PAN0000105,Street 105,Delhi,Delhi,110011
106,Sindhu,Rani,Female,1998-01-19,9000000106,sindhu106@bankmail.com,AADHAR00000106,PAN0000106,Street 106,Pune,Maharashtra,411011
107,Balaji,Kumar,Male,1995-09-07,9000000107,balaji107@bankmail.com,AADHAR00000107,PAN0000107,Street 107,Kochi,Kerala,682011
108,Keerthana,Devi,Female,1997-04-28,9000000108,keerthana108@bankmail.com,AADHAR00000108,PAN0000108,Street 108,Coimbatore,Tamil Nadu,641011
109,Kishore,Raj,Male,1991-12-15,9000000109,kishore109@bankmail.com,AADHAR00000109,PAN0000109,Street 109,Madurai,Tamil Nadu,625011
110,Meena,Kumar,Female,1996-03-30,9000000110,meena110@bankmail.com,AADHAR00000110,PAN0000110,Street 110,Chennai,Tamil Nadu,600018
111,Arun,Raj,Male,1993-07-12,9000000111,arun111@bankmail.com,AADHAR00000111,PAN0000111,Street 111,Bangalore,Karnataka,560016
112,Divya,Devi,Female,1998-10-23,9000000112,divya112@bankmail.com,AADHAR00000112,PAN0000112,Street 112,Hyderabad,Telangana,500012
113,Ravi,Kumar,Male,1992-05-09,9000000113,ravi113@bankmail.com,AADHAR00000113,PAN0000113,Street 113,Mumbai,Maharashtra,400012
114,Priya,Rani,Female,1997-02-18,9000000114,priya114@bankmail.com,AADHAR00000114,PAN0000114,Street 114,Delhi,Delhi,110012
115,Ajay,Raj,Male,1994-08-27,9000000115,ajay115@bankmail.com,AADHAR00000115,PAN0000115,Street 115,Pune,Maharashtra,411012
116,Nisha,Devi,Female,1999-01-05,9000000116,nisha116@bankmail.com,AADHAR00000116,PAN0000116,Street 116,Kochi,Kerala,682012
117,Suresh,Kumar,Male,1990-11-14,9000000117,suresh117@bankmail.com,AADHAR00000117,PAN0000117,Street 117,Coimbatore,Tamil Nadu,641012
118,Pooja,Rani,Female,1996-06-22,9000000118,pooja118@bankmail.com,AADHAR00000118,PAN0000118,Street 118,Madurai,Tamil Nadu,625012
119,Surya,Raj,Male,1995-04-03,9000000119,surya119@bankmail.com,AADHAR00000119,PAN0000119,Street 119,Chennai,Tamil Nadu,600019
120,Karthik,Kumar,Male,1993-09-29,9000000120,karthik120@bankmail.com,AADHAR00000120,PAN0000120,Street 120,Bangalore,Karnataka,560017
121,Manikandan,Raj,Male,1991-03-11,9000000121,mani121@bankmail.com,AADHAR00000121,PAN0000121,Street 121,Hyderabad,Telangana,500013
122,Lavanya,Devi,Female,1998-07-17,9000000122,lavanya122@bankmail.com,AADHAR00000122,PAN0000122,Street 122,Mumbai,Maharashtra,400013
123,Ramesh,Kumar,Male,1992-12-02,9000000123,ramesh123@bankmail.com,AADHAR00000123,PAN0000123,Street 123,Delhi,Delhi,110013
124,Anjali,Rani,Female,1996-05-26,9000000124,anjali124@bankmail.com,AADHAR00000124,PAN0000124,Street 124,Pune,Maharashtra,411013
125,Vijay,Raj,Male,1994-10-18,9000000125,vijay125@bankmail.com,AADHAR00000125,PAN0000125,Street 125,Kochi,Kerala,682013
126,Swetha,Devi,Female,1997-03-08,9000000126,swetha126@bankmail.com,AADHAR00000126,PAN0000126,Street 126,Coimbatore,Tamil Nadu,641013
127,Naveen,Kumar,Male,1995-11-21,9000000127,naveen127@bankmail.com,AADHAR00000127,PAN0000127,Street 127,Madurai,Tamil Nadu,625013
128,Kavitha,Rani,Female,1993-08-13,9000000128,kavitha128@bankmail.com,AADHAR00000128,PAN0000128,Street 128,Chennai,Tamil Nadu,600020
129,Rohit,Raj,Male,1992-01-24,9000000129,rohit129@bankmail.com,AADHAR00000129,PAN0000129,Street 129,Bangalore,Karnataka,560018
130,Deepa,Devi,Female,1998-09-16,9000000130,deepa130@bankmail.com,AADHAR00000130,PAN0000130,Street 130,Hyderabad,Telangana,500014
131,Aravind,Kumar,Male,1993-04-15,9000000131,aravind131@bankmail.com,AADHAR00000131,PAN0000131,Street 131,Chennai,Tamil Nadu,600021
132,Preethi,Rani,Female,1997-08-12,9000000132,preethi132@bankmail.com,AADHAR00000132,PAN0000132,Street 132,Bangalore,Karnataka,560019
133,Gokul,Raj,Male,1994-02-27,9000000133,gokul133@bankmail.com,AADHAR00000133,PAN0000133,Street 133,Mumbai,Maharashtra,400014
134,Aishwarya,Devi,Female,1996-11-05,9000000134,aishwarya134@bankmail.com,AADHAR00000134,PAN0000134,Street 134,Hyderabad,Telangana,500015
135,Sathish,Kumar,Male,1991-07-19,9000000135,sathish135@bankmail.com,AADHAR00000135,PAN0000135,Street 135,Delhi,Delhi,110014
136,Hema,Rani,Female,1998-03-24,9000000136,hema136@bankmail.com,AADHAR00000136,PAN0000136,Street 136,Pune,Maharashtra,411014
137,Praveen,Raj,Male,1995-10-09,9000000137,praveen137@bankmail.com,AADHAR00000137,PAN0000137,Street 137,Kochi,Kerala,682014
138,Monika,Devi,Female,1997-05-31,9000000138,monika138@bankmail.com,AADHAR00000138,PAN0000138,Street 138,Coimbatore,Tamil Nadu,641014
139,Madhan,Kumar,Male,1992-12-17,9000000139,madhan139@bankmail.com,AADHAR00000139,PAN0000139,Street 139,Madurai,Tamil Nadu,625014
140,Shalini,Rani,Female,1996-06-20,9000000140,shalini140@bankmail.com,AADHAR00000140,PAN0000140,Street 140,Chennai,Tamil Nadu,600022
141,Rakesh,Raj,Male,1993-01-13,9000000141,rakesh141@bankmail.com,AADHAR00000141,PAN0000141,Street 141,Bangalore,Karnataka,560020
142,Geetha,Devi,Female,1998-09-18,9000000142,geetha142@bankmail.com,AADHAR00000142,PAN0000142,Street 142,Hyderabad,Telangana,500016
143,Bharath,Kumar,Male,1994-05-25,9000000143,bharath143@bankmail.com,AADHAR00000143,PAN0000143,Street 143,Mumbai,Maharashtra,400015
144,Nandhini,Rani,Female,1997-02-06,9000000144,nandhini144@bankmail.com,AADHAR00000144,PAN0000144,Street 144,Delhi,Delhi,110015
145,Kishore,Raj,Male,1991-10-28,9000000145,kishore145@bankmail.com,AADHAR00000145,PAN0000145,Street 145,Pune,Maharashtra,411015
146,Lakshmi,Devi,Female,1996-04-11,9000000146,lakshmi146@bankmail.com,AADHAR00000146,PAN0000146,Street 146,Kochi,Kerala,682015
147,Senthil,Kumar,Male,1995-12-23,9000000147,senthil147@bankmail.com,AADHAR00000147,PAN0000147,Street 147,Coimbatore,Tamil Nadu,641015
148,Rithika,Rani,Female,1998-07-14,9000000148,rithika148@bankmail.com,AADHAR00000148,PAN0000148,Street 148,Madurai,Tamil Nadu,625015
149,Akash,Raj,Male,1993-03-30,9000000149,akash149@bankmail.com,AADHAR00000149,PAN0000149,Street 149,Chennai,Tamil Nadu,600023
150,Vaishnavi,Devi,Female,1997-11-16,9000000150,vaishnavi150@bankmail.com,AADHAR00000150,PAN0000150,Street 150,Bangalore,Karnataka,560021
151,Manoj,Raj,Male,1994-02-12,9000000151,manoj151@bankmail.com,AADHAR00000151,PAN0000151,Street 151,Hyderabad,Telangana,500017
152,Anitha,Devi,Female,1996-08-24,9000000152,anitha152@bankmail.com,AADHAR00000152,PAN0000152,Street 152,Chennai,Tamil Nadu,600024
153,Vasanth,Kumar,Male,1992-11-19,9000000153,vasanth153@bankmail.com,AADHAR00000153,PAN0000153,Street 153,Mumbai,Maharashtra,400016
154,Harini,Rani,Female,1998-04-07,9000000154,harini154@bankmail.com,AADHAR00000154,PAN0000154,Street 154,Bangalore,Karnataka,560022
155,Surya,Raj,Male,1995-09-15,9000000155,surya155@bankmail.com,AADHAR00000155,PAN0000155,Street 155,Delhi,Delhi,110016
156,Pavithra,Devi,Female,1997-01-29,9000000156,pavithra156@bankmail.com,AADHAR00000156,PAN0000156,Street 156,Pune,Maharashtra,411016
157,Dinesh,Kumar,Male,1993-06-18,9000000157,dinesh157@bankmail.com,AADHAR00000157,PAN0000157,Street 157,Kochi,Kerala,682016
158,Swetha,Rani,Female,1996-12-09,9000000158,swetha158@bankmail.com,AADHAR00000158,PAN0000158,Street 158,Coimbatore,Tamil Nadu,641016
159,Ajay,Raj,Male,1991-05-21,9000000159,ajay159@bankmail.com,AADHAR00000159,PAN0000159,Street 159,Madurai,Tamil Nadu,625016
160,Deepika,Devi,Female,1998-10-13,9000000160,deepika160@bankmail.com,AADHAR00000160,PAN0000160,Street 160,Chennai,Tamil Nadu,600025
161,Rohit,Kumar,Male,1994-03-05,9000000161,rohit161@bankmail.com,AADHAR00000161,PAN0000161,Street 161,Bangalore,Karnataka,560023
162,Kavitha,Rani,Female,1997-07-26,9000000162,kavitha162@bankmail.com,AADHAR00000162,PAN0000162,Street 162,Hyderabad,Telangana,500018
163,Prakash,Raj,Male,1992-09-11,9000000163,prakash163@bankmail.com,AADHAR00000163,PAN0000163,Street 163,Mumbai,Maharashtra,400017
164,Divya,Devi,Female,1996-01-22,9000000164,divya164@bankmail.com,AADHAR00000164,PAN0000164,Street 164,Delhi,Delhi,110017
165,Arun,Kumar,Male,1993-08-03,9000000165,arun165@bankmail.com,AADHAR00000165,PAN0000165,Street 165,Pune,Maharashtra,411017
166,Nisha,Rani,Female,1998-05-17,9000000166,nisha166@bankmail.com,AADHAR00000166,PAN0000166,Street 166,Kochi,Kerala,682017
167,Ganesh,Raj,Male,1995-11-28,9000000167,ganesh167@bankmail.com,AADHAR00000167,PAN0000167,Street 167,Coimbatore,Tamil Nadu,641017
168,Preethi,Devi,Female,1997-03-19,9000000168,preethi168@bankmail.com,AADHAR00000168,PAN0000168,Street 168,Madurai,Tamil Nadu,625017
169,Ramesh,Kumar,Male,1991-07-08,9000000169,ramesh169@bankmail.com,AADHAR00000169,PAN0000169,Street 169,Chennai,Tamil Nadu,600026
170,Anjali,Rani,Female,1996-10-25,9000000170,anjali170@bankmail.com,AADHAR00000170,PAN0000170,Street 170,Bangalore,Karnataka,560024
171,Vijay,Raj,Male,1994-04-16,9000000171,vijay171@bankmail.com,AADHAR00000171,PAN0000171,Street 171,Hyderabad,Telangana,500019
172,Keerthi,Devi,Female,1998-12-02,9000000172,keerthi172@bankmail.com,AADHAR00000172,PAN0000172,Street 172,Mumbai,Maharashtra,400018
173,Sanjay,Kumar,Male,1992-06-27,9000000173,sanjay173@bankmail.com,AADHAR00000173,PAN0000173,Street 173,Delhi,Delhi,110018
174,Meena,Rani,Female,1997-09-14,9000000174,meena174@bankmail.com,AADHAR00000174,PAN0000174,Street 174,Pune,Maharashtra,411018
175,Naveen,Raj,Male,1993-02-20,9000000175,naveen175@bankmail.com,AADHAR00000175,PAN0000175,Street 175,Kochi,Kerala,682018
176,Lavanya,Devi,Female,1996-05-31,9000000176,lavanya176@bankmail.com,AADHAR00000176,PAN0000176,Street 176,Coimbatore,Tamil Nadu,641018
177,Karthik,Kumar,Male,1995-08-18,9000000177,karthik177@bankmail.com,AADHAR00000177,PAN0000177,Street 177,Madurai,Tamil Nadu,625018
178,Rajesh,Raj,Male,1991-12-06,9000000178,rajesh178@bankmail.com,AADHAR00000178,PAN0000178,Street 178,Chennai,Tamil Nadu,600027
179,Shalini,Devi,Female,1998-04-23,9000000179,shalini179@bankmail.com,AADHAR00000179,PAN0000179,Street 179,Bangalore,Karnataka,560025
180,Bharath,Kumar,Male,1994-10-12,9000000180,bharath180@bankmail.com,AADHAR00000180,PAN0000180,Street 180,Hyderabad,Telangana,500020
181,Suresh,Raj,Male,1992-03-14,9000000181,suresh181@bankmail.com,AADHAR00000181,PAN0000181,Street 181,Chennai,Tamil Nadu,600028
182,Priya,Devi,Female,1997-08-09,9000000182,priya182@bankmail.com,AADHAR00000182,PAN0000182,Street 182,Bangalore,Karnataka,560026
183,Vignesh,Kumar,Male,1994-12-21,9000000183,vignesh183@bankmail.com,AADHAR00000183,PAN0000183,Street 183,Hyderabad,Telangana,500021
184,Anitha,Rani,Female,1996-05-17,9000000184,anitha184@bankmail.com,AADHAR00000184,PAN0000184,Street 184,Mumbai,Maharashtra,400019
185,Manoj,Raj,Male,1993-09-28,9000000185,manoj185@bankmail.com,AADHAR00000185,PAN0000185,Street 185,Delhi,Delhi,110019
186,Divya,Kumar,Female,1998-01-13,9000000186,divya186@bankmail.com,AADHAR00000186,PAN0000186,Street 186,Pune,Maharashtra,411019
187,Arun,Raj,Male,1995-06-25,9000000187,arun187@bankmail.com,AADHAR00000187,PAN0000187,Street 187,Kochi,Kerala,682019
188,Nisha,Devi,Female,1997-11-04,9000000188,nisha188@bankmail.com,AADHAR00000188,PAN0000188,Street 188,Coimbatore,Tamil Nadu,641019
189,Karthik,Raj,Male,1992-07-16,9000000189,karthik189@bankmail.com,AADHAR00000189,PAN0000189,Street 189,Madurai,Tamil Nadu,625019
190,Keerthi,Rani,Female,1996-02-27,9000000190,keerthi190@bankmail.com,AADHAR00000190,PAN0000190,Street 190,Chennai,Tamil Nadu,600029
191,Ravi,Kumar,Male,1991-10-08,9000000191,ravi191@bankmail.com,AADHAR00000191,PAN0000191,Street 191,Bangalore,Karnataka,560027
192,Swetha,Devi,Female,1998-06-19,9000000192,swetha192@bankmail.com,AADHAR00000192,PAN0000192,Street 192,Hyderabad,Telangana,500022
193,Ajay,Raj,Male,1994-04-03,9000000193,ajay193@bankmail.com,AADHAR00000193,PAN0000193,Street 193,Mumbai,Maharashtra,400020
194,Meena,Rani,Female,1997-09-12,9000000194,meena194@bankmail.com,AADHAR00000194,PAN0000194,Street 194,Delhi,Delhi,110020
195,Prakash,Kumar,Male,1993-01-29,9000000195,prakash195@bankmail.com,AADHAR00000195,PAN0000195,Street 195,Pune,Maharashtra,411020
196,Lavanya,Devi,Female,1996-07-22,9000000196,lavanya196@bankmail.com,AADHAR00000196,PAN0000196,Street 196,Kochi,Kerala,682020
197,Ramesh,Raj,Male,1992-11-15,9000000197,ramesh197@bankmail.com,AADHAR00000197,PAN0000197,Street 197,Coimbatore,Tamil Nadu,641020
198,Anjali,Kumar,Female,1998-03-07,9000000198,anjali198@bankmail.com,AADHAR00000198,PAN0000198,Street 198,Madurai,Tamil Nadu,625020
199,Vijay,Raj,Male,1995-08-26,9000000199,vijay199@bankmail.com,AADHAR00000199,PAN0000199,Street 199,Chennai,Tamil Nadu,600030
200,Pavithra,Devi,Female,1997-12-18,9000000200,pavithra200@bankmail.com,AADHAR00000200,PAN0000200,Street 200,Bangalore,Karnataka,560028
201,Arun,Kumar,Male,1993-05-11,9000000201,arun201@bankmail.com,AADHAR00000201,PAN0000201,Street 201,Chennai,Tamil Nadu,600031
202,Priya,Rani,Female,1997-08-23,9000000202,priya202@bankmail.com,AADHAR00000202,PAN0000202,Street 202,Bangalore,Karnataka,560029
203,Ravi,Raj,Male,1994-02-14,9000000203,ravi203@bankmail.com,AADHAR00000203,PAN0000203,Street 203,Hyderabad,Telangana,500023
204,Divya,Devi,Female,1996-11-06,9000000204,divya204@bankmail.com,AADHAR00000204,PAN0000204,Street 204,Mumbai,Maharashtra,400021
205,Karthik,Kumar,Male,1992-07-19,9000000205,karthik205@bankmail.com,AADHAR00000205,PAN0000205,Street 205,Delhi,Delhi,110021
206,Anitha,Rani,Female,1998-03-28,9000000206,anitha206@bankmail.com,AADHAR00000206,PAN0000206,Street 206,Pune,Maharashtra,411021
207,Vijay,Raj,Male,1995-09-13,9000000207,vijay207@bankmail.com,AADHAR00000207,PAN0000207,Street 207,Kochi,Kerala,682021
208,Nisha,Devi,Female,1997-06-17,9000000208,nisha208@bankmail.com,AADHAR00000208,PAN0000208,Street 208,Coimbatore,Tamil Nadu,641021
209,Suresh,Kumar,Male,1991-12-09,9000000209,suresh209@bankmail.com,AADHAR00000209,PAN0000209,Street 209,Madurai,Tamil Nadu,625021
210,Keerthi,Rani,Female,1996-04-25,9000000210,keerthi210@bankmail.com,AADHAR00000210,PAN0000210,Street 210,Chennai,Tamil Nadu,600032
211,Manoj,Raj,Male,1993-08-15,9000000211,manoj211@bankmail.com,AADHAR00000211,PAN0000211,Street 211,Bangalore,Karnataka,560030
212,Lakshmi,Devi,Female,1998-01-21,9000000212,lakshmi212@bankmail.com,AADHAR00000212,PAN0000212,Street 212,Hyderabad,Telangana,500024
213,Ramesh,Kumar,Male,1992-10-04,9000000213,ramesh213@bankmail.com,AADHAR00000213,PAN0000213,Street 213,Mumbai,Maharashtra,400022
214,Swetha,Rani,Female,1997-05-29,9000000214,swetha214@bankmail.com,AADHAR00000214,PAN0000214,Street 214,Delhi,Delhi,110022
215,Ajay,Raj,Male,1994-09-18,9000000215,ajay215@bankmail.com,AADHAR00000215,PAN0000215,Street 215,Pune,Maharashtra,411022
216,Meena,Devi,Female,1996-12-12,9000000216,meena216@bankmail.com,AADHAR00000216,PAN0000216,Street 216,Kochi,Kerala,682022
217,Prakash,Kumar,Male,1993-03-07,9000000217,prakash217@bankmail.com,AADHAR00000217,PAN0000217,Street 217,Coimbatore,Tamil Nadu,641022
218,Lavanya,Rani,Female,1998-07-30,9000000218,lavanya218@bankmail.com,AADHAR00000218,PAN0000218,Street 218,Madurai,Tamil Nadu,625022
219,Surya,Raj,Male,1995-11-16,9000000219,surya219@bankmail.com,AADHAR00000219,PAN0000219,Street 219,Chennai,Tamil Nadu,600033
220,Pavithra,Devi,Female,1997-02-08,9000000220,pavithra220@bankmail.com,AADHAR00000220,PAN0000220,Street 220,Bangalore,Karnataka,560031
221,Aravind,Kumar,Male,1993-06-12,9000000221,aravind221@bankmail.com,AADHAR00000221,PAN0000221,Street 221,Hyderabad,Telangana,500025
222,Anjali,Rani,Female,1997-09-25,9000000222,anjali222@bankmail.com,AADHAR00000222,PAN0000222,Street 222,Chennai,Tamil Nadu,600034
223,Gokul,Raj,Male,1994-01-17,9000000223,gokul223@bankmail.com,AADHAR00000223,PAN0000223,Street 223,Mumbai,Maharashtra,400023
224,Harini,Devi,Female,1998-05-08,9000000224,harini224@bankmail.com,AADHAR00000224,PAN0000224,Street 224,Bangalore,Karnataka,560032
225,Bharath,Kumar,Male,1992-11-22,9000000225,bharath225@bankmail.com,AADHAR00000225,PAN0000225,Street 225,Delhi,Delhi,110023
226,Keerthi,Rani,Female,1996-07-14,9000000226,keerthi226@bankmail.com,AADHAR00000226,PAN0000226,Street 226,Pune,Maharashtra,411023
227,Rohit,Raj,Male,1995-03-29,9000000227,rohit227@bankmail.com,AADHAR00000227,PAN0000227,Street 227,Kochi,Kerala,682023
228,Kavitha,Devi,Female,1997-12-16,9000000228,kavitha228@bankmail.com,AADHAR00000228,PAN0000228,Street 228,Coimbatore,Tamil Nadu,641023
229,Rajesh,Kumar,Male,1991-08-05,9000000229,rajesh229@bankmail.com,AADHAR00000229,PAN0000229,Street 229,Madurai,Tamil Nadu,625023
230,Deepika,Rani,Female,1998-04-27,9000000230,deepika230@bankmail.com,AADHAR00000230,PAN0000230,Street 230,Chennai,Tamil Nadu,600035
231,Sanjay,Raj,Male,1993-10-11,9000000231,sanjay231@bankmail.com,AADHAR00000231,PAN0000231,Street 231,Bangalore,Karnataka,560033
232,Nandhini,Devi,Female,1997-02-19,9000000232,nandhini232@bankmail.com,AADHAR00000232,PAN0000232,Street 232,Hyderabad,Telangana,500026
233,Kishore,Kumar,Male,1994-06-24,9000000233,kishore233@bankmail.com,AADHAR00000233,PAN0000233,Street 233,Mumbai,Maharashtra,400024
234,Lakshmi,Rani,Female,1996-11-03,9000000234,lakshmi234@bankmail.com,AADHAR00000234,PAN0000234,Street 234,Delhi,Delhi,110024
235,Senthil,Raj,Male,1992-05-15,9000000235,senthil235@bankmail.com,AADHAR00000235,PAN0000235,Street 235,Pune,Maharashtra,411024
236,Preethi,Devi,Female,1998-08-26,9000000236,preethi236@bankmail.com,AADHAR00000236,PAN0000236,Street 236,Kochi,Kerala,682024
237,Naveen,Kumar,Male,1995-01-30,9000000237,naveen237@bankmail.com,AADHAR00000237,PAN0000237,Street 237,Coimbatore,Tamil Nadu,641024
238,Shalini,Rani,Female,1997-07-07,9000000238,shalini238@bankmail.com,AADHAR00000238,PAN0000238,Street 238,Madurai,Tamil Nadu,625024
239,Madhan,Raj,Male,1993-12-20,9000000239,madhan239@bankmail.com,AADHAR00000239,PAN0000239,Street 239,Chennai,Tamil Nadu,600036
240,Aishwarya,Devi,Female,1998-03-13,9000000240,aishwarya240@bankmail.com,AADHAR00000240,PAN0000240,Street 240,Bangalore,Karnataka,560034
241,Vasanth,Kumar,Male,1992-09-09,9000000241,vasanth241@bankmail.com,AADHAR00000241,PAN0000241,Street 241,Hyderabad,Telangana,500027
242,Monika,Rani,Female,1996-04-21,9000000242,monika242@bankmail.com,AADHAR00000242,PAN0000242,Street 242,Mumbai,Maharashtra,400025
243,Manikandan,Raj,Male,1994-07-18,9000000243,mani243@bankmail.com,AADHAR00000243,PAN0000243,Street 243,Delhi,Delhi,110025
244,Swetha,Devi,Female,1997-10-06,9000000244,swetha244@bankmail.com,AADHAR00000244,PAN0000244,Street 244,Pune,Maharashtra,411025
245,Praveen,Kumar,Male,1993-02-28,9000000245,praveen245@bankmail.com,AADHAR00000245,PAN0000245,Street 245,Kochi,Kerala,682025
246,Geetha,Rani,Female,1998-06-14,9000000246,geetha246@bankmail.com,AADHAR00000246,PAN0000246,Street 246,Coimbatore,Tamil Nadu,641025
247,Akash,Raj,Male,1995-11-25,9000000247,akash247@bankmail.com,AADHAR00000247,PAN0000247,Street 247,Madurai,Tamil Nadu,625025
248,Revathi,Devi,Female,1996-01-16,9000000248,revathi248@bankmail.com,AADHAR00000248,PAN0000248,Street 248,Chennai,Tamil Nadu,600037
249,Dinesh,Kumar,Male,1992-08-30,9000000249,dinesh249@bankmail.com,AADHAR00000249,PAN0000249,Street 249,Bangalore,Karnataka,560035
250,Vaishnavi,Rani,Female,1997-05-20,9000000250,vaishnavi250@bankmail.com,AADHAR00000250,PAN0000250,Street 250,Hyderabad,Telangana,500028
251,Arun,Raj,Male,1993-04-18,9000000251,arun251@bankmail.com,AADHAR00000251,PAN0000251,Street 251,Chennai,Tamil Nadu,600038
252,Priya,Devi,Female,1997-08-05,9000000252,priya252@bankmail.com,AADHAR00000252,PAN0000252,Street 252,Bangalore,Karnataka,560036
253,Ravi,Kumar,Male,1994-12-11,9000000253,ravi253@bankmail.com,AADHAR00000253,PAN0000253,Street 253,Hyderabad,Telangana,500029
254,Divya,Rani,Female,1996-03-22,9000000254,divya254@bankmail.com,AADHAR00000254,PAN0000254,Street 254,Mumbai,Maharashtra,400026
255,Karthik,Raj,Male,1992-07-07,9000000255,karthik255@bankmail.com,AADHAR00000255,PAN0000255,Street 255,Delhi,Delhi,110026
256,Anitha,Devi,Female,1998-10-19,9000000256,anitha256@bankmail.com,AADHAR00000256,PAN0000256,Street 256,Pune,Maharashtra,411026
257,Vijay,Kumar,Male,1995-05-14,9000000257,vijay257@bankmail.com,AADHAR00000257,PAN0000257,Street 257,Kochi,Kerala,682026
258,Nisha,Rani,Female,1997-01-27,9000000258,nisha258@bankmail.com,AADHAR00000258,PAN0000258,Street 258,Coimbatore,Tamil Nadu,641026
259,Suresh,Raj,Male,1991-09-08,9000000259,suresh259@bankmail.com,AADHAR00000259,PAN0000259,Street 259,Madurai,Tamil Nadu,625026
260,Keerthi,Devi,Female,1996-06-30,9000000260,keerthi260@bankmail.com,AADHAR00000260,PAN0000260,Street 260,Chennai,Tamil Nadu,600039
261,Manoj,Kumar,Male,1993-11-12,9000000261,manoj261@bankmail.com,AADHAR00000261,PAN0000261,Street 261,Bangalore,Karnataka,560037
262,Lakshmi,Rani,Female,1998-02-24,9000000262,lakshmi262@bankmail.com,AADHAR00000262,PAN0000262,Street 262,Hyderabad,Telangana,500030
263,Ramesh,Raj,Male,1992-08-16,9000000263,ramesh263@bankmail.com,AADHAR00000263,PAN0000263,Street 263,Mumbai,Maharashtra,400027
264,Swetha,Devi,Female,1997-12-09,9000000264,swetha264@bankmail.com,AADHAR00000264,PAN0000264,Street 264,Delhi,Delhi,110027
265,Ajay,Kumar,Male,1994-04-26,9000000265,ajay265@bankmail.com,AADHAR00000265,PAN0000265,Street 265,Pune,Maharashtra,411027
266,Meena,Rani,Female,1996-09-17,9000000266,meena266@bankmail.com,AADHAR00000266,PAN0000266,Street 266,Kochi,Kerala,682027
267,Prakash,Raj,Male,1993-01-31,9000000267,prakash267@bankmail.com,AADHAR00000267,PAN0000267,Street 267,Coimbatore,Tamil Nadu,641027
268,Lavanya,Devi,Female,1998-07-13,9000000268,lavanya268@bankmail.com,AADHAR00000268,PAN0000268,Street 268,Madurai,Tamil Nadu,625027
269,Surya,Kumar,Male,1995-10-24,9000000269,surya269@bankmail.com,AADHAR00000269,PAN0000269,Street 269,Chennai,Tamil Nadu,600040
270,Pavithra,Rani,Female,1997-03-06,9000000270,pavithra270@bankmail.com,AADHAR00000270,PAN0000270,Street 270,Bangalore,Karnataka,560038
271,Aravind,Raj,Male,1994-06-15,9000000271,aravind271@bankmail.com,AADHAR00000271,PAN0000271,Street 271,Hyderabad,Telangana,500031
272,Anjali,Devi,Female,1998-11-28,9000000272,anjali272@bankmail.com,AADHAR00000272,PAN0000272,Street 272,Mumbai,Maharashtra,400028
273,Gokul,Kumar,Male,1992-05-19,9000000273,gokul273@bankmail.com,AADHAR00000273,PAN0000273,Street 273,Delhi,Delhi,110028
274,Harini,Rani,Female,1997-08-31,9000000274,harini274@bankmail.com,AADHAR00000274,PAN0000274,Street 274,Pune,Maharashtra,411028
275,Bharath,Raj,Male,1995-02-12,9000000275,bharath275@bankmail.com,AADHAR00000275,PAN0000275,Street 275,Kochi,Kerala,682028
276,Kavitha,Devi,Female,1996-10-20,9000000276,kavitha276@bankmail.com,AADHAR00000276,PAN0000276,Street 276,Coimbatore,Tamil Nadu,641028
277,Rohit,Kumar,Male,1993-07-03,9000000277,rohit277@bankmail.com,AADHAR00000277,PAN0000277,Street 277,Madurai,Tamil Nadu,625028
278,Deepika,Rani,Female,1998-04-14,9000000278,deepika278@bankmail.com,AADHAR00000278,PAN0000278,Street 278,Chennai,Tamil Nadu,600041
279,Sanjay,Raj,Male,1994-09-25,9000000279,sanjay279@bankmail.com,AADHAR00000279,PAN0000279,Street 279,Bangalore,Karnataka,560039
280,Nandhini,Devi,Female,1997-01-08,9000000280,nandhini280@bankmail.com,AADHAR00000280,PAN0000280,Street 280,Hyderabad,Telangana,500032
281,Kishore,Kumar,Male,1992-11-17,9000000281,kishore281@bankmail.com,AADHAR00000281,PAN0000281,Street 281,Mumbai,Maharashtra,400029
282,Lakshmi,Rani,Female,1998-06-22,9000000282,lakshmi282@bankmail.com,AADHAR00000282,PAN0000282,Street 282,Delhi,Delhi,110029
283,Senthil,Raj,Male,1995-03-13,9000000283,senthil283@bankmail.com,AADHAR00000283,PAN0000283,Street 283,Pune,Maharashtra,411029
284,Preethi,Devi,Female,1997-10-04,9000000284,preethi284@bankmail.com,AADHAR00000284,PAN0000284,Street 284,Kochi,Kerala,682029
285,Naveen,Kumar,Male,1993-05-27,9000000285,naveen285@bankmail.com,AADHAR00000285,PAN0000285,Street 285,Coimbatore,Tamil Nadu,641029
286,Shalini,Rani,Female,1996-12-16,9000000286,shalini286@bankmail.com,AADHAR00000286,PAN0000286,Street 286,Madurai,Tamil Nadu,625029
287,Madhan,Raj,Male,1994-08-09,9000000287,madhan287@bankmail.com,AADHAR00000287,PAN0000287,Street 287,Chennai,Tamil Nadu,600042
288,Aishwarya,Devi,Female,1998-02-26,9000000288,aishwarya288@bankmail.com,AADHAR00000288,PAN0000288,Street 288,Bangalore,Karnataka,560040
289,Vasanth,Kumar,Male,1992-10-15,9000000289,vasanth289@bankmail.com,AADHAR00000289,PAN0000289,Street 289,Hyderabad,Telangana,500033
290,Monika,Rani,Female,1997-07-21,9000000290,monika290@bankmail.com,AADHAR00000290,PAN0000290,Street 290,Mumbai,Maharashtra,400030
291,Manikandan,Raj,Male,1995-01-18,9000000291,mani291@bankmail.com,AADHAR00000291,PAN0000291,Street 291,Delhi,Delhi,110030
292,Swetha,Devi,Female,1998-09-07,9000000292,swetha292@bankmail.com,AADHAR00000292,PAN0000292,Street 292,Pune,Maharashtra,411030
293,Praveen,Kumar,Male,1993-04-29,9000000293,praveen293@bankmail.com,AADHAR00000293,PAN0000293,Street 293,Kochi,Kerala,682030
294,Geetha,Rani,Female,1996-11-11,9000000294,geetha294@bankmail.com,AADHAR00000294,PAN0000294,Street 294,Coimbatore,Tamil Nadu,641030
295,Akash,Raj,Male,1994-03-23,9000000295,akash295@bankmail.com,AADHAR00000295,PAN0000295,Street 295,Madurai,Tamil Nadu,625030
296,Revathi,Devi,Female,1997-08-18,9000000296,revathi296@bankmail.com,AADHAR00000296,PAN0000296,Street 296,Chennai,Tamil Nadu,600043
297,Dinesh,Kumar,Male,1992-12-27,9000000297,dinesh297@bankmail.com,AADHAR00000297,PAN0000297,Street 297,Bangalore,Karnataka,560041
298,Vaishnavi,Rani,Female,1998-05-06,9000000298,vaishnavi298@bankmail.com,AADHAR00000298,PAN0000298,Street 298,Hyderabad,Telangana,500034
299,Rajesh,Raj,Male,1995-09-19,9000000299,rajesh299@bankmail.com,AADHAR00000299,PAN0000299,Street 299,Mumbai,Maharashtra,400031
300,Sharmila,Devi,Female,1997-02-10,9000000300,sharmila300@bankmail.com,AADHAR00000300,PAN0000300,Street 300,Delhi,Delhi,110031
301,Arun,Kumar,Male,1993-05-12,9000000301,arun301@bankmail.com,AADHAR00000301,PAN0000301,Street 301,Chennai,Tamil Nadu,600044
302,Priya,Rani,Female,1997-08-24,9000000302,priya302@bankmail.com,AADHAR00000302,PAN0000302,Street 302,Bangalore,Karnataka,560042
303,Ravi,Raj,Male,1994-02-16,9000000303,ravi303@bankmail.com,AADHAR00000303,PAN0000303,Street 303,Hyderabad,Telangana,500035
304,Divya,Devi,Female,1996-11-09,9000000304,divya304@bankmail.com,AADHAR00000304,PAN0000304,Street 304,Mumbai,Maharashtra,400032
305,Karthik,Kumar,Male,1992-07-21,9000000305,karthik305@bankmail.com,AADHAR00000305,PAN0000305,Street 305,Delhi,Delhi,110032
306,Anitha,Rani,Female,1998-03-14,9000000306,anitha306@bankmail.com,AADHAR00000306,PAN0000306,Street 306,Pune,Maharashtra,411032
307,Vijay,Raj,Male,1995-09-27,9000000307,vijay307@bankmail.com,AADHAR00000307,PAN0000307,Street 307,Kochi,Kerala,682031
308,Nisha,Devi,Female,1997-06-18,9000000308,nisha308@bankmail.com,AADHAR00000308,PAN0000308,Street 308,Coimbatore,Tamil Nadu,641031
309,Suresh,Kumar,Male,1991-12-11,9000000309,suresh309@bankmail.com,AADHAR00000309,PAN0000309,Street 309,Madurai,Tamil Nadu,625031
310,Keerthi,Rani,Female,1996-04-26,9000000310,keerthi310@bankmail.com,AADHAR00000310,PAN0000310,Street 310,Chennai,Tamil Nadu,600045
311,Manoj,Raj,Male,1993-08-17,9000000311,manoj311@bankmail.com,AADHAR00000311,PAN0000311,Street 311,Bangalore,Karnataka,560043
312,Lakshmi,Devi,Female,1998-01-23,9000000312,lakshmi312@bankmail.com,AADHAR00000312,PAN0000312,Street 312,Hyderabad,Telangana,500036
313,Ramesh,Kumar,Male,1992-10-05,9000000313,ramesh313@bankmail.com,AADHAR00000313,PAN0000313,Street 313,Mumbai,Maharashtra,400033
314,Swetha,Rani,Female,1997-05-30,9000000314,swetha314@bankmail.com,AADHAR00000314,PAN0000314,Street 314,Delhi,Delhi,110033
315,Ajay,Raj,Male,1994-09-20,9000000315,ajay315@bankmail.com,AADHAR00000315,PAN0000315,Street 315,Pune,Maharashtra,411033
316,Meena,Devi,Female,1996-12-13,9000000316,meena316@bankmail.com,AADHAR00000316,PAN0000316,Street 316,Kochi,Kerala,682032
317,Prakash,Kumar,Male,1993-03-09,9000000317,prakash317@bankmail.com,AADHAR00000317,PAN0000317,Street 317,Coimbatore,Tamil Nadu,641032
318,Lavanya,Rani,Female,1998-07-31,9000000318,lavanya318@bankmail.com,AADHAR00000318,PAN0000318,Street 318,Madurai,Tamil Nadu,625032
319,Surya,Raj,Male,1995-11-18,9000000319,surya319@bankmail.com,AADHAR00000319,PAN0000319,Street 319,Chennai,Tamil Nadu,600046
320,Pavithra,Devi,Female,1997-02-10,9000000320,pavithra320@bankmail.com,AADHAR00000320,PAN0000320,Street 320,Bangalore,Karnataka,560044
321,Aravind,Kumar,Male,1994-06-13,9000000321,aravind321@bankmail.com,AADHAR00000321,PAN0000321,Street 321,Hyderabad,Telangana,500037
322,Anjali,Rani,Female,1998-11-25,9000000322,anjali322@bankmail.com,AADHAR00000322,PAN0000322,Street 322,Mumbai,Maharashtra,400034
323,Gokul,Raj,Male,1992-05-20,9000000323,gokul323@bankmail.com,AADHAR00000323,PAN0000323,Street 323,Delhi,Delhi,110034
324,Harini,Devi,Female,1997-08-31,9000000324,harini324@bankmail.com,AADHAR00000324,PAN0000324,Street 324,Pune,Maharashtra,411034
325,Bharath,Kumar,Male,1995-02-14,9000000325,bharath325@bankmail.com,AADHAR00000325,PAN0000325,Street 325,Kochi,Kerala,682033
326,Kavitha,Rani,Female,1996-10-22,9000000326,kavitha326@bankmail.com,AADHAR00000326,PAN0000326,Street 326,Coimbatore,Tamil Nadu,641033
327,Rohit,Raj,Male,1993-07-05,9000000327,rohit327@bankmail.com,AADHAR00000327,PAN0000327,Street 327,Madurai,Tamil Nadu,625033
328,Deepika,Devi,Female,1998-04-16,9000000328,deepika328@bankmail.com,AADHAR00000328,PAN0000328,Street 328,Chennai,Tamil Nadu,600047
329,Sanjay,Kumar,Male,1994-09-27,9000000329,sanjay329@bankmail.com,AADHAR00000329,PAN0000329,Street 329,Bangalore,Karnataka,560045
330,Nandhini,Rani,Female,1997-01-09,9000000330,nandhini330@bankmail.com,AADHAR00000330,PAN0000330,Street 330,Hyderabad,Telangana,500038
331,Kishore,Raj,Male,1992-11-18,9000000331,kishore331@bankmail.com,AADHAR00000331,PAN0000331,Street 331,Mumbai,Maharashtra,400035
332,Lakshmi,Devi,Female,1998-06-23,9000000332,lakshmi332@bankmail.com,AADHAR00000332,PAN0000332,Street 332,Delhi,Delhi,110035
333,Senthil,Kumar,Male,1995-03-14,9000000333,senthil333@bankmail.com,AADHAR00000333,PAN0000333,Street 333,Pune,Maharashtra,411035
334,Preethi,Rani,Female,1997-10-06,9000000334,preethi334@bankmail.com,AADHAR00000334,PAN0000334,Street 334,Kochi,Kerala,682034
335,Naveen,Raj,Male,1993-05-28,9000000335,naveen335@bankmail.com,AADHAR00000335,PAN0000335,Street 335,Coimbatore,Tamil Nadu,641034
336,Shalini,Devi,Female,1996-12-17,9000000336,shalini336@bankmail.com,AADHAR00000336,PAN0000336,Street 336,Madurai,Tamil Nadu,625034
337,Madhan,Kumar,Male,1994-08-11,9000000337,madhan337@bankmail.com,AADHAR00000337,PAN0000337,Street 337,Chennai,Tamil Nadu,600048
338,Aishwarya,Rani,Female,1998-02-28,9000000338,aishwarya338@bankmail.com,AADHAR00000338,PAN0000338,Street 338,Bangalore,Karnataka,560046
339,Vasanth,Raj,Male,1992-10-17,9000000339,vasanth339@bankmail.com,AADHAR00000339,PAN0000339,Street 339,Hyderabad,Telangana,500039
340,Monika,Devi,Female,1997-07-23,9000000340,monika340@bankmail.com,AADHAR00000340,PAN0000340,Street 340,Mumbai,Maharashtra,400036
341,Manikandan,Kumar,Male,1995-01-19,9000000341,mani341@bankmail.com,AADHAR00000341,PAN0000341,Street 341,Delhi,Delhi,110036
342,Swetha,Rani,Female,1998-09-08,9000000342,swetha342@bankmail.com,AADHAR00000342,PAN0000342,Street 342,Pune,Maharashtra,411036
343,Praveen,Raj,Male,1993-04-30,9000000343,praveen343@bankmail.com,AADHAR00000343,PAN0000343,Street 343,Kochi,Kerala,682035
344,Geetha,Devi,Female,1996-11-12,9000000344,geetha344@bankmail.com,AADHAR00000344,PAN0000344,Street 344,Coimbatore,Tamil Nadu,641035
345,Akash,Kumar,Male,1994-03-24,9000000345,akash345@bankmail.com,AADHAR00000345,PAN0000345,Street 345,Madurai,Tamil Nadu,625035
346,Revathi,Rani,Female,1997-08-19,9000000346,revathi346@bankmail.com,AADHAR00000346,PAN0000346,Street 346,Chennai,Tamil Nadu,600049
347,Dinesh,Raj,Male,1992-12-28,9000000347,dinesh347@bankmail.com,AADHAR00000347,PAN0000347,Street 347,Bangalore,Karnataka,560047
348,Vaishnavi,Devi,Female,1998-05-07,9000000348,vaishnavi348@bankmail.com,AADHAR00000348,PAN0000348,Street 348,Hyderabad,Telangana,500040
349,Rajesh,Kumar,Male,1995-09-20,9000000349,rajesh349@bankmail.com,AADHAR00000349,PAN0000349,Street 349,Mumbai,Maharashtra,400037
350,Sharmila,Rani,Female,1997-02-11,9000000350,sharmila350@bankmail.com,AADHAR00000350,PAN0000350,Street 350,Delhi,Delhi,110037
351,Arun,Raj,Male,1993-06-15,9000000351,arun351@bankmail.com,AADHAR00000351,PAN0000351,Street 351,Chennai,Tamil Nadu,600050
352,Priya,Devi,Female,1997-09-27,9000000352,priya352@bankmail.com,AADHAR00000352,PAN0000352,Street 352,Bangalore,Karnataka,560048
353,Ravi,Kumar,Male,1994-01-19,9000000353,ravi353@bankmail.com,AADHAR00000353,PAN0000353,Street 353,Hyderabad,Telangana,500041
354,Divya,Rani,Female,1996-05-08,9000000354,divya354@bankmail.com,AADHAR00000354,PAN0000354,Street 354,Mumbai,Maharashtra,400038
355,Karthik,Raj,Male,1992-11-22,9000000355,karthik355@bankmail.com,AADHAR00000355,PAN0000355,Street 355,Delhi,Delhi,110038
356,Anitha,Devi,Female,1998-03-16,9000000356,anitha356@bankmail.com,AADHAR00000356,PAN0000356,Street 356,Pune,Maharashtra,411038
357,Vijay,Kumar,Male,1995-10-29,9000000357,vijay357@bankmail.com,AADHAR00000357,PAN0000357,Street 357,Kochi,Kerala,682036
358,Nisha,Rani,Female,1997-07-18,9000000358,nisha358@bankmail.com,AADHAR00000358,PAN0000358,Street 358,Coimbatore,Tamil Nadu,641036
359,Suresh,Raj,Male,1991-12-12,9000000359,suresh359@bankmail.com,AADHAR00000359,PAN0000359,Street 359,Madurai,Tamil Nadu,625036
360,Keerthi,Devi,Female,1996-04-27,9000000360,keerthi360@bankmail.com,AADHAR00000360,PAN0000360,Street 360,Chennai,Tamil Nadu,600051
361,Manoj,Kumar,Male,1993-08-18,9000000361,manoj361@bankmail.com,AADHAR00000361,PAN0000361,Street 361,Bangalore,Karnataka,560049
362,Lakshmi,Rani,Female,1998-01-24,9000000362,lakshmi362@bankmail.com,AADHAR00000362,PAN0000362,Street 362,Hyderabad,Telangana,500042
363,Ramesh,Raj,Male,1992-10-06,9000000363,ramesh363@bankmail.com,AADHAR00000363,PAN0000363,Street 363,Mumbai,Maharashtra,400039
364,Swetha,Devi,Female,1997-05-31,9000000364,swetha364@bankmail.com,AADHAR00000364,PAN0000364,Street 364,Delhi,Delhi,110039
365,Ajay,Kumar,Male,1994-09-21,9000000365,ajay365@bankmail.com,AADHAR00000365,PAN0000365,Street 365,Pune,Maharashtra,411039
366,Meena,Rani,Female,1996-12-14,9000000366,meena366@bankmail.com,AADHAR00000366,PAN0000366,Street 366,Kochi,Kerala,682037
367,Prakash,Raj,Male,1993-03-10,9000000367,prakash367@bankmail.com,AADHAR00000367,PAN0000367,Street 367,Coimbatore,Tamil Nadu,641037
368,Lavanya,Devi,Female,1998-07-31,9000000368,lavanya368@bankmail.com,AADHAR00000368,PAN0000368,Street 368,Madurai,Tamil Nadu,625037
369,Surya,Kumar,Male,1995-11-19,9000000369,surya369@bankmail.com,AADHAR00000369,PAN0000369,Street 369,Chennai,Tamil Nadu,600052
370,Pavithra,Rani,Female,1997-02-11,9000000370,pavithra370@bankmail.com,AADHAR00000370,PAN0000370,Street 370,Bangalore,Karnataka,560050
371,Aravind,Raj,Male,1994-06-14,9000000371,aravind371@bankmail.com,AADHAR00000371,PAN0000371,Street 371,Hyderabad,Telangana,500043
372,Anjali,Devi,Female,1998-11-26,9000000372,anjali372@bankmail.com,AADHAR00000372,PAN0000372,Street 372,Mumbai,Maharashtra,400040
373,Gokul,Kumar,Male,1992-05-21,9000000373,gokul373@bankmail.com,AADHAR00000373,PAN0000373,Street 373,Delhi,Delhi,110040
374,Harini,Rani,Female,1997-08-31,9000000374,harini374@bankmail.com,AADHAR00000374,PAN0000374,Street 374,Pune,Maharashtra,411040
375,Bharath,Raj,Male,1995-02-15,9000000375,bharath375@bankmail.com,AADHAR00000375,PAN0000375,Street 375,Kochi,Kerala,682038
376,Kavitha,Devi,Female,1996-10-23,9000000376,kavitha376@bankmail.com,AADHAR00000376,PAN0000376,Street 376,Coimbatore,Tamil Nadu,641038
377,Rohit,Kumar,Male,1993-07-06,9000000377,rohit377@bankmail.com,AADHAR00000377,PAN0000377,Street 377,Madurai,Tamil Nadu,625038
378,Deepika,Rani,Female,1998-04-17,9000000378,deepika378@bankmail.com,AADHAR00000378,PAN0000378,Street 378,Chennai,Tamil Nadu,600053
379,Sanjay,Raj,Male,1994-09-28,9000000379,sanjay379@bankmail.com,AADHAR00000379,PAN0000379,Street 379,Bangalore,Karnataka,560051
380,Nandhini,Devi,Female,1997-01-10,9000000380,nandhini380@bankmail.com,AADHAR00000380,PAN0000380,Street 380,Hyderabad,Telangana,500044
381,Kishore,Kumar,Male,1992-11-19,9000000381,kishore381@bankmail.com,AADHAR00000381,PAN0000381,Street 381,Mumbai,Maharashtra,400041
382,Lakshmi,Rani,Female,1998-06-24,9000000382,lakshmi382@bankmail.com,AADHAR00000382,PAN0000382,Street 382,Delhi,Delhi,110041
383,Senthil,Raj,Male,1995-03-15,9000000383,senthil383@bankmail.com,AADHAR00000383,PAN0000383,Street 383,Pune,Maharashtra,411041
384,Preethi,Devi,Female,1997-10-07,9000000384,preethi384@bankmail.com,AADHAR00000384,PAN0000384,Street 384,Kochi,Kerala,682039
385,Naveen,Kumar,Male,1993-05-29,9000000385,naveen385@bankmail.com,AADHAR00000385,PAN0000385,Street 385,Coimbatore,Tamil Nadu,641039
386,Shalini,Rani,Female,1996-12-18,9000000386,shalini386@bankmail.com,AADHAR00000386,PAN0000386,Street 386,Madurai,Tamil Nadu,625039
387,Madhan,Raj,Male,1994-08-12,9000000387,madhan387@bankmail.com,AADHAR00000387,PAN0000387,Street 387,Chennai,Tamil Nadu,600054
388,Aishwarya,Devi,Female,1998-02-28,9000000388,aishwarya388@bankmail.com,AADHAR00000388,PAN0000388,Street 388,Bangalore,Karnataka,560052
389,Vasanth,Kumar,Male,1992-10-18,9000000389,vasanth389@bankmail.com,AADHAR00000389,PAN0000389,Street 389,Hyderabad,Telangana,500045
390,Monika,Rani,Female,1997-07-24,9000000390,monika390@bankmail.com,AADHAR00000390,PAN0000390,Street 390,Mumbai,Maharashtra,400042
391,Manikandan,Raj,Male,1995-01-20,9000000391,mani391@bankmail.com,AADHAR00000391,PAN0000391,Street 391,Delhi,Delhi,110042
392,Swetha,Devi,Female,1998-09-09,9000000392,swetha392@bankmail.com,AADHAR00000392,PAN0000392,Street 392,Pune,Maharashtra,411042
393,Praveen,Kumar,Male,1993-04-30,9000000393,praveen393@bankmail.com,AADHAR00000393,PAN0000393,Street 393,Kochi,Kerala,682040
394,Geetha,Rani,Female,1996-11-13,9000000394,geetha394@bankmail.com,AADHAR00000394,PAN0000394,Street 394,Coimbatore,Tamil Nadu,641040
395,Akash,Raj,Male,1994-03-25,9000000395,akash395@bankmail.com,AADHAR00000395,PAN0000395,Street 395,Madurai,Tamil Nadu,625040
396,Revathi,Devi,Female,1997-08-20,9000000396,revathi396@bankmail.com,AADHAR00000396,PAN0000396,Street 396,Chennai,Tamil Nadu,600055
397,Dinesh,Kumar,Male,1992-12-29,9000000397,dinesh397@bankmail.com,AADHAR00000397,PAN0000397,Street 397,Bangalore,Karnataka,560053
398,Vaishnavi,Rani,Female,1998-05-08,9000000398,vaishnavi398@bankmail.com,AADHAR00000398,PAN0000398,Street 398,Hyderabad,Telangana,500046
399,Rajesh,Raj,Male,1995-09-21,9000000399,rajesh399@bankmail.com,AADHAR00000399,PAN0000399,Street 399,Mumbai,Maharashtra,400043
400,Sharmila,Devi,Female,1997-02-12,9000000400,sharmila400@bankmail.com,AADHAR00000400,PAN0000400,Street 400,Delhi,Delhi,110043
401,Arun,Kumar,Male,1993-05-13,9000000401,arun401@bankmail.com,AADHAR00000401,PAN0000401,Street 401,Chennai,Tamil Nadu,600056
402,Priya,Rani,Female,1997-08-25,9000000402,priya402@bankmail.com,AADHAR00000402,PAN0000402,Street 402,Bangalore,Karnataka,560054
403,Ravi,Raj,Male,1994-02-17,9000000403,ravi403@bankmail.com,AADHAR00000403,PAN0000403,Street 403,Hyderabad,Telangana,500047
404,Divya,Devi,Female,1996-11-10,9000000404,divya404@bankmail.com,AADHAR00000404,PAN0000404,Street 404,Mumbai,Maharashtra,400044
405,Karthik,Kumar,Male,1992-07-22,9000000405,karthik405@bankmail.com,AADHAR00000405,PAN0000405,Street 405,Delhi,Delhi,110044
406,Anitha,Rani,Female,1998-03-15,9000000406,anitha406@bankmail.com,AADHAR00000406,PAN0000406,Street 406,Pune,Maharashtra,411044
407,Vijay,Raj,Male,1995-09-28,9000000407,vijay407@bankmail.com,AADHAR00000407,PAN0000407,Street 407,Kochi,Kerala,682041
408,Nisha,Devi,Female,1997-06-19,9000000408,nisha408@bankmail.com,AADHAR00000408,PAN0000408,Street 408,Coimbatore,Tamil Nadu,641041
409,Suresh,Kumar,Male,1991-12-12,9000000409,suresh409@bankmail.com,AADHAR00000409,PAN0000409,Street 409,Madurai,Tamil Nadu,625041
410,Keerthi,Rani,Female,1996-04-27,9000000410,keerthi410@bankmail.com,AADHAR00000410,PAN0000410,Street 410,Chennai,Tamil Nadu,600057
411,Manoj,Raj,Male,1993-08-18,9000000411,manoj411@bankmail.com,AADHAR00000411,PAN0000411,Street 411,Bangalore,Karnataka,560055
412,Lakshmi,Devi,Female,1998-01-24,9000000412,lakshmi412@bankmail.com,AADHAR00000412,PAN0000412,Street 412,Hyderabad,Telangana,500048
413,Ramesh,Kumar,Male,1992-10-06,9000000413,ramesh413@bankmail.com,AADHAR00000413,PAN0000413,Street 413,Mumbai,Maharashtra,400045
414,Swetha,Rani,Female,1997-05-31,9000000414,swetha414@bankmail.com,AADHAR00000414,PAN0000414,Street 414,Delhi,Delhi,110045
415,Ajay,Raj,Male,1994-09-21,9000000415,ajay415@bankmail.com,AADHAR00000415,PAN0000415,Street 415,Pune,Maharashtra,411045
416,Meena,Devi,Female,1996-12-14,9000000416,meena416@bankmail.com,AADHAR00000416,PAN0000416,Street 416,Kochi,Kerala,682042
417,Prakash,Kumar,Male,1993-03-10,9000000417,prakash417@bankmail.com,AADHAR00000417,PAN0000417,Street 417,Coimbatore,Tamil Nadu,641042
418,Lavanya,Rani,Female,1998-07-31,9000000418,lavanya418@bankmail.com,AADHAR00000418,PAN0000418,Street 418,Madurai,Tamil Nadu,625042
419,Surya,Raj,Male,1995-11-19,9000000419,surya419@bankmail.com,AADHAR00000419,PAN0000419,Street 419,Chennai,Tamil Nadu,600058
420,Pavithra,Devi,Female,1997-02-11,9000000420,pavithra420@bankmail.com,AADHAR00000420,PAN0000420,Street 420,Bangalore,Karnataka,560056
421,Aravind,Kumar,Male,1994-06-14,9000000421,aravind421@bankmail.com,AADHAR00000421,PAN0000421,Street 421,Hyderabad,Telangana,500049
422,Anjali,Rani,Female,1998-11-26,9000000422,anjali422@bankmail.com,AADHAR00000422,PAN0000422,Street 422,Mumbai,Maharashtra,400046
423,Gokul,Raj,Male,1992-05-21,9000000423,gokul423@bankmail.com,AADHAR00000423,PAN0000423,Street 423,Delhi,Delhi,110046
424,Harini,Devi,Female,1997-08-31,9000000424,harini424@bankmail.com,AADHAR00000424,PAN0000424,Street 424,Pune,Maharashtra,411046
425,Bharath,Kumar,Male,1995-02-15,9000000425,bharath425@bankmail.com,AADHAR00000425,PAN0000425,Street 425,Kochi,Kerala,682043
426,Kavitha,Rani,Female,1996-10-23,9000000426,kavitha426@bankmail.com,AADHAR00000426,PAN0000426,Street 426,Coimbatore,Tamil Nadu,641043
427,Rohit,Raj,Male,1993-07-06,9000000427,rohit427@bankmail.com,AADHAR00000427,PAN0000427,Street 427,Madurai,Tamil Nadu,625043
428,Deepika,Devi,Female,1998-04-17,9000000428,deepika428@bankmail.com,AADHAR00000428,PAN0000428,Street 428,Chennai,Tamil Nadu,600059
429,Sanjay,Kumar,Male,1994-09-28,9000000429,sanjay429@bankmail.com,AADHAR00000429,PAN0000429,Street 429,Bangalore,Karnataka,560057
430,Nandhini,Rani,Female,1997-01-10,9000000430,nandhini430@bankmail.com,AADHAR00000430,PAN0000430,Street 430,Hyderabad,Telangana,500050
431,Kishore,Raj,Male,1992-11-19,9000000431,kishore431@bankmail.com,AADHAR00000431,PAN0000431,Street 431,Mumbai,Maharashtra,400047
432,Lakshmi,Devi,Female,1998-06-24,9000000432,lakshmi432@bankmail.com,AADHAR00000432,PAN0000432,Street 432,Delhi,Delhi,110047
433,Senthil,Kumar,Male,1995-03-15,9000000433,senthil433@bankmail.com,AADHAR00000433,PAN0000433,Street 433,Pune,Maharashtra,411047
434,Preethi,Rani,Female,1997-10-07,9000000434,preethi434@bankmail.com,AADHAR00000434,PAN0000434,Street 434,Kochi,Kerala,682044
435,Naveen,Raj,Male,1993-05-29,9000000435,naveen435@bankmail.com,AADHAR00000435,PAN0000435,Street 435,Coimbatore,Tamil Nadu,641044
436,Shalini,Devi,Female,1996-12-18,9000000436,shalini436@bankmail.com,AADHAR00000436,PAN0000436,Street 436,Madurai,Tamil Nadu,625044
437,Madhan,Kumar,Male,1994-08-12,9000000437,madhan437@bankmail.com,AADHAR00000437,PAN0000437,Street 437,Chennai,Tamil Nadu,600060
438,Aishwarya,Rani,Female,1998-02-28,9000000438,aishwarya438@bankmail.com,AADHAR00000438,PAN0000438,Street 438,Bangalore,Karnataka,560058
439,Vasanth,Raj,Male,1992-10-18,9000000439,vasanth439@bankmail.com,AADHAR00000439,PAN0000439,Street 439,Hyderabad,Telangana,500051
440,Monika,Devi,Female,1997-07-24,9000000440,monika440@bankmail.com,AADHAR00000440,PAN0000440,Street 440,Mumbai,Maharashtra,400048
441,Manikandan,Kumar,Male,1995-01-20,9000000441,mani441@bankmail.com,AADHAR00000441,PAN0000441,Street 441,Delhi,Delhi,110048
442,Swetha,Rani,Female,1998-09-09,9000000442,swetha442@bankmail.com,AADHAR00000442,PAN0000442,Street 442,Pune,Maharashtra,411048
443,Praveen,Raj,Male,1993-04-30,9000000443,praveen443@bankmail.com,AADHAR00000443,PAN0000443,Street 443,Kochi,Kerala,682045
444,Geetha,Devi,Female,1996-11-13,9000000444,geetha444@bankmail.com,AADHAR00000444,PAN0000444,Street 444,Coimbatore,Tamil Nadu,641045
445,Akash,Kumar,Male,1994-03-25,9000000445,akash445@bankmail.com,AADHAR00000445,PAN0000445,Street 445,Madurai,Tamil Nadu,625045
446,Revathi,Rani,Female,1997-08-20,9000000446,revathi446@bankmail.com,AADHAR00000446,PAN0000446,Street 446,Chennai,Tamil Nadu,600061
447,Dinesh,Raj,Male,1992-12-29,9000000447,dinesh447@bankmail.com,AADHAR00000447,PAN0000447,Street 447,Bangalore,Karnataka,560059
448,Vaishnavi,Devi,Female,1998-05-08,9000000448,vaishnavi448@bankmail.com,AADHAR00000448,PAN0000448,Street 448,Hyderabad,Telangana,500052
449,Rajesh,Kumar,Male,1995-09-21,9000000449,rajesh449@bankmail.com,AADHAR00000449,PAN0000449,Street 449,Mumbai,Maharashtra,400049
450,Sharmila,Rani,Female,1997-02-12,9000000450,sharmila450@bankmail.com,AADHAR00000450,PAN0000450,Street 450,Delhi,Delhi,110049
451,Arun,Raj,Male,1993-06-16,9000000451,arun451@bankmail.com,AADHAR00000451,PAN0000451,Street 451,Chennai,Tamil Nadu,600062
452,Priya,Devi,Female,1997-09-28,9000000452,priya452@bankmail.com,AADHAR00000452,PAN0000452,Street 452,Bangalore,Karnataka,560060
453,Ravi,Kumar,Male,1994-01-20,9000000453,ravi453@bankmail.com,AADHAR00000453,PAN0000453,Street 453,Hyderabad,Telangana,500053
454,Divya,Rani,Female,1996-05-09,9000000454,divya454@bankmail.com,AADHAR00000454,PAN0000454,Street 454,Mumbai,Maharashtra,400050
455,Karthik,Raj,Male,1992-11-23,9000000455,karthik455@bankmail.com,AADHAR00000455,PAN0000455,Street 455,Delhi,Delhi,110050
456,Anitha,Devi,Female,1998-03-17,9000000456,anitha456@bankmail.com,AADHAR00000456,PAN0000456,Street 456,Pune,Maharashtra,411050
457,Vijay,Kumar,Male,1995-10-30,9000000457,vijay457@bankmail.com,AADHAR00000457,PAN0000457,Street 457,Kochi,Kerala,682046
458,Nisha,Rani,Female,1997-07-19,9000000458,nisha458@bankmail.com,AADHAR00000458,PAN0000458,Street 458,Coimbatore,Tamil Nadu,641046
459,Suresh,Raj,Male,1991-12-13,9000000459,suresh459@bankmail.com,AADHAR00000459,PAN0000459,Street 459,Madurai,Tamil Nadu,625046
460,Keerthi,Devi,Female,1996-04-28,9000000460,keerthi460@bankmail.com,AADHAR00000460,PAN0000460,Street 460,Chennai,Tamil Nadu,600063
461,Manoj,Kumar,Male,1993-08-19,9000000461,manoj461@bankmail.com,AADHAR00000461,PAN0000461,Street 461,Bangalore,Karnataka,560061
462,Lakshmi,Rani,Female,1998-01-25,9000000462,lakshmi462@bankmail.com,AADHAR00000462,PAN0000462,Street 462,Hyderabad,Telangana,500054
463,Ramesh,Raj,Male,1992-10-07,9000000463,ramesh463@bankmail.com,AADHAR00000463,PAN0000463,Street 463,Mumbai,Maharashtra,400051
464,Swetha,Devi,Female,1997-06-01,9000000464,swetha464@bankmail.com,AADHAR00000464,PAN0000464,Street 464,Delhi,Delhi,110051
465,Ajay,Kumar,Male,1994-09-22,9000000465,ajay465@bankmail.com,AADHAR00000465,PAN0000465,Street 465,Pune,Maharashtra,411051
466,Meena,Rani,Female,1996-12-15,9000000466,meena466@bankmail.com,AADHAR00000466,PAN0000466,Street 466,Kochi,Kerala,682047
467,Prakash,Raj,Male,1993-03-11,9000000467,prakash467@bankmail.com,AADHAR00000467,PAN0000467,Street 467,Coimbatore,Tamil Nadu,641047
468,Lavanya,Devi,Female,1998-08-01,9000000468,lavanya468@bankmail.com,AADHAR00000468,PAN0000468,Street 468,Madurai,Tamil Nadu,625047
469,Surya,Kumar,Male,1995-11-20,9000000469,surya469@bankmail.com,AADHAR00000469,PAN0000469,Street 469,Chennai,Tamil Nadu,600064
470,Pavithra,Rani,Female,1997-02-12,9000000470,pavithra470@bankmail.com,AADHAR00000470,PAN0000470,Street 470,Bangalore,Karnataka,560062
471,Aravind,Raj,Male,1994-06-15,9000000471,aravind471@bankmail.com,AADHAR00000471,PAN0000471,Street 471,Hyderabad,Telangana,500055
472,Anjali,Devi,Female,1998-11-27,9000000472,anjali472@bankmail.com,AADHAR00000472,PAN0000472,Street 472,Mumbai,Maharashtra,400052
473,Gokul,Kumar,Male,1992-05-22,9000000473,gokul473@bankmail.com,AADHAR00000473,PAN0000473,Street 473,Delhi,Delhi,110052
474,Harini,Rani,Female,1997-09-01,9000000474,harini474@bankmail.com,AADHAR00000474,PAN0000474,Street 474,Pune,Maharashtra,411052
475,Bharath,Raj,Male,1995-02-16,9000000475,bharath475@bankmail.com,AADHAR00000475,PAN0000475,Street 475,Kochi,Kerala,682048
476,Kavitha,Devi,Female,1996-10-24,9000000476,kavitha476@bankmail.com,AADHAR00000476,PAN0000476,Street 476,Coimbatore,Tamil Nadu,641048
477,Rohit,Kumar,Male,1993-07-07,9000000477,rohit477@bankmail.com,AADHAR00000477,PAN0000477,Street 477,Madurai,Tamil Nadu,625048
478,Deepika,Rani,Female,1998-04-18,9000000478,deepika478@bankmail.com,AADHAR00000478,PAN0000478,Street 478,Chennai,Tamil Nadu,600065
479,Sanjay,Raj,Male,1994-09-29,9000000479,sanjay479@bankmail.com,AADHAR00000479,PAN0000479,Street 479,Bangalore,Karnataka,560063
480,Nandhini,Devi,Female,1997-01-11,9000000480,nandhini480@bankmail.com,AADHAR00000480,PAN0000480,Street 480,Hyderabad,Telangana,500056
481,Kishore,Kumar,Male,1992-11-20,9000000481,kishore481@bankmail.com,AADHAR00000481,PAN0000481,Street 481,Mumbai,Maharashtra,400053
482,Lakshmi,Rani,Female,1998-06-25,9000000482,lakshmi482@bankmail.com,AADHAR00000482,PAN0000482,Street 482,Delhi,Delhi,110053
483,Senthil,Raj,Male,1995-03-16,9000000483,senthil483@bankmail.com,AADHAR00000483,PAN0000483,Street 483,Pune,Maharashtra,411053
484,Preethi,Devi,Female,1997-10-08,9000000484,preethi484@bankmail.com,AADHAR00000484,PAN0000484,Street 484,Kochi,Kerala,682049
485,Naveen,Kumar,Male,1993-05-30,9000000485,naveen485@bankmail.com,AADHAR00000485,PAN0000485,Street 485,Coimbatore,Tamil Nadu,641049
486,Shalini,Rani,Female,1996-12-19,9000000486,shalini486@bankmail.com,AADHAR00000486,PAN0000486,Street 486,Madurai,Tamil Nadu,625049
487,Madhan,Raj,Male,1994-08-13,9000000487,madhan487@bankmail.com,AADHAR00000487,PAN0000487,Street 487,Chennai,Tamil Nadu,600066
488,Aishwarya,Devi,Female,1998-03-01,9000000488,aishwarya488@bankmail.com,AADHAR00000488,PAN0000488,Street 488,Bangalore,Karnataka,560064
489,Vasanth,Kumar,Male,1992-10-19,9000000489,vasanth489@bankmail.com,AADHAR00000489,PAN0000489,Street 489,Hyderabad,Telangana,500057
490,Monika,Rani,Female,1997-07-25,9000000490,monika490@bankmail.com,AADHAR00000490,PAN0000490,Street 490,Mumbai,Maharashtra,400054
491,Manikandan,Raj,Male,1995-01-21,9000000491,mani491@bankmail.com,AADHAR00000491,PAN0000491,Street 491,Delhi,Delhi,110054
492,Swetha,Devi,Female,1998-09-10,9000000492,swetha492@bankmail.com,AADHAR00000492,PAN0000492,Street 492,Pune,Maharashtra,411054
493,Praveen,Kumar,Male,1993-05-01,9000000493,praveen493@bankmail.com,AADHAR00000493,PAN0000493,Street 493,Kochi,Kerala,682050
494,Geetha,Rani,Female,1996-11-14,9000000494,geetha494@bankmail.com,AADHAR00000494,PAN0000494,Street 494,Coimbatore,Tamil Nadu,641050
495,Akash,Raj,Male,1994-03-26,9000000495,akash495@bankmail.com,AADHAR00000495,PAN0000495,Street 495,Madurai,Tamil Nadu,625050
496,Revathi,Devi,Female,1997-08-21,9000000496,revathi496@bankmail.com,AADHAR00000496,PAN0000496,Street 496,Chennai,Tamil Nadu,600067
497,Dinesh,Kumar,Male,1992-12-30,9000000497,dinesh497@bankmail.com,AADHAR00000497,PAN0000497,Street 497,Bangalore,Karnataka,560065
498,Vaishnavi,Rani,Female,1998-05-09,9000000498,vaishnavi498@bankmail.com,AADHAR00000498,PAN0000498,Street 498,Hyderabad,Telangana,500058
499,Rajesh,Raj,Male,1995-09-22,9000000499,rajesh499@bankmail.com,AADHAR00000499,PAN0000499,Street 499,Mumbai,Maharashtra,400055
500,Sharmila,Devi,Female,1997-02-13,9000000500,sharmila500@bankmail.com,AADHAR00000500,PAN0000500,Street 500,Delhi,Delhi,110055
501,Arun,Kumar,Male,1993-05-14,9000000501,arun501@bankmail.com,AADHAR00000501,PAN0000501,Street 501,Chennai,Tamil Nadu,600068
502,Priya,Rani,Female,1997-08-26,9000000502,priya502@bankmail.com,AADHAR00000502,PAN0000502,Street 502,Bangalore,Karnataka,560066
503,Ravi,Raj,Male,1994-02-18,9000000503,ravi503@bankmail.com,AADHAR00000503,PAN0000503,Street 503,Hyderabad,Telangana,500059
504,Divya,Devi,Female,1996-11-11,9000000504,divya504@bankmail.com,AADHAR00000504,PAN0000504,Street 504,Mumbai,Maharashtra,400056
505,Karthik,Kumar,Male,1992-07-23,9000000505,karthik505@bankmail.com,AADHAR00000505,PAN0000505,Street 505,Delhi,Delhi,110056
506,Anitha,Rani,Female,1998-03-18,9000000506,anitha506@bankmail.com,AADHAR00000506,PAN0000506,Street 506,Pune,Maharashtra,411056
507,Vijay,Raj,Male,1995-09-29,9000000507,vijay507@bankmail.com,AADHAR00000507,PAN0000507,Street 507,Kochi,Kerala,682051
508,Nisha,Devi,Female,1997-06-20,9000000508,nisha508@bankmail.com,AADHAR00000508,PAN0000508,Street 508,Coimbatore,Tamil Nadu,641051
509,Suresh,Kumar,Male,1991-12-14,9000000509,suresh509@bankmail.com,AADHAR00000509,PAN0000509,Street 509,Madurai,Tamil Nadu,625051
510,Keerthi,Rani,Female,1996-04-29,9000000510,keerthi510@bankmail.com,AADHAR00000510,PAN0000510,Street 510,Chennai,Tamil Nadu,600069
511,Manoj,Raj,Male,1993-08-20,9000000511,manoj511@bankmail.com,AADHAR00000511,PAN0000511,Street 511,Bangalore,Karnataka,560067
512,Lakshmi,Devi,Female,1998-01-26,9000000512,lakshmi512@bankmail.com,AADHAR00000512,PAN0000512,Street 512,Hyderabad,Telangana,500060
513,Ramesh,Kumar,Male,1992-10-08,9000000513,ramesh513@bankmail.com,AADHAR00000513,PAN0000513,Street 513,Mumbai,Maharashtra,400057
514,Swetha,Rani,Female,1997-06-02,9000000514,swetha514@bankmail.com,AADHAR00000514,PAN0000514,Street 514,Delhi,Delhi,110057
515,Ajay,Raj,Male,1994-09-23,9000000515,ajay515@bankmail.com,AADHAR00000515,PAN0000515,Street 515,Pune,Maharashtra,411057
516,Meena,Devi,Female,1996-12-16,9000000516,meena516@bankmail.com,AADHAR00000516,PAN0000516,Street 516,Kochi,Kerala,682052
517,Prakash,Kumar,Male,1993-03-12,9000000517,prakash517@bankmail.com,AADHAR00000517,PAN0000517,Street 517,Coimbatore,Tamil Nadu,641052
518,Lavanya,Rani,Female,1998-08-02,9000000518,lavanya518@bankmail.com,AADHAR00000518,PAN0000518,Street 518,Madurai,Tamil Nadu,625052
519,Surya,Raj,Male,1995-11-21,9000000519,surya519@bankmail.com,AADHAR00000519,PAN0000519,Street 519,Chennai,Tamil Nadu,600070
520,Pavithra,Devi,Female,1997-02-13,9000000520,pavithra520@bankmail.com,AADHAR00000520,PAN0000520,Street 520,Bangalore,Karnataka,560068
521,Aravind,Kumar,Male,1994-06-16,9000000521,aravind521@bankmail.com,AADHAR00000521,PAN0000521,Street 521,Hyderabad,Telangana,500061
522,Anjali,Rani,Female,1998-11-28,9000000522,anjali522@bankmail.com,AADHAR00000522,PAN0000522,Street 522,Mumbai,Maharashtra,400058
523,Gokul,Raj,Male,1992-05-23,9000000523,gokul523@bankmail.com,AADHAR00000523,PAN0000523,Street 523,Delhi,Delhi,110058
524,Harini,Devi,Female,1997-09-02,9000000524,harini524@bankmail.com,AADHAR00000524,PAN0000524,Street 524,Pune,Maharashtra,411058
525,Bharath,Kumar,Male,1995-02-17,9000000525,bharath525@bankmail.com,AADHAR00000525,PAN0000525,Street 525,Kochi,Kerala,682053
526,Kavitha,Rani,Female,1996-10-25,9000000526,kavitha526@bankmail.com,AADHAR00000526,PAN0000526,Street 526,Coimbatore,Tamil Nadu,641053
527,Rohit,Raj,Male,1993-07-08,9000000527,rohit527@bankmail.com,AADHAR00000527,PAN0000527,Street 527,Madurai,Tamil Nadu,625053
528,Deepika,Devi,Female,1998-04-19,9000000528,deepika528@bankmail.com,AADHAR00000528,PAN0000528,Street 528,Chennai,Tamil Nadu,600071
529,Sanjay,Kumar,Male,1994-09-30,9000000529,sanjay529@bankmail.com,AADHAR00000529,PAN0000529,Street 529,Bangalore,Karnataka,560069
530,Nandhini,Rani,Female,1997-01-12,9000000530,nandhini530@bankmail.com,AADHAR00000530,PAN0000530,Street 530,Hyderabad,Telangana,500062
531,Kishore,Raj,Male,1992-11-21,9000000531,kishore531@bankmail.com,AADHAR00000531,PAN0000531,Street 531,Mumbai,Maharashtra,400059
532,Lakshmi,Devi,Female,1998-06-26,9000000532,lakshmi532@bankmail.com,AADHAR00000532,PAN0000532,Street 532,Delhi,Delhi,110059
533,Senthil,Kumar,Male,1995-03-17,9000000533,senthil533@bankmail.com,AADHAR00000533,PAN0000533,Street 533,Pune,Maharashtra,411059
534,Preethi,Rani,Female,1997-10-09,9000000534,preethi534@bankmail.com,AADHAR00000534,PAN0000534,Street 534,Kochi,Kerala,682054
535,Naveen,Raj,Male,1993-05-31,9000000535,naveen535@bankmail.com,AADHAR00000535,PAN0000535,Street 535,Coimbatore,Tamil Nadu,641054
536,Shalini,Devi,Female,1996-12-20,9000000536,shalini536@bankmail.com,AADHAR00000536,PAN0000536,Street 536,Madurai,Tamil Nadu,625054
537,Madhan,Kumar,Male,1994-08-14,9000000537,madhan537@bankmail.com,AADHAR00000537,PAN0000537,Street 537,Chennai,Tamil Nadu,600072
538,Aishwarya,Rani,Female,1998-03-02,9000000538,aishwarya538@bankmail.com,AADHAR00000538,PAN0000538,Street 538,Bangalore,Karnataka,560070
539,Vasanth,Raj,Male,1992-10-20,9000000539,vasanth539@bankmail.com,AADHAR00000539,PAN0000539,Street 539,Hyderabad,Telangana,500063
540,Monika,Devi,Female,1997-07-26,9000000540,monika540@bankmail.com,AADHAR00000540,PAN0000540,Street 540,Mumbai,Maharashtra,400060
541,Manikandan,Kumar,Male,1995-01-22,9000000541,mani541@bankmail.com,AADHAR00000541,PAN0000541,Street 541,Delhi,Delhi,110060
542,Swetha,Rani,Female,1998-09-11,9000000542,swetha542@bankmail.com,AADHAR00000542,PAN0000542,Street 542,Pune,Maharashtra,411060
543,Praveen,Raj,Male,1993-05-02,9000000543,praveen543@bankmail.com,AADHAR00000543,PAN0000543,Street 543,Kochi,Kerala,682055
544,Geetha,Devi,Female,1996-11-15,9000000544,geetha544@bankmail.com,AADHAR00000544,PAN0000544,Street 544,Coimbatore,Tamil Nadu,641055
545,Akash,Kumar,Male,1994-03-27,9000000545,akash545@bankmail.com,AADHAR00000545,PAN0000545,Street 545,Madurai,Tamil Nadu,625055
546,Revathi,Rani,Female,1997-08-22,9000000546,revathi546@bankmail.com,AADHAR00000546,PAN0000546,Street 546,Chennai,Tamil Nadu,600073
547,Dinesh,Raj,Male,1992-12-31,9000000547,dinesh547@bankmail.com,AADHAR00000547,PAN0000547,Street 547,Bangalore,Karnataka,560071
548,Vaishnavi,Devi,Female,1998-05-10,9000000548,vaishnavi548@bankmail.com,AADHAR00000548,PAN0000548,Street 548,Hyderabad,Telangana,500064
549,Rajesh,Kumar,Male,1995-09-23,9000000549,rajesh549@bankmail.com,AADHAR00000549,PAN0000549,Street 549,Mumbai,Maharashtra,400061
550,Sharmila,Rani,Female,1997-02-14,9000000550,sharmila550@bankmail.com,AADHAR00000550,PAN0000550,Street 550,Delhi,Delhi,110061
551,Arun,Raj,Male,1993-06-17,9000000551,arun551@bankmail.com,AADHAR00000551,PAN0000551,Street 551,Chennai,Tamil Nadu,600074
552,Priya,Devi,Female,1997-09-29,9000000552,priya552@bankmail.com,AADHAR00000552,PAN0000552,Street 552,Bangalore,Karnataka,560072
553,Ravi,Kumar,Male,1994-01-21,9000000553,ravi553@bankmail.com,AADHAR00000553,PAN0000553,Street 553,Hyderabad,Telangana,500065
554,Divya,Rani,Female,1996-05-10,9000000554,divya554@bankmail.com,AADHAR00000554,PAN0000554,Street 554,Mumbai,Maharashtra,400062
555,Karthik,Raj,Male,1992-11-24,9000000555,karthik555@bankmail.com,AADHAR00000555,PAN0000555,Street 555,Delhi,Delhi,110062
556,Anitha,Devi,Female,1998-03-19,9000000556,anitha556@bankmail.com,AADHAR00000556,PAN0000556,Street 556,Pune,Maharashtra,411062
557,Vijay,Kumar,Male,1995-10-31,9000000557,vijay557@bankmail.com,AADHAR00000557,PAN0000557,Street 557,Kochi,Kerala,682056
558,Nisha,Rani,Female,1997-06-21,9000000558,nisha558@bankmail.com,AADHAR00000558,PAN0000558,Street 558,Coimbatore,Tamil Nadu,641056
559,Suresh,Raj,Male,1991-12-15,9000000559,suresh559@bankmail.com,AADHAR00000559,PAN0000559,Street 559,Madurai,Tamil Nadu,625056
560,Keerthi,Devi,Female,1996-04-30,9000000560,keerthi560@bankmail.com,AADHAR00000560,PAN0000560,Street 560,Chennai,Tamil Nadu,600075
561,Manoj,Kumar,Male,1993-08-21,9000000561,manoj561@bankmail.com,AADHAR00000561,PAN0000561,Street 561,Bangalore,Karnataka,560073
562,Lakshmi,Rani,Female,1998-01-27,9000000562,lakshmi562@bankmail.com,AADHAR00000562,PAN0000562,Street 562,Hyderabad,Telangana,500066
563,Ramesh,Raj,Male,1992-10-09,9000000563,ramesh563@bankmail.com,AADHAR00000563,PAN0000563,Street 563,Mumbai,Maharashtra,400063
564,Swetha,Devi,Female,1997-06-03,9000000564,swetha564@bankmail.com,AADHAR00000564,PAN0000564,Street 564,Delhi,Delhi,110063
565,Ajay,Kumar,Male,1994-09-24,9000000565,ajay565@bankmail.com,AADHAR00000565,PAN0000565,Street 565,Pune,Maharashtra,411063
566,Meena,Rani,Female,1996-12-17,9000000566,meena566@bankmail.com,AADHAR00000566,PAN0000566,Street 566,Kochi,Kerala,682057
567,Prakash,Raj,Male,1993-03-13,9000000567,prakash567@bankmail.com,AADHAR00000567,PAN0000567,Street 567,Coimbatore,Tamil Nadu,641057
568,Lavanya,Devi,Female,1998-08-03,9000000568,lavanya568@bankmail.com,AADHAR00000568,PAN0000568,Street 568,Madurai,Tamil Nadu,625057
569,Surya,Kumar,Male,1995-11-22,9000000569,surya569@bankmail.com,AADHAR00000569,PAN0000569,Street 569,Chennai,Tamil Nadu,600076
570,Pavithra,Rani,Female,1997-02-14,9000000570,pavithra570@bankmail.com,AADHAR00000570,PAN0000570,Street 570,Bangalore,Karnataka,560074
571,Aravind,Raj,Male,1994-06-17,9000000571,aravind571@bankmail.com,AADHAR00000571,PAN0000571,Street 571,Hyderabad,Telangana,500067
572,Anjali,Devi,Female,1998-11-29,9000000572,anjali572@bankmail.com,AADHAR00000572,PAN0000572,Street 572,Mumbai,Maharashtra,400064
573,Gokul,Kumar,Male,1992-05-24,9000000573,gokul573@bankmail.com,AADHAR00000573,PAN0000573,Street 573,Delhi,Delhi,110064
574,Harini,Rani,Female,1997-09-03,9000000574,harini574@bankmail.com,AADHAR00000574,PAN0000574,Street 574,Pune,Maharashtra,411064
575,Bharath,Raj,Male,1995-02-18,9000000575,bharath575@bankmail.com,AADHAR00000575,PAN0000575,Street 575,Kochi,Kerala,682058
576,Kavitha,Devi,Female,1996-10-26,9000000576,kavitha576@bankmail.com,AADHAR00000576,PAN0000576,Street 576,Coimbatore,Tamil Nadu,641058
577,Rohit,Kumar,Male,1993-07-09,9000000577,rohit577@bankmail.com,AADHAR00000577,PAN0000577,Street 577,Madurai,Tamil Nadu,625058
578,Deepika,Rani,Female,1998-04-20,9000000578,deepika578@bankmail.com,AADHAR00000578,PAN0000578,Street 578,Chennai,Tamil Nadu,600077
579,Sanjay,Raj,Male,1994-09-30,9000000579,sanjay579@bankmail.com,AADHAR00000579,PAN0000579,Street 579,Bangalore,Karnataka,560075
580,Nandhini,Devi,Female,1997-01-13,9000000580,nandhini580@bankmail.com,AADHAR00000580,PAN0000580,Street 580,Hyderabad,Telangana,500068
581,Kishore,Kumar,Male,1992-11-22,9000000581,kishore581@bankmail.com,AADHAR00000581,PAN0000581,Street 581,Mumbai,Maharashtra,400065
582,Lakshmi,Rani,Female,1998-06-27,9000000582,lakshmi582@bankmail.com,AADHAR00000582,PAN0000582,Street 582,Delhi,Delhi,110065
583,Senthil,Raj,Male,1995-03-18,9000000583,senthil583@bankmail.com,AADHAR00000583,PAN0000583,Street 583,Pune,Maharashtra,411065
584,Preethi,Devi,Female,1997-10-10,9000000584,preethi584@bankmail.com,AADHAR00000584,PAN0000584,Street 584,Kochi,Kerala,682059
585,Naveen,Kumar,Male,1993-06-01,9000000585,naveen585@bankmail.com,AADHAR00000585,PAN0000585,Street 585,Coimbatore,Tamil Nadu,641059
586,Shalini,Rani,Female,1996-12-21,9000000586,shalini586@bankmail.com,AADHAR00000586,PAN0000586,Street 586,Madurai,Tamil Nadu,625059
587,Madhan,Raj,Male,1994-08-15,9000000587,madhan587@bankmail.com,AADHAR00000587,PAN0000587,Street 587,Chennai,Tamil Nadu,600078
588,Aishwarya,Devi,Female,1998-03-03,9000000588,aishwarya588@bankmail.com,AADHAR00000588,PAN0000588,Street 588,Bangalore,Karnataka,560076
589,Vasanth,Kumar,Male,1992-10-21,9000000589,vasanth589@bankmail.com,AADHAR00000589,PAN0000589,Street 589,Hyderabad,Telangana,500069
590,Monika,Rani,Female,1997-07-27,9000000590,monika590@bankmail.com,AADHAR00000590,PAN0000590,Street 590,Mumbai,Maharashtra,400066
591,Manikandan,Raj,Male,1995-01-23,9000000591,mani591@bankmail.com,AADHAR00000591,PAN0000591,Street 591,Delhi,Delhi,110066
592,Swetha,Devi,Female,1998-09-12,9000000592,swetha592@bankmail.com,AADHAR00000592,PAN0000592,Street 592,Pune,Maharashtra,411066
593,Praveen,Kumar,Male,1993-05-03,9000000593,praveen593@bankmail.com,AADHAR00000593,PAN0000593,Street 593,Kochi,Kerala,682060
594,Geetha,Rani,Female,1996-11-16,9000000594,geetha594@bankmail.com,AADHAR00000594,PAN0000594,Street 594,Coimbatore,Tamil Nadu,641060
595,Akash,Raj,Male,1994-03-28,9000000595,akash595@bankmail.com,AADHAR00000595,PAN0000595,Street 595,Madurai,Tamil Nadu,625060
596,Revathi,Devi,Female,1997-08-23,9000000596,revathi596@bankmail.com,AADHAR00000596,PAN0000596,Street 596,Chennai,Tamil Nadu,600079
597,Dinesh,Kumar,Male,1992-12-31,9000000597,dinesh597@bankmail.com,AADHAR00000597,PAN0000597,Street 597,Bangalore,Karnataka,560077
598,Vaishnavi,Rani,Female,1998-05-11,9000000598,vaishnavi598@bankmail.com,AADHAR00000598,PAN0000598,Street 598,Hyderabad,Telangana,500070
599,Rajesh,Raj,Male,1995-09-24,9000000599,rajesh599@bankmail.com,AADHAR00000599,PAN0000599,Street 599,Mumbai,Maharashtra,400067
600,Sharmila,Devi,Female,1997-02-15,9000000600,sharmila600@bankmail.com,AADHAR00000600,PAN0000600,Street 600,Delhi,Delhi,110067
601,Arun,Kumar,Male,1993-05-15,9000000601,arun601@bankmail.com,AADHAR00000601,PAN0000601,Street 601,Chennai,Tamil Nadu,600080
602,Priya,Rani,Female,1997-08-27,9000000602,priya602@bankmail.com,AADHAR00000602,PAN0000602,Street 602,Bangalore,Karnataka,560078
603,Ravi,Raj,Male,1994-02-19,9000000603,ravi603@bankmail.com,AADHAR00000603,PAN0000603,Street 603,Hyderabad,Telangana,500071
604,Divya,Devi,Female,1996-11-12,9000000604,divya604@bankmail.com,AADHAR00000604,PAN0000604,Street 604,Mumbai,Maharashtra,400068
605,Karthik,Kumar,Male,1992-07-24,9000000605,karthik605@bankmail.com,AADHAR00000605,PAN0000605,Street 605,Delhi,Delhi,110068
606,Anitha,Rani,Female,1998-03-20,9000000606,anitha606@bankmail.com,AADHAR00000606,PAN0000606,Street 606,Pune,Maharashtra,411068
607,Vijay,Raj,Male,1995-09-30,9000000607,vijay607@bankmail.com,AADHAR00000607,PAN0000607,Street 607,Kochi,Kerala,682061
608,Nisha,Devi,Female,1997-06-22,9000000608,nisha608@bankmail.com,AADHAR00000608,PAN0000608,Street 608,Coimbatore,Tamil Nadu,641061
609,Suresh,Kumar,Male,1991-12-16,9000000609,suresh609@bankmail.com,AADHAR00000609,PAN0000609,Street 609,Madurai,Tamil Nadu,625061
610,Keerthi,Rani,Female,1996-04-30,9000000610,keerthi610@bankmail.com,AADHAR00000610,PAN0000610,Street 610,Chennai,Tamil Nadu,600081
611,Manoj,Raj,Male,1993-08-22,9000000611,manoj611@bankmail.com,AADHAR00000611,PAN0000611,Street 611,Bangalore,Karnataka,560079
612,Lakshmi,Devi,Female,1998-01-28,9000000612,lakshmi612@bankmail.com,AADHAR00000612,PAN0000612,Street 612,Hyderabad,Telangana,500072
613,Ramesh,Kumar,Male,1992-10-10,9000000613,ramesh613@bankmail.com,AADHAR00000613,PAN0000613,Street 613,Mumbai,Maharashtra,400069
614,Swetha,Rani,Female,1997-06-04,9000000614,swetha614@bankmail.com,AADHAR00000614,PAN0000614,Street 614,Delhi,Delhi,110069
615,Ajay,Raj,Male,1994-09-25,9000000615,ajay615@bankmail.com,AADHAR00000615,PAN0000615,Street 615,Pune,Maharashtra,411069
616,Meena,Devi,Female,1996-12-18,9000000616,meena616@bankmail.com,AADHAR00000616,PAN0000616,Street 616,Kochi,Kerala,682062
617,Prakash,Kumar,Male,1993-03-14,9000000617,prakash617@bankmail.com,AADHAR00000617,PAN0000617,Street 617,Coimbatore,Tamil Nadu,641062
618,Lavanya,Rani,Female,1998-08-04,9000000618,lavanya618@bankmail.com,AADHAR00000618,PAN0000618,Street 618,Madurai,Tamil Nadu,625062
619,Surya,Raj,Male,1995-11-23,9000000619,surya619@bankmail.com,AADHAR00000619,PAN0000619,Street 619,Chennai,Tamil Nadu,600082
620,Pavithra,Devi,Female,1997-02-15,9000000620,pavithra620@bankmail.com,AADHAR00000620,PAN0000620,Street 620,Bangalore,Karnataka,560080
621,Aravind,Kumar,Male,1994-06-18,9000000621,aravind621@bankmail.com,AADHAR00000621,PAN0000621,Street 621,Hyderabad,Telangana,500073
622,Anjali,Rani,Female,1998-11-30,9000000622,anjali622@bankmail.com,AADHAR00000622,PAN0000622,Street 622,Mumbai,Maharashtra,400070
623,Gokul,Raj,Male,1992-05-25,9000000623,gokul623@bankmail.com,AADHAR00000623,PAN0000623,Street 623,Delhi,Delhi,110070
624,Harini,Devi,Female,1997-09-04,9000000624,harini624@bankmail.com,AADHAR00000624,PAN0000624,Street 624,Pune,Maharashtra,411070
625,Bharath,Kumar,Male,1995-02-19,9000000625,bharath625@bankmail.com,AADHAR00000625,PAN0000625,Street 625,Kochi,Kerala,682063
626,Kavitha,Rani,Female,1996-10-27,9000000626,kavitha626@bankmail.com,AADHAR00000626,PAN0000626,Street 626,Coimbatore,Tamil Nadu,641063
627,Rohit,Raj,Male,1993-07-10,9000000627,rohit627@bankmail.com,AADHAR00000627,PAN0000627,Street 627,Madurai,Tamil Nadu,625063
628,Deepika,Devi,Female,1998-04-21,9000000628,deepika628@bankmail.com,AADHAR00000628,PAN0000628,Street 628,Chennai,Tamil Nadu,600083
629,Sanjay,Kumar,Male,1994-10-01,9000000629,sanjay629@bankmail.com,AADHAR00000629,PAN0000629,Street 629,Bangalore,Karnataka,560081
630,Nandhini,Rani,Female,1997-01-14,9000000630,nandhini630@bankmail.com,AADHAR00000630,PAN0000630,Street 630,Hyderabad,Telangana,500074
631,Kishore,Raj,Male,1992-11-23,9000000631,kishore631@bankmail.com,AADHAR00000631,PAN0000631,Street 631,Mumbai,Maharashtra,400071
632,Lakshmi,Devi,Female,1998-06-28,9000000632,lakshmi632@bankmail.com,AADHAR00000632,PAN0000632,Street 632,Delhi,Delhi,110071
633,Senthil,Kumar,Male,1995-03-19,9000000633,senthil633@bankmail.com,AADHAR00000633,PAN0000633,Street 633,Pune,Maharashtra,411071
634,Preethi,Rani,Female,1997-10-11,9000000634,preethi634@bankmail.com,AADHAR00000634,PAN0000634,Street 634,Kochi,Kerala,682064
635,Naveen,Raj,Male,1993-06-02,9000000635,naveen635@bankmail.com,AADHAR00000635,PAN0000635,Street 635,Coimbatore,Tamil Nadu,641064
636,Shalini,Devi,Female,1996-12-22,9000000636,shalini636@bankmail.com,AADHAR00000636,PAN0000636,Street 636,Madurai,Tamil Nadu,625064
637,Madhan,Kumar,Male,1994-08-16,9000000637,madhan637@bankmail.com,AADHAR00000637,PAN0000637,Street 637,Chennai,Tamil Nadu,600084
638,Aishwarya,Rani,Female,1998-03-04,9000000638,aishwarya638@bankmail.com,AADHAR00000638,PAN0000638,Street 638,Bangalore,Karnataka,560082
639,Vasanth,Raj,Male,1992-10-22,9000000639,vasanth639@bankmail.com,AADHAR00000639,PAN0000639,Street 639,Hyderabad,Telangana,500075
640,Monika,Devi,Female,1997-07-28,9000000640,monika640@bankmail.com,AADHAR00000640,PAN0000640,Street 640,Mumbai,Maharashtra,400072
641,Manikandan,Kumar,Male,1995-01-24,9000000641,mani641@bankmail.com,AADHAR00000641,PAN0000641,Street 641,Delhi,Delhi,110072
642,Swetha,Rani,Female,1998-09-13,9000000642,swetha642@bankmail.com,AADHAR00000642,PAN0000642,Street 642,Pune,Maharashtra,411072
643,Praveen,Raj,Male,1993-05-04,9000000643,praveen643@bankmail.com,AADHAR00000643,PAN0000643,Street 643,Kochi,Kerala,682065
644,Geetha,Devi,Female,1996-11-17,9000000644,geetha644@bankmail.com,AADHAR00000644,PAN0000644,Street 644,Coimbatore,Tamil Nadu,641065
645,Akash,Kumar,Male,1994-03-29,9000000645,akash645@bankmail.com,AADHAR00000645,PAN0000645,Street 645,Madurai,Tamil Nadu,625065
646,Revathi,Rani,Female,1997-08-24,9000000646,revathi646@bankmail.com,AADHAR00000646,PAN0000646,Street 646,Chennai,Tamil Nadu,600085
647,Dinesh,Raj,Male,1992-12-31,9000000647,dinesh647@bankmail.com,AADHAR00000647,PAN0000647,Street 647,Bangalore,Karnataka,560083
648,Vaishnavi,Devi,Female,1998-05-12,9000000648,vaishnavi648@bankmail.com,AADHAR00000648,PAN0000648,Street 648,Hyderabad,Telangana,500076
649,Rajesh,Kumar,Male,1995-09-25,9000000649,rajesh649@bankmail.com,AADHAR00000649,PAN0000649,Street 649,Mumbai,Maharashtra,400073
650,Sharmila,Rani,Female,1997-02-16,9000000650,sharmila650@bankmail.com,AADHAR00000650,PAN0000650,Street 650,Delhi,Delhi,110073
651,Arun,Raj,Male,1993-06-18,9000000651,arun651@bankmail.com,AADHAR00000651,PAN0000651,Street 651,Chennai,Tamil Nadu,600086
652,Priya,Devi,Female,1997-09-30,9000000652,priya652@bankmail.com,AADHAR00000652,PAN0000652,Street 652,Bangalore,Karnataka,560084
653,Ravi,Kumar,Male,1994-01-22,9000000653,ravi653@bankmail.com,AADHAR00000653,PAN0000653,Street 653,Hyderabad,Telangana,500077
654,Divya,Rani,Female,1996-05-11,9000000654,divya654@bankmail.com,AADHAR00000654,PAN0000654,Street 654,Mumbai,Maharashtra,400074
655,Karthik,Raj,Male,1992-11-25,9000000655,karthik655@bankmail.com,AADHAR00000655,PAN0000655,Street 655,Delhi,Delhi,110074
656,Anitha,Devi,Female,1998-03-21,9000000656,anitha656@bankmail.com,AADHAR00000656,PAN0000656,Street 656,Pune,Maharashtra,411074
657,Vijay,Kumar,Male,1995-10-01,9000000657,vijay657@bankmail.com,AADHAR00000657,PAN0000657,Street 657,Kochi,Kerala,682066
658,Nisha,Rani,Female,1997-06-23,9000000658,nisha658@bankmail.com,AADHAR00000658,PAN0000658,Street 658,Coimbatore,Tamil Nadu,641066
659,Suresh,Raj,Male,1991-12-17,9000000659,suresh659@bankmail.com,AADHAR00000659,PAN0000659,Street 659,Madurai,Tamil Nadu,625066
660,Keerthi,Devi,Female,1996-05-01,9000000660,keerthi660@bankmail.com,AADHAR00000660,PAN0000660,Street 660,Chennai,Tamil Nadu,600087
661,Manoj,Kumar,Male,1993-08-23,9000000661,manoj661@bankmail.com,AADHAR00000661,PAN0000661,Street 661,Bangalore,Karnataka,560085
662,Lakshmi,Rani,Female,1998-01-29,9000000662,lakshmi662@bankmail.com,AADHAR00000662,PAN0000662,Street 662,Hyderabad,Telangana,500078
663,Ramesh,Raj,Male,1992-10-11,9000000663,ramesh663@bankmail.com,AADHAR00000663,PAN0000663,Street 663,Mumbai,Maharashtra,400075
664,Swetha,Devi,Female,1997-06-05,9000000664,swetha664@bankmail.com,AADHAR00000664,PAN0000664,Street 664,Delhi,Delhi,110075
665,Ajay,Kumar,Male,1994-09-26,9000000665,ajay665@bankmail.com,AADHAR00000665,PAN0000665,Street 665,Pune,Maharashtra,411075
666,Meena,Rani,Female,1996-12-19,9000000666,meena666@bankmail.com,AADHAR00000666,PAN0000666,Street 666,Kochi,Kerala,682067
667,Prakash,Raj,Male,1993-03-15,9000000667,prakash667@bankmail.com,AADHAR00000667,PAN0000667,Street 667,Coimbatore,Tamil Nadu,641067
668,Lavanya,Devi,Female,1998-08-05,9000000668,lavanya668@bankmail.com,AADHAR00000668,PAN0000668,Street 668,Madurai,Tamil Nadu,625067
669,Surya,Kumar,Male,1995-11-24,9000000669,surya669@bankmail.com,AADHAR00000669,PAN0000669,Street 669,Chennai,Tamil Nadu,600088
670,Pavithra,Rani,Female,1997-02-16,9000000670,pavithra670@bankmail.com,AADHAR00000670,PAN0000670,Street 670,Bangalore,Karnataka,560086
671,Aravind,Raj,Male,1994-06-19,9000000671,aravind671@bankmail.com,AADHAR00000671,PAN0000671,Street 671,Hyderabad,Telangana,500079
672,Anjali,Devi,Female,1998-12-01,9000000672,anjali672@bankmail.com,AADHAR00000672,PAN0000672,Street 672,Mumbai,Maharashtra,400076
673,Gokul,Kumar,Male,1992-05-26,9000000673,gokul673@bankmail.com,AADHAR00000673,PAN0000673,Street 673,Delhi,Delhi,110076
674,Harini,Rani,Female,1997-09-05,9000000674,harini674@bankmail.com,AADHAR00000674,PAN0000674,Street 674,Pune,Maharashtra,411076
675,Bharath,Raj,Male,1995-02-20,9000000675,bharath675@bankmail.com,AADHAR00000675,PAN0000675,Street 675,Kochi,Kerala,682068
676,Kavitha,Devi,Female,1996-10-28,9000000676,kavitha676@bankmail.com,AADHAR00000676,PAN0000676,Street 676,Coimbatore,Tamil Nadu,641068
677,Rohit,Kumar,Male,1993-07-11,9000000677,rohit677@bankmail.com,AADHAR00000677,PAN0000677,Street 677,Madurai,Tamil Nadu,625068
678,Deepika,Rani,Female,1998-04-22,9000000678,deepika678@bankmail.com,AADHAR00000678,PAN0000678,Street 678,Chennai,Tamil Nadu,600089
679,Sanjay,Raj,Male,1994-10-02,9000000679,sanjay679@bankmail.com,AADHAR00000679,PAN0000679,Street 679,Bangalore,Karnataka,560087
680,Nandhini,Devi,Female,1997-01-15,9000000680,nandhini680@bankmail.com,AADHAR00000680,PAN0000680,Street 680,Hyderabad,Telangana,500080
681,Kishore,Kumar,Male,1992-11-24,9000000681,kishore681@bankmail.com,AADHAR00000681,PAN0000681,Street 681,Mumbai,Maharashtra,400077
682,Lakshmi,Rani,Female,1998-06-29,9000000682,lakshmi682@bankmail.com,AADHAR00000682,PAN0000682,Street 682,Delhi,Delhi,110077
683,Senthil,Raj,Male,1995-03-20,9000000683,senthil683@bankmail.com,AADHAR00000683,PAN0000683,Street 683,Pune,Maharashtra,411077
684,Preethi,Devi,Female,1997-10-12,9000000684,preethi684@bankmail.com,AADHAR00000684,PAN0000684,Street 684,Kochi,Kerala,682069
685,Naveen,Kumar,Male,1993-06-03,9000000685,naveen685@bankmail.com,AADHAR00000685,PAN0000685,Street 685,Coimbatore,Tamil Nadu,641069
686,Shalini,Rani,Female,1996-12-23,9000000686,shalini686@bankmail.com,AADHAR00000686,PAN0000686,Street 686,Madurai,Tamil Nadu,625069
687,Madhan,Raj,Male,1994-08-17,9000000687,madhan687@bankmail.com,AADHAR00000687,PAN0000687,Street 687,Chennai,Tamil Nadu,600090
688,Aishwarya,Devi,Female,1998-03-05,9000000688,aishwarya688@bankmail.com,AADHAR00000688,PAN0000688,Street 688,Bangalore,Karnataka,560088
689,Vasanth,Kumar,Male,1992-10-23,9000000689,vasanth689@bankmail.com,AADHAR00000689,PAN0000689,Street 689,Hyderabad,Telangana,500081
690,Monika,Rani,Female,1997-07-29,9000000690,monika690@bankmail.com,AADHAR00000690,PAN0000690,Street 690,Mumbai,Maharashtra,400078
691,Manikandan,Raj,Male,1995-01-25,9000000691,mani691@bankmail.com,AADHAR00000691,PAN0000691,Street 691,Delhi,Delhi,110078
692,Swetha,Devi,Female,1998-09-14,9000000692,swetha692@bankmail.com,AADHAR00000692,PAN0000692,Street 692,Pune,Maharashtra,411078
693,Praveen,Kumar,Male,1993-05-05,9000000693,praveen693@bankmail.com,AADHAR00000693,PAN0000693,Street 693,Kochi,Kerala,682070
694,Geetha,Rani,Female,1996-11-18,9000000694,geetha694@bankmail.com,AADHAR00000694,PAN0000694,Street 694,Coimbatore,Tamil Nadu,641070
695,Akash,Raj,Male,1994-03-30,9000000695,akash695@bankmail.com,AADHAR00000695,PAN0000695,Street 695,Madurai,Tamil Nadu,625070
696,Revathi,Devi,Female,1997-08-25,9000000696,revathi696@bankmail.com,AADHAR00000696,PAN0000696,Street 696,Chennai,Tamil Nadu,600091
697,Dinesh,Kumar,Male,1992-12-31,9000000697,dinesh697@bankmail.com,AADHAR00000697,PAN0000697,Street 697,Bangalore,Karnataka,560089
698,Vaishnavi,Rani,Female,1998-05-13,9000000698,vaishnavi698@bankmail.com,AADHAR00000698,PAN0000698,Street 698,Hyderabad,Telangana,500082
699,Rajesh,Raj,Male,1995-09-26,9000000699,rajesh699@bankmail.com,AADHAR00000699,PAN0000699,Street 699,Mumbai,Maharashtra,400079
700,Sharmila,Devi,Female,1997-02-17,9000000700,sharmila700@bankmail.com,AADHAR00000700,PAN0000700,Street 700,Delhi,Delhi,110079
701,Arun,Kumar,Male,1993-05-16,9000000701,arun701@bankmail.com,AADHAR00000701,PAN0000701,Street 701,Chennai,Tamil Nadu,600092
702,Priya,Rani,Female,1997-08-28,9000000702,priya702@bankmail.com,AADHAR00000702,PAN0000702,Street 702,Bangalore,Karnataka,560090
703,Ravi,Raj,Male,1994-02-20,9000000703,ravi703@bankmail.com,AADHAR00000703,PAN0000703,Street 703,Hyderabad,Telangana,500083
704,Divya,Devi,Female,1996-11-13,9000000704,divya704@bankmail.com,AADHAR00000704,PAN0000704,Street 704,Mumbai,Maharashtra,400080
705,Karthik,Kumar,Male,1992-07-25,9000000705,karthik705@bankmail.com,AADHAR00000705,PAN0000705,Street 705,Delhi,Delhi,110080
706,Anitha,Rani,Female,1998-03-22,9000000706,anitha706@bankmail.com,AADHAR00000706,PAN0000706,Street 706,Pune,Maharashtra,411080
707,Vijay,Raj,Male,1995-09-30,9000000707,vijay707@bankmail.com,AADHAR00000707,PAN0000707,Street 707,Kochi,Kerala,682071
708,Nisha,Devi,Female,1997-06-24,9000000708,nisha708@bankmail.com,AADHAR00000708,PAN0000708,Street 708,Coimbatore,Tamil Nadu,641071
709,Suresh,Kumar,Male,1991-12-18,9000000709,suresh709@bankmail.com,AADHAR00000709,PAN0000709,Street 709,Madurai,Tamil Nadu,625071
710,Keerthi,Rani,Female,1996-05-02,9000000710,keerthi710@bankmail.com,AADHAR00000710,PAN0000710,Street 710,Chennai,Tamil Nadu,600093
711,Manoj,Raj,Male,1993-08-24,9000000711,manoj711@bankmail.com,AADHAR00000711,PAN0000711,Street 711,Bangalore,Karnataka,560091
712,Lakshmi,Devi,Female,1998-01-30,9000000712,lakshmi712@bankmail.com,AADHAR00000712,PAN0000712,Street 712,Hyderabad,Telangana,500084
713,Ramesh,Kumar,Male,1992-10-12,9000000713,ramesh713@bankmail.com,AADHAR00000713,PAN0000713,Street 713,Mumbai,Maharashtra,400081
714,Swetha,Rani,Female,1997-06-06,9000000714,swetha714@bankmail.com,AADHAR00000714,PAN0000714,Street 714,Delhi,Delhi,110081
715,Ajay,Raj,Male,1994-09-27,9000000715,ajay715@bankmail.com,AADHAR00000715,PAN0000715,Street 715,Pune,Maharashtra,411081
716,Meena,Devi,Female,1996-12-20,9000000716,meena716@bankmail.com,AADHAR00000716,PAN0000716,Street 716,Kochi,Kerala,682072
717,Prakash,Kumar,Male,1993-03-16,9000000717,prakash717@bankmail.com,AADHAR00000717,PAN0000717,Street 717,Coimbatore,Tamil Nadu,641072
718,Lavanya,Rani,Female,1998-08-06,9000000718,lavanya718@bankmail.com,AADHAR00000718,PAN0000718,Street 718,Madurai,Tamil Nadu,625072
719,Surya,Raj,Male,1995-11-25,9000000719,surya719@bankmail.com,AADHAR00000719,PAN0000719,Street 719,Chennai,Tamil Nadu,600094
720,Pavithra,Devi,Female,1997-02-17,9000000720,pavithra720@bankmail.com,AADHAR00000720,PAN0000720,Street 720,Bangalore,Karnataka,560092
721,Aravind,Kumar,Male,1994-06-20,9000000721,aravind721@bankmail.com,AADHAR00000721,PAN0000721,Street 721,Hyderabad,Telangana,500085
722,Anjali,Rani,Female,1998-12-02,9000000722,anjali722@bankmail.com,AADHAR00000722,PAN0000722,Street 722,Mumbai,Maharashtra,400082
723,Gokul,Raj,Male,1992-05-27,9000000723,gokul723@bankmail.com,AADHAR00000723,PAN0000723,Street 723,Delhi,Delhi,110082
724,Harini,Devi,Female,1997-09-06,9000000724,harini724@bankmail.com,AADHAR00000724,PAN0000724,Street 724,Pune,Maharashtra,411082
725,Bharath,Kumar,Male,1995-02-21,9000000725,bharath725@bankmail.com,AADHAR00000725,PAN0000725,Street 725,Kochi,Kerala,682073
726,Kavitha,Rani,Female,1996-10-29,9000000726,kavitha726@bankmail.com,AADHAR00000726,PAN0000726,Street 726,Coimbatore,Tamil Nadu,641073
727,Rohit,Raj,Male,1993-07-12,9000000727,rohit727@bankmail.com,AADHAR00000727,PAN0000727,Street 727,Madurai,Tamil Nadu,625073
728,Deepika,Devi,Female,1998-04-23,9000000728,deepika728@bankmail.com,AADHAR00000728,PAN0000728,Street 728,Chennai,Tamil Nadu,600095
729,Sanjay,Kumar,Male,1994-10-03,9000000729,sanjay729@bankmail.com,AADHAR00000729,PAN0000729,Street 729,Bangalore,Karnataka,560093
730,Nandhini,Rani,Female,1997-01-16,9000000730,nandhini730@bankmail.com,AADHAR00000730,PAN0000730,Street 730,Hyderabad,Telangana,500086
731,Kishore,Raj,Male,1992-11-25,9000000731,kishore731@bankmail.com,AADHAR00000731,PAN0000731,Street 731,Mumbai,Maharashtra,400083
732,Lakshmi,Devi,Female,1998-06-30,9000000732,lakshmi732@bankmail.com,AADHAR00000732,PAN0000732,Street 732,Delhi,Delhi,110083
733,Senthil,Kumar,Male,1995-03-21,9000000733,senthil733@bankmail.com,AADHAR00000733,PAN0000733,Street 733,Pune,Maharashtra,411083
734,Preethi,Rani,Female,1997-10-13,9000000734,preethi734@bankmail.com,AADHAR00000734,PAN0000734,Street 734,Kochi,Kerala,682074
735,Naveen,Raj,Male,1993-06-04,9000000735,naveen735@bankmail.com,AADHAR00000735,PAN0000735,Street 735,Coimbatore,Tamil Nadu,641074
736,Shalini,Devi,Female,1996-12-24,9000000736,shalini736@bankmail.com,AADHAR00000736,PAN0000736,Street 736,Madurai,Tamil Nadu,625074
737,Madhan,Kumar,Male,1994-08-18,9000000737,madhan737@bankmail.com,AADHAR00000737,PAN0000737,Street 737,Chennai,Tamil Nadu,600096
738,Aishwarya,Rani,Female,1998-03-06,9000000738,aishwarya738@bankmail.com,AADHAR00000738,PAN0000738,Street 738,Bangalore,Karnataka,560094
739,Vasanth,Raj,Male,1992-10-24,9000000739,vasanth739@bankmail.com,AADHAR00000739,PAN0000739,Street 739,Hyderabad,Telangana,500087
740,Monika,Devi,Female,1997-07-30,9000000740,monika740@bankmail.com,AADHAR00000740,PAN0000740,Street 740,Mumbai,Maharashtra,400084
741,Manikandan,Kumar,Male,1995-01-26,9000000741,mani741@bankmail.com,AADHAR00000741,PAN0000741,Street 741,Delhi,Delhi,110084
742,Swetha,Rani,Female,1998-09-15,9000000742,swetha742@bankmail.com,AADHAR00000742,PAN0000742,Street 742,Pune,Maharashtra,411084
743,Praveen,Raj,Male,1993-05-06,9000000743,praveen743@bankmail.com,AADHAR00000743,PAN0000743,Street 743,Kochi,Kerala,682075
744,Geetha,Devi,Female,1996-11-19,9000000744,geetha744@bankmail.com,AADHAR00000744,PAN0000744,Street 744,Coimbatore,Tamil Nadu,641075
745,Akash,Kumar,Male,1994-03-31,9000000745,akash745@bankmail.com,AADHAR00000745,PAN0000745,Street 745,Madurai,Tamil Nadu,625075
746,Revathi,Rani,Female,1997-08-26,9000000746,revathi746@bankmail.com,AADHAR00000746,PAN0000746,Street 746,Chennai,Tamil Nadu,600097
747,Dinesh,Raj,Male,1992-12-31,9000000747,dinesh747@bankmail.com,AADHAR00000747,PAN0000747,Street 747,Bangalore,Karnataka,560095
748,Vaishnavi,Devi,Female,1998-05-14,9000000748,vaishnavi748@bankmail.com,AADHAR00000748,PAN0000748,Street 748,Hyderabad,Telangana,500088
749,Rajesh,Kumar,Male,1995-09-27,9000000749,rajesh749@bankmail.com,AADHAR00000749,PAN0000749,Street 749,Mumbai,Maharashtra,400085
750,Sharmila,Rani,Female,1997-02-18,9000000750,sharmila750@bankmail.com,AADHAR00000750,PAN0000750,Street 750,Delhi,Delhi,110085
751,Arun,Raj,Male,1993-06-19,9000000751,arun751@bankmail.com,AADHAR00000751,PAN0000751,Street 751,Chennai,Tamil Nadu,600098
752,Priya,Devi,Female,1997-10-01,9000000752,priya752@bankmail.com,AADHAR00000752,PAN0000752,Street 752,Bangalore,Karnataka,560096
753,Ravi,Kumar,Male,1994-01-23,9000000753,ravi753@bankmail.com,AADHAR00000753,PAN0000753,Street 753,Hyderabad,Telangana,500089
754,Divya,Rani,Female,1996-05-12,9000000754,divya754@bankmail.com,AADHAR00000754,PAN0000754,Street 754,Mumbai,Maharashtra,400086
755,Karthik,Raj,Male,1992-11-26,9000000755,karthik755@bankmail.com,AADHAR00000755,PAN0000755,Street 755,Delhi,Delhi,110086
756,Anitha,Devi,Female,1998-03-23,9000000756,anitha756@bankmail.com,AADHAR00000756,PAN0000756,Street 756,Pune,Maharashtra,411086
757,Vijay,Kumar,Male,1995-10-02,9000000757,vijay757@bankmail.com,AADHAR00000757,PAN0000757,Street 757,Kochi,Kerala,682076
758,Nisha,Rani,Female,1997-06-25,9000000758,nisha758@bankmail.com,AADHAR00000758,PAN0000758,Street 758,Coimbatore,Tamil Nadu,641076
759,Suresh,Raj,Male,1991-12-19,9000000759,suresh759@bankmail.com,AADHAR00000759,PAN0000759,Street 759,Madurai,Tamil Nadu,625076
760,Keerthi,Devi,Female,1996-05-03,9000000760,keerthi760@bankmail.com,AADHAR00000760,PAN0000760,Street 760,Chennai,Tamil Nadu,600099
761,Manoj,Kumar,Male,1993-08-25,9000000761,manoj761@bankmail.com,AADHAR00000761,PAN0000761,Street 761,Bangalore,Karnataka,560097
762,Lakshmi,Rani,Female,1998-01-31,9000000762,lakshmi762@bankmail.com,AADHAR00000762,PAN0000762,Street 762,Hyderabad,Telangana,500090
763,Ramesh,Raj,Male,1992-10-13,9000000763,ramesh763@bankmail.com,AADHAR00000763,PAN0000763,Street 763,Mumbai,Maharashtra,400087
764,Swetha,Devi,Female,1997-06-07,9000000764,swetha764@bankmail.com,AADHAR00000764,PAN0000764,Street 764,Delhi,Delhi,110087
765,Ajay,Kumar,Male,1994-09-28,9000000765,ajay765@bankmail.com,AADHAR00000765,PAN0000765,Street 765,Pune,Maharashtra,411087
766,Meena,Rani,Female,1996-12-21,9000000766,meena766@bankmail.com,AADHAR00000766,PAN0000766,Street 766,Kochi,Kerala,682077
767,Prakash,Raj,Male,1993-03-17,9000000767,prakash767@bankmail.com,AADHAR00000767,PAN0000767,Street 767,Coimbatore,Tamil Nadu,641077
768,Lavanya,Devi,Female,1998-08-07,9000000768,lavanya768@bankmail.com,AADHAR00000768,PAN0000768,Street 768,Madurai,Tamil Nadu,625077
769,Surya,Kumar,Male,1995-11-26,9000000769,surya769@bankmail.com,AADHAR00000769,PAN0000769,Street 769,Chennai,Tamil Nadu,600100
770,Pavithra,Rani,Female,1997-02-18,9000000770,pavithra770@bankmail.com,AADHAR00000770,PAN0000770,Street 770,Bangalore,Karnataka,560098
771,Aravind,Raj,Male,1994-06-21,9000000771,aravind771@bankmail.com,AADHAR00000771,PAN0000771,Street 771,Hyderabad,Telangana,500091
772,Anjali,Devi,Female,1998-12-03,9000000772,anjali772@bankmail.com,AADHAR00000772,PAN0000772,Street 772,Mumbai,Maharashtra,400088
773,Gokul,Kumar,Male,1992-05-28,9000000773,gokul773@bankmail.com,AADHAR00000773,PAN0000773,Street 773,Delhi,Delhi,110088
774,Harini,Rani,Female,1997-09-07,9000000774,harini774@bankmail.com,AADHAR00000774,PAN0000774,Street 774,Pune,Maharashtra,411088
775,Bharath,Raj,Male,1995-02-22,9000000775,bharath775@bankmail.com,AADHAR00000775,PAN0000775,Street 775,Kochi,Kerala,682078
776,Kavitha,Devi,Female,1996-10-30,9000000776,kavitha776@bankmail.com,AADHAR00000776,PAN0000776,Street 776,Coimbatore,Tamil Nadu,641078
777,Rohit,Kumar,Male,1993-07-13,9000000777,rohit777@bankmail.com,AADHAR00000777,PAN0000777,Street 777,Madurai,Tamil Nadu,625078
778,Deepika,Rani,Female,1998-04-24,9000000778,deepika778@bankmail.com,AADHAR00000778,PAN0000778,Street 778,Chennai,Tamil Nadu,600101
779,Sanjay,Raj,Male,1994-10-04,9000000779,sanjay779@bankmail.com,AADHAR00000779,PAN0000779,Street 779,Bangalore,Karnataka,560099
780,Nandhini,Devi,Female,1997-01-17,9000000780,nandhini780@bankmail.com,AADHAR00000780,PAN0000780,Street 780,Hyderabad,Telangana,500092
781,Kishore,Kumar,Male,1992-11-26,9000000781,kishore781@bankmail.com,AADHAR00000781,PAN0000781,Street 781,Mumbai,Maharashtra,400089
782,Lakshmi,Rani,Female,1998-07-01,9000000782,lakshmi782@bankmail.com,AADHAR00000782,PAN0000782,Street 782,Delhi,Delhi,110089
783,Senthil,Raj,Male,1995-03-22,9000000783,senthil783@bankmail.com,AADHAR00000783,PAN0000783,Street 783,Pune,Maharashtra,411089
784,Preethi,Devi,Female,1997-10-14,9000000784,preethi784@bankmail.com,AADHAR00000784,PAN0000784,Street 784,Kochi,Kerala,682079
785,Naveen,Kumar,Male,1993-06-05,9000000785,naveen785@bankmail.com,AADHAR00000785,PAN0000785,Street 785,Coimbatore,Tamil Nadu,641079
786,Shalini,Rani,Female,1996-12-25,9000000786,shalini786@bankmail.com,AADHAR00000786,PAN0000786,Street 786,Madurai,Tamil Nadu,625079
787,Madhan,Raj,Male,1994-08-19,9000000787,madhan787@bankmail.com,AADHAR00000787,PAN0000787,Street 787,Chennai,Tamil Nadu,600102
788,Aishwarya,Devi,Female,1998-03-07,9000000788,aishwarya788@bankmail.com,AADHAR00000788,PAN0000788,Street 788,Bangalore,Karnataka,560100
789,Vasanth,Kumar,Male,1992-10-25,9000000789,vasanth789@bankmail.com,AADHAR00000789,PAN0000789,Street 789,Hyderabad,Telangana,500093
790,Monika,Rani,Female,1997-07-31,9000000790,monika790@bankmail.com,AADHAR00000790,PAN0000790,Street 790,Mumbai,Maharashtra,400090
791,Manikandan,Raj,Male,1995-01-27,9000000791,mani791@bankmail.com,AADHAR00000791,PAN0000791,Street 791,Delhi,Delhi,110090
792,Swetha,Devi,Female,1998-09-16,9000000792,swetha792@bankmail.com,AADHAR00000792,PAN0000792,Street 792,Pune,Maharashtra,411090
793,Praveen,Kumar,Male,1993-05-07,9000000793,praveen793@bankmail.com,AADHAR00000793,PAN0000793,Street 793,Kochi,Kerala,682080
794,Geetha,Rani,Female,1996-11-20,9000000794,geetha794@bankmail.com,AADHAR00000794,PAN0000794,Street 794,Coimbatore,Tamil Nadu,641080
795,Akash,Raj,Male,1994-04-01,9000000795,akash795@bankmail.com,AADHAR00000795,PAN0000795,Street 795,Madurai,Tamil Nadu,625080
796,Revathi,Devi,Female,1997-08-27,9000000796,revathi796@bankmail.com,AADHAR00000796,PAN0000796,Street 796,Chennai,Tamil Nadu,600103
797,Dinesh,Kumar,Male,1992-12-31,9000000797,dinesh797@bankmail.com,AADHAR00000797,PAN0000797,Street 797,Bangalore,Karnataka,560101
798,Vaishnavi,Rani,Female,1998-05-15,9000000798,vaishnavi798@bankmail.com,AADHAR00000798,PAN0000798,Street 798,Hyderabad,Telangana,500094
799,Rajesh,Raj,Male,1995-09-28,9000000799,rajesh799@bankmail.com,AADHAR00000799,PAN0000799,Street 799,Mumbai,Maharashtra,400091
800,Sharmila,Devi,Female,1997-02-19,9000000800,sharmila800@bankmail.com,AADHAR00000800,PAN0000800,Street 800,Delhi,Delhi,110091
801,Arun,Kumar,Male,1993-05-17,9000000801,arun801@bankmail.com,AADHAR00000801,PAN0000801,Street 801,Chennai,Tamil Nadu,600104
802,Priya,Rani,Female,1997-08-29,9000000802,priya802@bankmail.com,AADHAR00000802,PAN0000802,Street 802,Bangalore,Karnataka,560102
803,Ravi,Raj,Male,1994-02-21,9000000803,ravi803@bankmail.com,AADHAR00000803,PAN0000803,Street 803,Hyderabad,Telangana,500095
804,Divya,Devi,Female,1996-11-14,9000000804,divya804@bankmail.com,AADHAR00000804,PAN0000804,Street 804,Mumbai,Maharashtra,400092
805,Karthik,Kumar,Male,1992-07-26,9000000805,karthik805@bankmail.com,AADHAR00000805,PAN0000805,Street 805,Delhi,Delhi,110092
806,Anitha,Rani,Female,1998-03-24,9000000806,anitha806@bankmail.com,AADHAR00000806,PAN0000806,Street 806,Pune,Maharashtra,411092
807,Vijay,Raj,Male,1995-10-03,9000000807,vijay807@bankmail.com,AADHAR00000807,PAN0000807,Street 807,Kochi,Kerala,682081
808,Nisha,Devi,Female,1997-06-26,9000000808,nisha808@bankmail.com,AADHAR00000808,PAN0000808,Street 808,Coimbatore,Tamil Nadu,641081
809,Suresh,Kumar,Male,1991-12-20,9000000809,suresh809@bankmail.com,AADHAR00000809,PAN0000809,Street 809,Madurai,Tamil Nadu,625081
810,Keerthi,Rani,Female,1996-05-04,9000000810,keerthi810@bankmail.com,AADHAR00000810,PAN0000810,Street 810,Chennai,Tamil Nadu,600105
811,Manoj,Raj,Male,1993-08-26,9000000811,manoj811@bankmail.com,AADHAR00000811,PAN0000811,Street 811,Bangalore,Karnataka,560103
812,Lakshmi,Devi,Female,1998-02-01,9000000812,lakshmi812@bankmail.com,AADHAR00000812,PAN0000812,Street 812,Hyderabad,Telangana,500096
813,Ramesh,Kumar,Male,1992-10-14,9000000813,ramesh813@bankmail.com,AADHAR00000813,PAN0000813,Street 813,Mumbai,Maharashtra,400093
814,Swetha,Rani,Female,1997-06-08,9000000814,swetha814@bankmail.com,AADHAR00000814,PAN0000814,Street 814,Delhi,Delhi,110093
815,Ajay,Raj,Male,1994-09-29,9000000815,ajay815@bankmail.com,AADHAR00000815,PAN0000815,Street 815,Pune,Maharashtra,411093
816,Meena,Devi,Female,1996-12-22,9000000816,meena816@bankmail.com,AADHAR00000816,PAN0000816,Street 816,Kochi,Kerala,682082
817,Prakash,Kumar,Male,1993-03-18,9000000817,prakash817@bankmail.com,AADHAR00000817,PAN0000817,Street 817,Coimbatore,Tamil Nadu,641082
818,Lavanya,Rani,Female,1998-08-08,9000000818,lavanya818@bankmail.com,AADHAR00000818,PAN0000818,Street 818,Madurai,Tamil Nadu,625082
819,Surya,Raj,Male,1995-11-27,9000000819,surya819@bankmail.com,AADHAR00000819,PAN0000819,Street 819,Chennai,Tamil Nadu,600106
820,Pavithra,Devi,Female,1997-02-19,9000000820,pavithra820@bankmail.com,AADHAR00000820,PAN0000820,Street 820,Bangalore,Karnataka,560104
821,Aravind,Kumar,Male,1994-06-22,9000000821,aravind821@bankmail.com,AADHAR00000821,PAN0000821,Street 821,Hyderabad,Telangana,500097
822,Anjali,Rani,Female,1998-12-04,9000000822,anjali822@bankmail.com,AADHAR00000822,PAN0000822,Street 822,Mumbai,Maharashtra,400094
823,Gokul,Raj,Male,1992-05-29,9000000823,gokul823@bankmail.com,AADHAR00000823,PAN0000823,Street 823,Delhi,Delhi,110094
824,Harini,Devi,Female,1997-09-08,9000000824,harini824@bankmail.com,AADHAR00000824,PAN0000824,Street 824,Pune,Maharashtra,411094
825,Bharath,Kumar,Male,1995-02-23,9000000825,bharath825@bankmail.com,AADHAR00000825,PAN0000825,Street 825,Kochi,Kerala,682083
826,Kavitha,Rani,Female,1996-10-31,9000000826,kavitha826@bankmail.com,AADHAR00000826,PAN0000826,Street 826,Coimbatore,Tamil Nadu,641083
827,Rohit,Raj,Male,1993-07-14,9000000827,rohit827@bankmail.com,AADHAR00000827,PAN0000827,Street 827,Madurai,Tamil Nadu,625083
828,Deepika,Devi,Female,1998-04-25,9000000828,deepika828@bankmail.com,AADHAR00000828,PAN0000828,Street 828,Chennai,Tamil Nadu,600107
829,Sanjay,Kumar,Male,1994-10-05,9000000829,sanjay829@bankmail.com,AADHAR00000829,PAN0000829,Street 829,Bangalore,Karnataka,560105
830,Nandhini,Rani,Female,1997-01-18,9000000830,nandhini830@bankmail.com,AADHAR00000830,PAN0000830,Street 830,Hyderabad,Telangana,500098
831,Kishore,Raj,Male,1992-11-27,9000000831,kishore831@bankmail.com,AADHAR00000831,PAN0000831,Street 831,Mumbai,Maharashtra,400095
832,Lakshmi,Devi,Female,1998-07-02,9000000832,lakshmi832@bankmail.com,AADHAR00000832,PAN0000832,Street 832,Delhi,Delhi,110095
833,Senthil,Kumar,Male,1995-03-23,9000000833,senthil833@bankmail.com,AADHAR00000833,PAN0000833,Street 833,Pune,Maharashtra,411095
834,Preethi,Rani,Female,1997-10-15,9000000834,preethi834@bankmail.com,AADHAR00000834,PAN0000834,Street 834,Kochi,Kerala,682084
835,Naveen,Raj,Male,1993-06-06,9000000835,naveen835@bankmail.com,AADHAR00000835,PAN0000835,Street 835,Coimbatore,Tamil Nadu,641084
836,Shalini,Devi,Female,1996-12-26,9000000836,shalini836@bankmail.com,AADHAR00000836,PAN0000836,Street 836,Madurai,Tamil Nadu,625084
837,Madhan,Kumar,Male,1994-08-20,9000000837,madhan837@bankmail.com,AADHAR00000837,PAN0000837,Street 837,Chennai,Tamil Nadu,600108
838,Aishwarya,Rani,Female,1998-03-08,9000000838,aishwarya838@bankmail.com,AADHAR00000838,PAN0000838,Street 838,Bangalore,Karnataka,560106
839,Vasanth,Raj,Male,1992-10-26,9000000839,vasanth839@bankmail.com,AADHAR00000839,PAN0000839,Street 839,Hyderabad,Telangana,500099
840,Monika,Devi,Female,1997-08-01,9000000840,monika840@bankmail.com,AADHAR00000840,PAN0000840,Street 840,Mumbai,Maharashtra,400096
841,Manikandan,Kumar,Male,1995-01-28,9000000841,mani841@bankmail.com,AADHAR00000841,PAN0000841,Street 841,Delhi,Delhi,110096
842,Swetha,Rani,Female,1998-09-17,9000000842,swetha842@bankmail.com,AADHAR00000842,PAN0000842,Street 842,Pune,Maharashtra,411096
843,Praveen,Raj,Male,1993-05-08,9000000843,praveen843@bankmail.com,AADHAR00000843,PAN0000843,Street 843,Kochi,Kerala,682085
844,Geetha,Devi,Female,1996-11-21,9000000844,geetha844@bankmail.com,AADHAR00000844,PAN0000844,Street 844,Coimbatore,Tamil Nadu,641085
845,Akash,Kumar,Male,1994-04-02,9000000845,akash845@bankmail.com,AADHAR00000845,PAN0000845,Street 845,Madurai,Tamil Nadu,625085
846,Revathi,Rani,Female,1997-08-28,9000000846,revathi846@bankmail.com,AADHAR00000846,PAN0000846,Street 846,Chennai,Tamil Nadu,600109
847,Dinesh,Raj,Male,1992-12-31,9000000847,dinesh847@bankmail.com,AADHAR00000847,PAN0000847,Street 847,Bangalore,Karnataka,560107
848,Vaishnavi,Devi,Female,1998-05-16,9000000848,vaishnavi848@bankmail.com,AADHAR00000848,PAN0000848,Street 848,Hyderabad,Telangana,500100
849,Rajesh,Kumar,Male,1995-09-29,9000000849,rajesh849@bankmail.com,AADHAR00000849,PAN0000849,Street 849,Mumbai,Maharashtra,400097
850,Sharmila,Rani,Female,1997-02-20,9000000850,sharmila850@bankmail.com,AADHAR00000850,PAN0000850,Street 850,Delhi,Delhi,110097
851,Arun,Raj,Male,1993-06-20,9000000851,arun851@bankmail.com,AADHAR00000851,PAN0000851,Street 851,Chennai,Tamil Nadu,600110
852,Priya,Devi,Female,1997-10-02,9000000852,priya852@bankmail.com,AADHAR00000852,PAN0000852,Street 852,Bangalore,Karnataka,560108
853,Ravi,Kumar,Male,1994-01-24,9000000853,ravi853@bankmail.com,AADHAR00000853,PAN0000853,Street 853,Hyderabad,Telangana,500101
854,Divya,Rani,Female,1996-05-13,9000000854,divya854@bankmail.com,AADHAR00000854,PAN0000854,Street 854,Mumbai,Maharashtra,400098
855,Karthik,Raj,Male,1992-11-27,9000000855,karthik855@bankmail.com,AADHAR00000855,PAN0000855,Street 855,Delhi,Delhi,110098
856,Anitha,Devi,Female,1998-03-25,9000000856,anitha856@bankmail.com,AADHAR00000856,PAN0000856,Street 856,Pune,Maharashtra,411098
857,Vijay,Kumar,Male,1995-10-04,9000000857,vijay857@bankmail.com,AADHAR00000857,PAN0000857,Street 857,Kochi,Kerala,682086
858,Nisha,Rani,Female,1997-06-27,9000000858,nisha858@bankmail.com,AADHAR00000858,PAN0000858,Street 858,Coimbatore,Tamil Nadu,641086
859,Suresh,Raj,Male,1991-12-21,9000000859,suresh859@bankmail.com,AADHAR00000859,PAN0000859,Street 859,Madurai,Tamil Nadu,625086
860,Keerthi,Devi,Female,1996-05-05,9000000860,keerthi860@bankmail.com,AADHAR00000860,PAN0000860,Street 860,Chennai,Tamil Nadu,600111
861,Manoj,Kumar,Male,1993-08-27,9000000861,manoj861@bankmail.com,AADHAR00000861,PAN0000861,Street 861,Bangalore,Karnataka,560109
862,Lakshmi,Rani,Female,1998-02-02,9000000862,lakshmi862@bankmail.com,AADHAR00000862,PAN0000862,Street 862,Hyderabad,Telangana,500102
863,Ramesh,Raj,Male,1992-10-15,9000000863,ramesh863@bankmail.com,AADHAR00000863,PAN0000863,Street 863,Mumbai,Maharashtra,400099
864,Swetha,Devi,Female,1997-06-09,9000000864,swetha864@bankmail.com,AADHAR00000864,PAN0000864,Street 864,Delhi,Delhi,110099
865,Ajay,Kumar,Male,1994-09-30,9000000865,ajay865@bankmail.com,AADHAR00000865,PAN0000865,Street 865,Pune,Maharashtra,411099
866,Meena,Rani,Female,1996-12-23,9000000866,meena866@bankmail.com,AADHAR00000866,PAN0000866,Street 866,Kochi,Kerala,682087
867,Prakash,Raj,Male,1993-03-19,9000000867,prakash867@bankmail.com,AADHAR00000867,PAN0000867,Street 867,Coimbatore,Tamil Nadu,641087
868,Lavanya,Devi,Female,1998-08-09,9000000868,lavanya868@bankmail.com,AADHAR00000868,PAN0000868,Street 868,Madurai,Tamil Nadu,625087
869,Surya,Kumar,Male,1995-11-28,9000000869,surya869@bankmail.com,AADHAR00000869,PAN0000869,Street 869,Chennai,Tamil Nadu,600112
870,Pavithra,Rani,Female,1997-02-20,9000000870,pavithra870@bankmail.com,AADHAR00000870,PAN0000870,Street 870,Bangalore,Karnataka,560110
871,Aravind,Raj,Male,1994-06-23,9000000871,aravind871@bankmail.com,AADHAR00000871,PAN0000871,Street 871,Hyderabad,Telangana,500103
872,Anjali,Devi,Female,1998-12-05,9000000872,anjali872@bankmail.com,AADHAR00000872,PAN0000872,Street 872,Mumbai,Maharashtra,400100
873,Gokul,Kumar,Male,1992-05-30,9000000873,gokul873@bankmail.com,AADHAR00000873,PAN0000873,Street 873,Delhi,Delhi,110100
874,Harini,Rani,Female,1997-09-09,9000000874,harini874@bankmail.com,AADHAR00000874,PAN0000874,Street 874,Pune,Maharashtra,411100
875,Bharath,Raj,Male,1995-02-24,9000000875,bharath875@bankmail.com,AADHAR00000875,PAN0000875,Street 875,Kochi,Kerala,682088
876,Kavitha,Devi,Female,1996-11-01,9000000876,kavitha876@bankmail.com,AADHAR00000876,PAN0000876,Street 876,Coimbatore,Tamil Nadu,641088
877,Rohit,Kumar,Male,1993-07-15,9000000877,rohit877@bankmail.com,AADHAR00000877,PAN0000877,Street 877,Madurai,Tamil Nadu,625088
878,Deepika,Rani,Female,1998-04-26,9000000878,deepika878@bankmail.com,AADHAR00000878,PAN0000878,Street 878,Chennai,Tamil Nadu,600113
879,Sanjay,Raj,Male,1994-10-06,9000000879,sanjay879@bankmail.com,AADHAR00000879,PAN0000879,Street 879,Bangalore,Karnataka,560111
880,Nandhini,Devi,Female,1997-01-19,9000000880,nandhini880@bankmail.com,AADHAR00000880,PAN0000880,Street 880,Hyderabad,Telangana,500104
881,Kishore,Kumar,Male,1992-11-28,9000000881,kishore881@bankmail.com,AADHAR00000881,PAN0000881,Street 881,Mumbai,Maharashtra,400101
882,Lakshmi,Rani,Female,1998-07-03,9000000882,lakshmi882@bankmail.com,AADHAR00000882,PAN0000882,Street 882,Delhi,Delhi,110101
883,Senthil,Raj,Male,1995-03-24,9000000883,senthil883@bankmail.com,AADHAR00000883,PAN0000883,Street 883,Pune,Maharashtra,411101
884,Preethi,Devi,Female,1997-10-16,9000000884,preethi884@bankmail.com,AADHAR00000884,PAN0000884,Street 884,Kochi,Kerala,682089
885,Naveen,Kumar,Male,1993-06-07,9000000885,naveen885@bankmail.com,AADHAR00000885,PAN0000885,Street 885,Coimbatore,Tamil Nadu,641089
886,Shalini,Rani,Female,1996-12-27,9000000886,shalini886@bankmail.com,AADHAR00000886,PAN0000886,Street 886,Madurai,Tamil Nadu,625089
887,Madhan,Raj,Male,1994-08-21,9000000887,madhan887@bankmail.com,AADHAR00000887,PAN0000887,Street 887,Chennai,Tamil Nadu,600114
888,Aishwarya,Devi,Female,1998-03-09,9000000888,aishwarya888@bankmail.com,AADHAR00000888,PAN0000888,Street 888,Bangalore,Karnataka,560112
889,Vasanth,Kumar,Male,1992-10-27,9000000889,vasanth889@bankmail.com,AADHAR00000889,PAN0000889,Street 889,Hyderabad,Telangana,500105
890,Monika,Rani,Female,1997-08-02,9000000890,monika890@bankmail.com,AADHAR00000890,PAN0000890,Street 890,Mumbai,Maharashtra,400102
891,Manikandan,Raj,Male,1995-01-29,9000000891,mani891@bankmail.com,AADHAR00000891,PAN0000891,Street 891,Delhi,Delhi,110102
892,Swetha,Devi,Female,1998-09-18,9000000892,swetha892@bankmail.com,AADHAR00000892,PAN0000892,Street 892,Pune,Maharashtra,411102
893,Praveen,Kumar,Male,1993-05-09,9000000893,praveen893@bankmail.com,AADHAR00000893,PAN0000893,Street 893,Kochi,Kerala,682090
894,Geetha,Rani,Female,1996-11-22,9000000894,geetha894@bankmail.com,AADHAR00000894,PAN0000894,Street 894,Coimbatore,Tamil Nadu,641090
895,Akash,Raj,Male,1994-04-03,9000000895,akash895@bankmail.com,AADHAR00000895,PAN0000895,Street 895,Madurai,Tamil Nadu,625090
896,Revathi,Devi,Female,1997-08-29,9000000896,revathi896@bankmail.com,AADHAR00000896,PAN0000896,Street 896,Chennai,Tamil Nadu,600115
897,Dinesh,Kumar,Male,1992-12-31,9000000897,dinesh897@bankmail.com,AADHAR00000897,PAN0000897,Street 897,Bangalore,Karnataka,560113
898,Vaishnavi,Rani,Female,1998-05-17,9000000898,vaishnavi898@bankmail.com,AADHAR00000898,PAN0000898,Street 898,Hyderabad,Telangana,500106
899,Rajesh,Raj,Male,1995-09-30,9000000899,rajesh899@bankmail.com,AADHAR00000899,PAN0000899,Street 899,Mumbai,Maharashtra,400103
900,Sharmila,Devi,Female,1997-02-21,9000000900,sharmila900@bankmail.com,AADHAR00000900,PAN0000900,Street 900,Delhi,Delhi,110103
901,Arun,Kumar,Male,1993-05-18,9000000901,arun901@bankmail.com,AADHAR00000901,PAN0000901,Street 901,Chennai,Tamil Nadu,600116
902,Priya,Rani,Female,1997-08-30,9000000902,priya902@bankmail.com,AADHAR00000902,PAN0000902,Street 902,Bangalore,Karnataka,560114
903,Ravi,Raj,Male,1994-02-22,9000000903,ravi903@bankmail.com,AADHAR00000903,PAN0000903,Street 903,Hyderabad,Telangana,500107
904,Divya,Devi,Female,1996-11-15,9000000904,divya904@bankmail.com,AADHAR00000904,PAN0000904,Street 904,Mumbai,Maharashtra,400104
905,Karthik,Kumar,Male,1992-07-27,9000000905,karthik905@bankmail.com,AADHAR00000905,PAN0000905,Street 905,Delhi,Delhi,110104
906,Anitha,Rani,Female,1998-03-26,9000000906,anitha906@bankmail.com,AADHAR00000906,PAN0000906,Street 906,Pune,Maharashtra,411104
907,Vijay,Raj,Male,1995-10-05,9000000907,vijay907@bankmail.com,AADHAR00000907,PAN0000907,Street 907,Kochi,Kerala,682091
908,Nisha,Devi,Female,1997-06-28,9000000908,nisha908@bankmail.com,AADHAR00000908,PAN0000908,Street 908,Coimbatore,Tamil Nadu,641091
909,Suresh,Kumar,Male,1991-12-22,9000000909,suresh909@bankmail.com,AADHAR00000909,PAN0000909,Street 909,Madurai,Tamil Nadu,625091
910,Keerthi,Rani,Female,1996-05-06,9000000910,keerthi910@bankmail.com,AADHAR00000910,PAN0000910,Street 910,Chennai,Tamil Nadu,600117
911,Manoj,Raj,Male,1993-08-28,9000000911,manoj911@bankmail.com,AADHAR00000911,PAN0000911,Street 911,Bangalore,Karnataka,560115
912,Lakshmi,Devi,Female,1998-02-03,9000000912,lakshmi912@bankmail.com,AADHAR00000912,PAN0000912,Street 912,Hyderabad,Telangana,500108
913,Ramesh,Kumar,Male,1992-10-16,9000000913,ramesh913@bankmail.com,AADHAR00000913,PAN0000913,Street 913,Mumbai,Maharashtra,400105
914,Swetha,Rani,Female,1997-06-10,9000000914,swetha914@bankmail.com,AADHAR00000914,PAN0000914,Street 914,Delhi,Delhi,110105
915,Ajay,Raj,Male,1994-09-30,9000000915,ajay915@bankmail.com,AADHAR00000915,PAN0000915,Street 915,Pune,Maharashtra,411105
916,Meena,Devi,Female,1996-12-24,9000000916,meena916@bankmail.com,AADHAR00000916,PAN0000916,Street 916,Kochi,Kerala,682092
917,Prakash,Kumar,Male,1993-03-20,9000000917,prakash917@bankmail.com,AADHAR00000917,PAN0000917,Street 917,Coimbatore,Tamil Nadu,641092
918,Lavanya,Rani,Female,1998-08-10,9000000918,lavanya918@bankmail.com,AADHAR00000918,PAN0000918,Street 918,Madurai,Tamil Nadu,625092
919,Surya,Raj,Male,1995-11-29,9000000919,surya919@bankmail.com,AADHAR00000919,PAN0000919,Street 919,Chennai,Tamil Nadu,600118
920,Pavithra,Devi,Female,1997-02-21,9000000920,pavithra920@bankmail.com,AADHAR00000920,PAN0000920,Street 920,Bangalore,Karnataka,560116
921,Aravind,Kumar,Male,1994-06-24,9000000921,aravind921@bankmail.com,AADHAR00000921,PAN0000921,Street 921,Hyderabad,Telangana,500109
922,Anjali,Rani,Female,1998-12-06,9000000922,anjali922@bankmail.com,AADHAR00000922,PAN0000922,Street 922,Mumbai,Maharashtra,400106
923,Gokul,Raj,Male,1992-05-31,9000000923,gokul923@bankmail.com,AADHAR00000923,PAN0000923,Street 923,Delhi,Delhi,110106
924,Harini,Devi,Female,1997-09-10,9000000924,harini924@bankmail.com,AADHAR00000924,PAN0000924,Street 924,Pune,Maharashtra,411106
925,Bharath,Kumar,Male,1995-02-25,9000000925,bharath925@bankmail.com,AADHAR00000925,PAN0000925,Street 925,Kochi,Kerala,682093
926,Kavitha,Rani,Female,1996-11-02,9000000926,kavitha926@bankmail.com,AADHAR00000926,PAN0000926,Street 926,Coimbatore,Tamil Nadu,641093
927,Rohit,Raj,Male,1993-07-16,9000000927,rohit927@bankmail.com,AADHAR00000927,PAN0000927,Street 927,Madurai,Tamil Nadu,625093
928,Deepika,Devi,Female,1998-04-27,9000000928,deepika928@bankmail.com,AADHAR00000928,PAN0000928,Street 928,Chennai,Tamil Nadu,600119
929,Sanjay,Kumar,Male,1994-10-07,9000000929,sanjay929@bankmail.com,AADHAR00000929,PAN0000929,Street 929,Bangalore,Karnataka,560117
930,Nandhini,Rani,Female,1997-01-20,9000000930,nandhini930@bankmail.com,AADHAR00000930,PAN0000930,Street 930,Hyderabad,Telangana,500110
931,Kishore,Raj,Male,1992-11-29,9000000931,kishore931@bankmail.com,AADHAR00000931,PAN0000931,Street 931,Mumbai,Maharashtra,400107
932,Lakshmi,Devi,Female,1998-07-04,9000000932,lakshmi932@bankmail.com,AADHAR00000932,PAN0000932,Street 932,Delhi,Delhi,110107
933,Senthil,Kumar,Male,1995-03-25,9000000933,senthil933@bankmail.com,AADHAR00000933,PAN0000933,Street 933,Pune,Maharashtra,411107
934,Preethi,Rani,Female,1997-10-17,9000000934,preethi934@bankmail.com,AADHAR00000934,PAN0000934,Street 934,Kochi,Kerala,682094
935,Naveen,Raj,Male,1993-06-08,9000000935,naveen935@bankmail.com,AADHAR00000935,PAN0000935,Street 935,Coimbatore,Tamil Nadu,641094
936,Shalini,Devi,Female,1996-12-28,9000000936,shalini936@bankmail.com,AADHAR00000936,PAN0000936,Street 936,Madurai,Tamil Nadu,625094
937,Madhan,Kumar,Male,1994-08-22,9000000937,madhan937@bankmail.com,AADHAR00000937,PAN0000937,Street 937,Chennai,Tamil Nadu,600120
938,Aishwarya,Rani,Female,1998-03-10,9000000938,aishwarya938@bankmail.com,AADHAR00000938,PAN0000938,Street 938,Bangalore,Karnataka,560118
939,Vasanth,Raj,Male,1992-10-28,9000000939,vasanth939@bankmail.com,AADHAR00000939,PAN0000939,Street 939,Hyderabad,Telangana,500111
940,Monika,Devi,Female,1997-08-03,9000000940,monika940@bankmail.com,AADHAR00000940,PAN0000940,Street 940,Mumbai,Maharashtra,400108
941,Manikandan,Kumar,Male,1995-01-30,9000000941,mani941@bankmail.com,AADHAR00000941,PAN0000941,Street 941,Delhi,Delhi,110108
942,Swetha,Rani,Female,1998-09-19,9000000942,swetha942@bankmail.com,AADHAR00000942,PAN0000942,Street 942,Pune,Maharashtra,411108
943,Praveen,Raj,Male,1993-05-10,9000000943,praveen943@bankmail.com,AADHAR00000943,PAN0000943,Street 943,Kochi,Kerala,682095
944,Geetha,Devi,Female,1996-11-23,9000000944,geetha944@bankmail.com,AADHAR00000944,PAN0000944,Street 944,Coimbatore,Tamil Nadu,641095
945,Akash,Kumar,Male,1994-04-04,9000000945,akash945@bankmail.com,AADHAR00000945,PAN0000945,Street 945,Madurai,Tamil Nadu,625095
946,Revathi,Rani,Female,1997-08-30,9000000946,revathi946@bankmail.com,AADHAR00000946,PAN0000946,Street 946,Chennai,Tamil Nadu,600121
947,Dinesh,Raj,Male,1992-12-31,9000000947,dinesh947@bankmail.com,AADHAR00000947,PAN0000947,Street 947,Bangalore,Karnataka,560119
948,Vaishnavi,Devi,Female,1998-05-18,9000000948,vaishnavi948@bankmail.com,AADHAR00000948,PAN0000948,Street 948,Hyderabad,Telangana,500112
949,Rajesh,Kumar,Male,1995-10-01,9000000949,rajesh949@bankmail.com,AADHAR00000949,PAN0000949,Street 949,Mumbai,Maharashtra,400109
950,Sharmila,Rani,Female,1997-02-22,9000000950,sharmila950@bankmail.com,AADHAR00000950,PAN0000950,Street 950,Delhi,Delhi,110109
951,Arun,Raj,Male,1993-06-21,9000000951,arun951@bankmail.com,AADHAR00000951,PAN0000951,Street 951,Chennai,Tamil Nadu,600122
952,Priya,Devi,Female,1997-10-03,9000000952,priya952@bankmail.com,AADHAR00000952,PAN0000952,Street 952,Bangalore,Karnataka,560120
953,Ravi,Kumar,Male,1994-01-25,9000000953,ravi953@bankmail.com,AADHAR00000953,PAN0000953,Street 953,Hyderabad,Telangana,500113
954,Divya,Rani,Female,1996-05-14,9000000954,divya954@bankmail.com,AADHAR00000954,PAN0000954,Street 954,Mumbai,Maharashtra,400110
955,Karthik,Raj,Male,1992-11-28,9000000955,karthik955@bankmail.com,AADHAR00000955,PAN0000955,Street 955,Delhi,Delhi,110110
956,Anitha,Devi,Female,1998-03-27,9000000956,anitha956@bankmail.com,AADHAR00000956,PAN0000956,Street 956,Pune,Maharashtra,411110
957,Vijay,Kumar,Male,1995-10-06,9000000957,vijay957@bankmail.com,AADHAR00000957,PAN0000957,Street 957,Kochi,Kerala,682096
958,Nisha,Rani,Female,1997-06-29,9000000958,nisha958@bankmail.com,AADHAR00000958,PAN0000958,Street 958,Coimbatore,Tamil Nadu,641096
959,Suresh,Raj,Male,1991-12-23,9000000959,suresh959@bankmail.com,AADHAR00000959,PAN0000959,Street 959,Madurai,Tamil Nadu,625096
960,Keerthi,Devi,Female,1996-05-07,9000000960,keerthi960@bankmail.com,AADHAR00000960,PAN0000960,Street 960,Chennai,Tamil Nadu,600123
961,Manoj,Kumar,Male,1993-08-29,9000000961,manoj961@bankmail.com,AADHAR00000961,PAN0000961,Street 961,Bangalore,Karnataka,560121
962,Lakshmi,Rani,Female,1998-02-04,9000000962,lakshmi962@bankmail.com,AADHAR00000962,PAN0000962,Street 962,Hyderabad,Telangana,500114
963,Ramesh,Raj,Male,1992-10-17,9000000963,ramesh963@bankmail.com,AADHAR00000963,PAN0000963,Street 963,Mumbai,Maharashtra,400111
964,Swetha,Devi,Female,1997-06-11,9000000964,swetha964@bankmail.com,AADHAR00000964,PAN0000964,Street 964,Delhi,Delhi,110111
965,Ajay,Kumar,Male,1994-10-01,9000000965,ajay965@bankmail.com,AADHAR00000965,PAN0000965,Street 965,Pune,Maharashtra,411111
966,Meena,Rani,Female,1996-12-25,9000000966,meena966@bankmail.com,AADHAR00000966,PAN0000966,Street 966,Kochi,Kerala,682097
967,Prakash,Raj,Male,1993-03-21,9000000967,prakash967@bankmail.com,AADHAR00000967,PAN0000967,Street 967,Coimbatore,Tamil Nadu,641097
968,Lavanya,Devi,Female,1998-08-11,9000000968,lavanya968@bankmail.com,AADHAR00000968,PAN0000968,Street 968,Madurai,Tamil Nadu,625097
969,Surya,Kumar,Male,1995-11-30,9000000969,surya969@bankmail.com,AADHAR00000969,PAN0000969,Street 969,Chennai,Tamil Nadu,600124
970,Pavithra,Rani,Female,1997-02-22,9000000970,pavithra970@bankmail.com,AADHAR00000970,PAN0000970,Street 970,Bangalore,Karnataka,560122
971,Aravind,Raj,Male,1994-06-25,9000000971,aravind971@bankmail.com,AADHAR00000971,PAN0000971,Street 971,Hyderabad,Telangana,500115
972,Anjali,Devi,Female,1998-12-07,9000000972,anjali972@bankmail.com,AADHAR00000972,PAN0000972,Street 972,Mumbai,Maharashtra,400112
973,Gokul,Kumar,Male,1992-06-01,9000000973,gokul973@bankmail.com,AADHAR00000973,PAN0000973,Street 973,Delhi,Delhi,110112
974,Harini,Rani,Female,1997-09-11,9000000974,harini974@bankmail.com,AADHAR00000974,PAN0000974,Street 974,Pune,Maharashtra,411112
975,Bharath,Raj,Male,1995-02-26,9000000975,bharath975@bankmail.com,AADHAR00000975,PAN0000975,Street 975,Kochi,Kerala,682098
976,Kavitha,Devi,Female,1996-11-03,9000000976,kavitha976@bankmail.com,AADHAR00000976,PAN0000976,Street 976,Coimbatore,Tamil Nadu,641098
977,Rohit,Kumar,Male,1993-07-17,9000000977,rohit977@bankmail.com,AADHAR00000977,PAN0000977,Street 977,Madurai,Tamil Nadu,625098
978,Deepika,Rani,Female,1998-04-28,9000000978,deepika978@bankmail.com,AADHAR00000978,PAN0000978,Street 978,Chennai,Tamil Nadu,600125
979,Sanjay,Raj,Male,1994-10-08,9000000979,sanjay979@bankmail.com,AADHAR00000979,PAN0000979,Street 979,Bangalore,Karnataka,560123
980,Nandhini,Devi,Female,1997-01-21,9000000980,nandhini980@bankmail.com,AADHAR00000980,PAN0000980,Street 980,Hyderabad,Telangana,500116
981,Kishore,Kumar,Male,1992-11-30,9000000981,kishore981@bankmail.com,AADHAR00000981,PAN0000981,Street 981,Mumbai,Maharashtra,400113
982,Lakshmi,Rani,Female,1998-07-05,9000000982,lakshmi982@bankmail.com,AADHAR00000982,PAN0000982,Street 982,Delhi,Delhi,110113
983,Senthil,Raj,Male,1995-03-26,9000000983,senthil983@bankmail.com,AADHAR00000983,PAN0000983,Street 983,Pune,Maharashtra,411113
984,Preethi,Devi,Female,1997-10-18,9000000984,preethi984@bankmail.com,AADHAR00000984,PAN0000984,Street 984,Kochi,Kerala,682099
985,Naveen,Kumar,Male,1993-06-09,9000000985,naveen985@bankmail.com,AADHAR00000985,PAN0000985,Street 985,Coimbatore,Tamil Nadu,641099
986,Shalini,Rani,Female,1996-12-29,9000000986,shalini986@bankmail.com,AADHAR00000986,PAN0000986,Street 986,Madurai,Tamil Nadu,625099
987,Madhan,Raj,Male,1994-08-23,9000000987,madhan987@bankmail.com,AADHAR00000987,PAN0000987,Street 987,Chennai,Tamil Nadu,600126
988,Aishwarya,Devi,Female,1998-03-11,9000000988,aishwarya988@bankmail.com,AADHAR00000988,PAN0000988,Street 988,Bangalore,Karnataka,560124
989,Vasanth,Kumar,Male,1992-10-29,9000000989,vasanth989@bankmail.com,AADHAR00000989,PAN0000989,Street 989,Hyderabad,Telangana,500117
990,Monika,Rani,Female,1997-08-04,9000000990,monika990@bankmail.com,AADHAR00000990,PAN0000990,Street 990,Mumbai,Maharashtra,400114
991,Manikandan,Raj,Male,1995-01-31,9000000991,mani991@bankmail.com,AADHAR00000991,PAN0000991,Street 991,Delhi,Delhi,110114
992,Swetha,Devi,Female,1998-09-20,9000000992,swetha992@bankmail.com,AADHAR00000992,PAN0000992,Street 992,Pune,Maharashtra,411114
993,Praveen,Kumar,Male,1993-05-11,9000000993,praveen993@bankmail.com,AADHAR00000993,PAN0000993,Street 993,Kochi,Kerala,682100
994,Geetha,Rani,Female,1996-11-24,9000000994,geetha994@bankmail.com,AADHAR00000994,PAN0000994,Street 994,Coimbatore,Tamil Nadu,641100
995,Akash,Raj,Male,1994-04-05,9000000995,akash995@bankmail.com,AADHAR00000995,PAN0000995,Street 995,Madurai,Tamil Nadu,625100
996,Revathi,Devi,Female,1997-08-31,9000000996,revathi996@bankmail.com,AADHAR00000996,PAN0000996,Street 996,Chennai,Tamil Nadu,600127
997,Dinesh,Kumar,Male,1992-12-31,9000000997,dinesh997@bankmail.com,AADHAR00000997,PAN0000997,Street 997,Bangalore,Karnataka,560125
998,Vaishnavi,Rani,Female,1998-05-19,9000000998,vaishnavi998@bankmail.com,AADHAR00000998,PAN0000998,Street 998,Hyderabad,Telangana,500118
999,Rajesh,Raj,Male,1995-10-02,9000000999,rajesh999@bankmail.com,AADHAR00000999,PAN0000999,Street 999,Mumbai,Maharashtra,400115
1000,Sharmila,Devi,Female,1997-02-23,9000001000,sharmila1000@bankmail.com,AADHAR00001000,PAN0001000,Street 1000,Delhi,Delhi,110115
