AccountID,CustomerID,TypeID,Amount,TransactionDate,DeviceID,ATMID,LocationID,TransactionMode,Status,IsFraud,FraudReason
62,62,5,199778.31,2025-05-01 07:59:00,62,15,9,NEFT,Success,0,
697,697,1,140775.55,2025-05-01 08:00:00,697,22,3,NEFT,Success,1,New Device Transaction
281,281,9,15198.31,2025-05-01 08:01:00,281,6,1,NEFT,Success,0,
852,852,1,86988.54,2025-05-01 08:02:00,852,26,10,NEFT,Success,1,Multiple Transactions
294,294,5,166877.63,2025-05-01 08:03:00,294,26,9,NETBANKING,Success,0,
329,329,6,166501.61,2025-05-01 08:04:00,329,26,7,NEFT,Success,0,
579,579,9,71238.04,2025-05-01 08:05:00,579,12,6,IMPS,Success,0,
947,947,9,4394.14,2025-05-01 08:06:00,947,25,4,NETBANKING,Success,0,
189,189,2,145128.23,2025-05-01 08:07:00,189,28,8,RTGS,Success,0,
418,418,8,35866.47,2025-05-01 08:08:00,418,12,5,ATM,Success,0,
61,61,10,125296.26,2025-05-01 08:09:00,61,17,4,IMPS,Success,1,New Device Transaction
229,229,4,16373.69,2025-05-01 08:10:00,229,5,8,RTGS,Success,0,
392,392,4,112786.46,2025-05-01 08:11:00,392,25,9,ATM,Success,0,
190,190,6,35558.51,2025-05-01 08:12:00,190,10,3,NEFT,Success,0,
900,900,5,141051.63,2025-05-01 08:13:00,900,1,5,UPI,Success,0,
407,407,5,11734.2,2025-05-01 08:14:00,407,29,9,UPI,Success,0,
728,728,5,84122.14,2025-05-01 08:15:00,728,3,6,ATM,Success,0,
253,253,2,32713.99,2025-05-01 08:16:00,253,13,8,RTGS,Pending,0,
143,143,10,10646.24,2025-05-01 08:17:00,143,16,7,NETBANKING,Pending,0,
961,961,9,90693.85,2025-05-01 08:18:00,961,11,6,POS,Failed,0,
335,335,8,107408.75,2025-05-01 08:19:00,335,9,9,UPI,Success,0,
420,420,9,55833.82,2025-05-01 08:20:00,420,17,7,IMPS,Success,1,Multiple Transactions
812,812,7,182234.4,2025-05-01 08:21:00,812,23,6,UPI,Success,0,
996,996,2,18971.69,2025-05-01 08:22:00,996,6,9,RTGS,Success,0,
850,850,6,106443.12,2025-05-01 08:23:00,850,2,5,POS,Success,0,
520,520,1,62094.31,2025-05-01 08:24:00,520,21,8,UPI,Success,0,
352,352,9,51835.87,2025-05-01 08:25:00,352,26,2,UPI,Success,0,
181,181,6,55856.04,2025-05-01 08:26:00,181,26,1,NETBANKING,Success,0,
860,860,9,171070.38,2025-05-01 08:27:00,860,27,5,NETBANKING,Success,0,
768,768,9,83608.96,2025-05-01 08:28:00,768,25,8,NETBANKING,Success,1,Multiple Transactions
398,398,10,137851.03,2025-05-01 08:29:00,398,7,7,ATM,Success,0,
249,249,3,115561.61,2025-05-01 08:30:00,249,28,6,IMPS,Success,0,
949,949,4,177661.42,2025-05-01 08:31:00,949,25,6,RTGS,Success,0,
18,18,6,120133.16,2025-05-01 08:32:00,18,23,10,UPI,Success,0,
885,885,10,74767.86,2025-05-01 08:33:00,885,26,3,POS,Success,0,
522,522,9,92145.53,2025-05-01 08:34:00,522,12,10,POS,Failed,0,
614,614,2,67506.97,2025-05-01 08:35:00,614,19,8,NEFT,Success,0,
497,497,9,166500.34,2025-05-01 08:36:00,497,11,8,NEFT,Success,0,
961,961,2,197969.8,2025-05-01 08:37:00,961,17,1,UPI,Pending,0,
632,632,9,29227.1,2025-05-01 08:38:00,632,13,7,NEFT,Success,0,
131,131,5,101653.07,2025-05-01 08:39:00,131,3,3,IMPS,Success,0,
806,806,7,118261.86,2025-05-01 08:40:00,806,12,5,RTGS,Success,0,
702,702,9,70935.64,2025-05-01 08:41:00,702,3,6,ATM,Success,0,
949,949,2,95452.99,2025-05-01 08:42:00,949,2,8,POS,Success,0,
195,195,6,107545.06,2025-05-01 08:43:00,195,5,9,NETBANKING,Success,0,
934,934,2,46860.59,2025-05-01 08:44:00,934,21,3,NETBANKING,Success,0,
773,773,4,199188.15,2025-05-01 08:45:00,773,10,7,NEFT,Success,0,
740,740,6,169930.85,2025-05-01 08:46:00,740,1,9,ATM,Failed,0,
274,274,6,135566.67,2025-05-01 08:47:00,274,14,4,IMPS,Success,0,
449,449,10,42680.81,2025-05-01 08:48:00,449,17,10,IMPS,Success,0,
511,511,10,153016.84,2025-05-01 08:49:00,511,27,2,NEFT,Success,0,
110,110,8,159675.32,2025-05-01 08:50:00,110,19,6,NEFT,Success,0,
114,114,8,30563.72,2025-05-01 08:51:00,114,16,6,RTGS,Success,1,Foreign Location
600,600,10,107748.86,2025-05-01 08:52:00,600,3,2,RTGS,Success,0,
930,930,3,61271.97,2025-05-01 08:53:00,930,21,3,POS,Success,0,
448,448,7,26523.79,2025-05-01 08:54:00,448,2,6,NEFT,Success,0,
196,196,3,119436.71,2025-05-01 08:55:00,196,19,4,POS,Success,0,
820,820,7,12482.24,2025-05-01 08:56:00,820,7,6,NETBANKING,Success,0,
634,634,2,41215.8,2025-05-01 08:57:00,634,6,5,ATM,Success,0,
993,993,1,831.0,2025-05-01 08:58:00,993,13,6,IMPS,Success,0,
514,514,5,20948.67,2025-05-01 08:59:00,514,4,3,IMPS,Success,0,
82,82,7,13320.85,2025-05-01 09:00:00,82,8,1,IMPS,Success,0,
397,397,4,78977.37,2025-05-01 09:01:00,397,27,6,ATM,Success,0,
629,629,6,125652.8,2025-05-01 09:02:00,629,19,3,POS,Success,0,
610,610,1,101190.36,2025-05-01 09:03:00,610,17,7,IMPS,Success,0,
646,646,3,65712.69,2025-05-01 09:04:00,646,18,6,RTGS,Success,0,
541,541,8,43401.78,2025-05-01 09:05:00,541,10,10,POS,Success,0,
164,164,1,178837.26,2025-05-01 09:06:00,164,2,7,POS,Success,0,
553,553,9,55681.06,2025-05-01 09:07:00,553,7,10,NETBANKING,Success,0,
277,277,4,14160.2,2025-05-01 09:08:00,277,16,3,NEFT,Success,0,
803,803,4,190181.94,2025-05-01 09:09:00,803,27,8,IMPS,Success,0,
953,953,5,98707.64,2025-05-01 09:10:00,953,14,8,IMPS,Success,0,
937,937,10,72095.72,2025-05-01 09:11:00,937,25,3,POS,Success,0,
102,102,1,20757.98,2025-05-01 09:12:00,102,15,8,NETBANKING,Failed,0,
581,581,8,157547.03,2025-05-01 09:13:00,581,1,8,UPI,Failed,0,
247,247,3,141577.05,2025-05-01 09:14:00,247,11,1,POS,Success,0,
831,831,3,37884.88,2025-05-01 09:15:00,831,30,9,IMPS,Success,0,
779,779,6,5453.49,2025-05-01 09:16:00,779,24,6,IMPS,Failed,0,
29,29,10,147309.08,2025-05-01 09:17:00,29,27,10,NEFT,Success,0,
787,787,7,89729.91,2025-05-01 09:18:00,787,8,8,IMPS,Success,0,
504,504,7,152348.68,2025-05-01 09:19:00,504,26,5,UPI,Success,1,High Amount Transaction
20,20,8,143863.2,2025-05-01 09:20:00,20,11,9,UPI,Success,0,
907,907,4,78785.02,2025-05-01 09:21:00,907,30,5,ATM,Success,0,
373,373,9,124176.86,2025-05-01 09:22:00,373,23,8,UPI,Success,0,
715,715,4,182137.59,2025-05-01 09:23:00,715,20,1,RTGS,Success,0,
942,942,2,56628.08,2025-05-01 09:24:00,942,25,3,POS,Success,0,
888,888,5,167984.97,2025-05-01 09:25:00,888,30,2,IMPS,Success,0,
126,126,1,185394.91,2025-05-01 09:26:00,126,7,8,IMPS,Success,0,
242,242,8,44589.87,2025-05-01 09:27:00,242,26,4,UPI,Success,0,
485,485,8,54009.74,2025-05-01 09:28:00,485,26,9,RTGS,Success,0,
767,767,1,82852.8,2025-05-01 09:29:00,767,5,10,IMPS,Success,0,
115,115,10,177465.32,2025-05-01 09:30:00,115,28,2,UPI,Success,0,
613,613,4,15991.94,2025-05-01 09:31:00,613,19,8,NETBANKING,Success,0,
715,715,7,154961.32,2025-05-01 09:32:00,715,10,10,NEFT,Success,0,
497,497,1,46786.27,2025-05-01 09:33:00,497,22,1,UPI,Success,0,
22,22,2,115448.48,2025-05-01 09:34:00,22,27,4,NEFT,Success,1,Foreign Location
542,542,3,75643.48,2025-05-01 09:35:00,542,6,7,NETBANKING,Success,0,
731,731,4,17871.59,2025-05-01 09:36:00,731,12,7,IMPS,Success,0,
941,941,2,13368.7,2025-05-01 09:37:00,941,16,7,POS,Success,0,
839,839,8,193940.95,2025-05-01 09:38:00,839,16,1,IMPS,Success,1,Multiple Transactions
610,610,9,113716.96,2025-05-01 09:39:00,610,16,6,NEFT,Success,0,
777,777,2,61635.68,2025-05-01 09:40:00,777,24,6,NETBANKING,Failed,1,Foreign Location
183,183,2,143782.37,2025-05-01 09:41:00,183,5,7,NEFT,Success,0,
350,350,7,154982.57,2025-05-01 09:42:00,350,6,4,NEFT,Success,0,
913,913,7,41017.68,2025-05-01 09:43:00,913,17,10,NEFT,Pending,0,
672,672,7,34914.67,2025-05-01 09:44:00,672,24,10,NEFT,Success,0,
84,84,3,146030.87,2025-05-01 09:45:00,84,16,8,POS,Success,0,
19,19,4,15235.22,2025-05-01 09:46:00,19,9,5,RTGS,Success,0,
646,646,5,103374.86,2025-05-01 09:47:00,646,22,9,ATM,Success,0,
167,167,8,74477.65,2025-05-01 09:48:00,167,2,7,IMPS,Success,0,
689,689,10,15158.74,2025-05-01 09:49:00,689,20,5,NETBANKING,Success,0,
439,439,2,8443.18,2025-05-01 09:50:00,439,11,3,RTGS,Success,0,
122,122,7,135497.78,2025-05-01 09:51:00,122,25,6,NETBANKING,Success,0,
984,984,7,133266.41,2025-05-01 09:52:00,984,29,2,UPI,Failed,0,
526,526,9,19174.63,2025-05-01 09:53:00,526,3,5,UPI,Success,1,Multiple Transactions
975,975,6,2340.58,2025-05-01 09:54:00,975,2,1,NETBANKING,Success,0,
696,696,1,7906.39,2025-05-01 09:55:00,696,2,5,UPI,Success,0,
332,332,1,124467.97,2025-05-01 09:56:00,332,28,2,UPI,Success,0,
866,866,8,158460.83,2025-05-01 09:57:00,866,16,6,UPI,Success,0,
888,888,5,181704.97,2025-05-01 09:58:00,888,23,10,NETBANKING,Success,1,High Amount Transaction
185,185,8,146454.1,2025-05-01 09:59:00,185,28,10,UPI,Success,0,
958,958,1,46813.02,2025-05-01 10:00:00,958,26,5,RTGS,Success,0,
466,466,9,6812.46,2025-05-01 10:01:00,466,25,10,NETBANKING,Success,0,
25,25,7,181068.07,2025-05-01 10:02:00,25,22,10,POS,Success,1,Foreign Location
158,158,6,25595.75,2025-05-01 10:03:00,158,24,6,POS,Pending,0,
905,905,8,158423.02,2025-05-01 10:04:00,905,11,4,UPI,Failed,0,
273,273,4,64486.03,2025-05-01 10:05:00,273,23,1,UPI,Success,0,
182,182,2,137632.31,2025-05-01 10:06:00,182,28,3,IMPS,Success,0,
107,107,1,61319.29,2025-05-01 10:07:00,107,20,2,UPI,Success,1,Night Transaction
30,30,5,187096.83,2025-05-01 10:08:00,30,14,6,POS,Success,0,
918,918,2,170046.64,2025-05-01 10:09:00,918,21,5,RTGS,Success,1,New Device Transaction
909,909,6,167390.8,2025-05-01 10:10:00,909,21,9,RTGS,Success,1,New Device Transaction
703,703,8,61584.64,2025-05-01 10:11:00,703,10,2,ATM,Success,0,
237,237,3,92973.28,2025-05-01 10:12:00,237,9,2,RTGS,Success,0,
590,590,9,6736.1,2025-05-01 10:13:00,590,23,2,IMPS,Success,0,
375,375,3,110828.36,2025-05-01 10:14:00,375,20,7,IMPS,Success,1,New Device Transaction
756,756,10,109082.46,2025-05-01 10:15:00,756,14,5,POS,Success,0,
760,760,2,14608.11,2025-05-01 10:16:00,760,25,9,NEFT,Success,0,
903,903,8,146967.95,2025-05-01 10:17:00,903,27,3,NETBANKING,Pending,0,
60,60,3,54634.23,2025-05-01 10:18:00,60,15,3,RTGS,Success,0,
327,327,5,13418.88,2025-05-01 10:19:00,327,29,2,UPI,Success,0,
892,892,1,145040.67,2025-05-01 10:20:00,892,1,1,NEFT,Failed,0,
735,735,3,114813.09,2025-05-01 10:21:00,735,28,9,UPI,Success,0,
417,417,1,180958.4,2025-05-01 10:22:00,417,26,8,UPI,Pending,0,
252,252,5,75412.02,2025-05-01 10:23:00,252,26,8,POS,Success,0,
290,290,10,45977.87,2025-05-01 10:24:00,290,4,9,RTGS,Success,0,
679,679,1,91954.65,2025-05-01 10:25:00,679,23,2,ATM,Success,0,
577,577,7,61185.68,2025-05-01 10:26:00,577,1,6,NEFT,Success,0,
217,217,10,99456.26,2025-05-01 10:27:00,217,24,2,RTGS,Success,0,
356,356,8,109872.05,2025-05-01 10:28:00,356,2,6,ATM,Pending,0,
338,338,2,104068.6,2025-05-01 10:29:00,338,11,6,RTGS,Pending,0,
747,747,4,1562.0,2025-05-01 10:30:00,747,27,9,IMPS,Success,0,
799,799,5,162596.75,2025-05-01 10:31:00,799,5,10,NEFT,Success,0,
813,813,6,82536.84,2025-05-01 10:32:00,813,30,4,IMPS,Success,0,
667,667,7,186634.72,2025-05-01 10:33:00,667,2,7,NETBANKING,Pending,0,
428,428,6,136616.49,2025-05-01 10:34:00,428,14,6,RTGS,Success,0,
821,821,9,120104.93,2025-05-01 10:35:00,821,25,8,ATM,Pending,0,
800,800,6,118691.72,2025-05-01 10:36:00,800,22,4,RTGS,Success,0,
367,367,4,89571.46,2025-05-01 10:37:00,367,11,3,NETBANKING,Success,0,
259,259,8,66829.67,2025-05-01 10:38:00,259,5,2,RTGS,Success,0,
225,225,10,123216.7,2025-05-01 10:39:00,225,24,3,NEFT,Success,1,Foreign Location
812,812,3,75545.86,2025-05-01 10:40:00,812,9,9,RTGS,Success,0,
890,890,6,189649.24,2025-05-01 10:41:00,890,22,4,IMPS,Failed,0,
827,827,9,167091.4,2025-05-01 10:42:00,827,21,8,RTGS,Success,0,
819,819,9,149034.61,2025-05-01 10:43:00,819,18,10,RTGS,Success,0,
836,836,2,179303.62,2025-05-01 10:44:00,836,10,1,POS,Success,0,
212,212,9,35471.89,2025-05-01 10:45:00,212,27,8,ATM,Success,0,
519,519,2,7479.95,2025-05-01 10:46:00,519,24,5,IMPS,Success,0,
605,605,8,175457.18,2025-05-01 10:47:00,605,12,9,UPI,Success,0,
353,353,2,182263.35,2025-05-01 10:48:00,353,29,3,NETBANKING,Success,0,
796,796,1,121593.63,2025-05-01 10:49:00,796,15,9,POS,Success,0,
500,500,1,145685.69,2025-05-01 10:50:00,500,9,2,UPI,Success,0,
351,351,6,120882.33,2025-05-01 10:51:00,351,20,2,NEFT,Success,0,
297,297,10,138676.76,2025-05-01 10:52:00,297,15,1,POS,Success,0,
41,41,9,159422.45,2025-05-01 10:53:00,41,13,8,ATM,Success,0,
294,294,10,40121.88,2025-05-01 10:54:00,294,20,10,POS,Success,0,
312,312,10,29771.7,2025-05-01 10:55:00,312,8,6,NETBANKING,Success,0,
861,861,7,17652.85,2025-05-01 10:56:00,861,12,5,ATM,Success,0,
40,40,10,66129.29,2025-05-01 10:57:00,40,1,9,IMPS,Success,0,
897,897,8,86883.26,2025-05-01 10:58:00,897,20,9,ATM,Success,0,
223,223,2,166002.24,2025-05-01 10:59:00,223,28,9,NEFT,Success,0,
419,419,8,73226.37,2025-05-01 11:00:00,419,7,5,ATM,Success,0,
673,673,2,29264.78,2025-05-01 11:01:00,673,24,4,ATM,Success,0,
239,239,8,163554.44,2025-05-01 11:02:00,239,27,7,IMPS,Success,0,
620,620,1,6184.62,2025-05-01 11:03:00,620,2,7,NEFT,Success,0,
497,497,7,197468.2,2025-05-01 11:04:00,497,22,8,NETBANKING,Success,0,
413,413,6,141013.28,2025-05-01 11:05:00,413,28,4,NETBANKING,Success,0,
638,638,5,161046.83,2025-05-01 11:06:00,638,23,9,IMPS,Success,0,
594,594,3,1098.11,2025-05-01 11:07:00,594,9,1,NETBANKING,Success,0,
28,28,5,97542.6,2025-05-01 11:08:00,28,6,10,NETBANKING,Success,0,
657,657,10,197976.59,2025-05-01 11:09:00,657,30,5,ATM,Success,0,
348,348,9,131938.1,2025-05-01 11:10:00,348,15,10,UPI,Success,0,
499,499,5,178586.33,2025-05-01 11:11:00,499,7,8,NETBANKING,Success,0,
660,660,5,167633.33,2025-05-01 11:12:00,660,17,6,IMPS,Pending,0,
224,224,4,62943.27,2025-05-01 11:13:00,224,4,8,POS,Success,0,
765,765,5,82003.66,2025-05-01 11:14:00,765,28,5,NEFT,Success,0,
263,263,3,161294.02,2025-05-01 11:15:00,263,9,9,POS,Success,0,
375,375,7,193690.38,2025-05-01 11:16:00,375,9,7,UPI,Success,0,
240,240,2,86686.56,2025-05-01 11:17:00,240,18,1,UPI,Success,0,
354,354,3,146480.89,2025-05-01 11:18:00,354,1,4,POS,Success,0,
727,727,2,86221.79,2025-05-01 11:19:00,727,2,7,POS,Failed,1,Night Transaction
783,783,4,77414.89,2025-05-01 11:20:00,783,10,5,ATM,Success,0,
98,98,1,185727.65,2025-05-01 11:21:00,98,8,3,NETBANKING,Success,0,
82,82,9,33254.53,2025-05-01 11:22:00,82,22,10,UPI,Failed,0,
591,591,5,54964.57,2025-05-01 11:23:00,591,26,8,NETBANKING,Success,1,High Amount Transaction
840,840,1,69599.23,2025-05-01 11:24:00,840,15,4,POS,Success,0,
802,802,9,13853.1,2025-05-01 11:25:00,802,8,8,UPI,Success,1,Foreign Location
624,624,4,15974.69,2025-05-01 11:26:00,624,3,5,IMPS,Success,0,
909,909,6,70536.76,2025-05-01 11:27:00,909,29,3,ATM,Success,0,
675,675,9,5461.9,2025-05-01 11:28:00,675,7,5,ATM,Success,0,
360,360,4,88982.61,2025-05-01 11:29:00,360,2,10,NETBANKING,Success,0,
24,24,9,174623.23,2025-05-01 11:30:00,24,5,2,RTGS,Success,0,
839,839,7,182288.3,2025-05-01 11:31:00,839,15,1,NETBANKING,Success,0,
436,436,4,122276.37,2025-05-01 11:32:00,436,1,3,RTGS,Success,0,
761,761,6,136663.94,2025-05-01 11:33:00,761,16,10,POS,Success,0,
680,680,8,4984.47,2025-05-01 11:34:00,680,14,4,POS,Success,0,
330,330,9,114008.16,2025-05-01 11:35:00,330,6,6,IMPS,Success,0,
585,585,8,152929.99,2025-05-01 11:36:00,585,2,5,IMPS,Success,0,
45,45,4,193954.01,2025-05-01 11:37:00,45,14,2,ATM,Success,0,
148,148,10,37875.58,2025-05-01 11:38:00,148,5,2,POS,Success,0,
341,341,8,95491.38,2025-05-01 11:39:00,341,3,6,UPI,Success,0,
285,285,6,198266.75,2025-05-01 11:40:00,285,5,3,RTGS,Success,0,
56,56,1,96730.03,2025-05-01 11:41:00,56,26,8,UPI,Success,0,
824,824,3,31159.27,2025-05-01 11:42:00,824,22,9,POS,Success,0,
529,529,2,28731.84,2025-05-01 11:43:00,529,17,4,UPI,Success,0,
854,854,3,133641.86,2025-05-01 11:44:00,854,18,3,ATM,Success,1,New Device Transaction
505,505,8,149771.98,2025-05-01 11:45:00,505,7,8,UPI,Success,0,
397,397,10,36433.96,2025-05-01 11:46:00,397,9,2,POS,Success,0,
439,439,6,188420.21,2025-05-01 11:47:00,439,5,6,NEFT,Success,0,
727,727,9,72655.4,2025-05-01 11:48:00,727,16,4,NETBANKING,Success,0,
130,130,10,34754.35,2025-05-01 11:49:00,130,25,7,POS,Failed,0,
301,301,9,114714.53,2025-05-01 11:50:00,301,12,1,NEFT,Success,0,
764,764,10,7119.77,2025-05-01 11:51:00,764,17,3,POS,Success,0,
226,226,7,164951.34,2025-05-01 11:52:00,226,30,2,NETBANKING,Success,0,
10,10,6,125997.6,2025-05-01 11:53:00,10,8,10,POS,Success,0,
929,929,4,65342.51,2025-05-01 11:54:00,929,12,1,POS,Success,0,
656,656,3,45546.76,2025-05-01 11:55:00,656,22,1,ATM,Success,0,
494,494,10,75056.66,2025-05-01 11:56:00,494,15,5,UPI,Success,0,
557,557,8,48453.91,2025-05-01 11:57:00,557,18,2,UPI,Success,0,
229,229,3,121085.75,2025-05-01 11:58:00,229,14,2,POS,Success,0,
48,48,7,103163.73,2025-05-01 11:59:00,48,27,9,POS,Success,0,
501,501,7,155778.52,2025-05-01 12:00:00,501,20,1,ATM,Success,0,
401,401,7,186185.06,2025-05-01 12:01:00,401,18,4,ATM,Success,0,
287,287,8,37512.94,2025-05-01 12:02:00,287,3,9,UPI,Success,0,
791,791,6,42152.89,2025-05-01 12:03:00,791,11,1,UPI,Failed,0,
712,712,1,116276.57,2025-05-01 12:04:00,712,22,6,NEFT,Success,0,
659,659,5,71538.69,2025-05-01 12:05:00,659,28,6,POS,Success,0,
200,200,9,38659.02,2025-05-01 12:06:00,200,17,7,NEFT,Success,0,
132,132,9,131944.22,2025-05-01 12:07:00,132,12,6,IMPS,Success,1,Night Transaction
163,163,10,107699.6,2025-05-01 12:08:00,163,9,7,ATM,Success,0,
174,174,5,180735.4,2025-05-01 12:09:00,174,16,4,NEFT,Success,0,
898,898,7,189663.08,2025-05-01 12:10:00,898,20,1,POS,Success,0,
629,629,4,198388.54,2025-05-01 12:11:00,629,24,1,IMPS,Success,0,
864,864,6,138876.1,2025-05-01 12:12:00,864,10,9,UPI,Success,0,
517,517,5,188179.79,2025-05-01 12:13:00,517,22,7,IMPS,Success,0,
939,939,4,2783.69,2025-05-01 12:14:00,939,24,7,IMPS,Success,0,
953,953,2,144329.6,2025-05-01 12:15:00,953,8,3,ATM,Pending,0,
347,347,8,172693.01,2025-05-01 12:16:00,347,22,7,POS,Success,0,
790,790,2,4279.8,2025-05-01 12:17:00,790,10,6,NETBANKING,Success,0,
930,930,1,66660.16,2025-05-01 12:18:00,930,6,7,IMPS,Success,0,
446,446,9,183603.34,2025-05-01 12:19:00,446,27,10,NEFT,Success,0,
649,649,10,134512.28,2025-05-01 12:20:00,649,11,6,RTGS,Success,0,
871,871,1,98374.9,2025-05-01 12:21:00,871,15,1,NETBANKING,Success,0,
309,309,4,91981.61,2025-05-01 12:22:00,309,13,7,NEFT,Pending,0,
206,206,3,189683.75,2025-05-01 12:23:00,206,9,4,RTGS,Success,0,
117,117,7,90896.18,2025-05-01 12:24:00,117,22,8,RTGS,Success,0,
640,640,7,196571.83,2025-05-01 12:25:00,640,10,6,POS,Success,0,
824,824,2,1286.14,2025-05-01 12:26:00,824,23,4,UPI,Pending,0,
957,957,1,1141.75,2025-05-01 12:27:00,957,9,4,ATM,Success,0,
671,671,7,991.61,2025-05-01 12:28:00,671,4,9,UPI,Success,0,
868,868,7,16108.02,2025-05-01 12:29:00,868,6,5,RTGS,Success,0,
395,395,4,178238.98,2025-05-01 12:30:00,395,6,5,ATM,Failed,0,
451,451,5,95427.42,2025-05-01 12:31:00,451,14,2,NETBANKING,Success,0,
652,652,5,29464.51,2025-05-01 12:32:00,652,27,2,ATM,Pending,0,
163,163,10,68861.24,2025-05-01 12:33:00,163,23,8,NETBANKING,Success,0,
135,135,10,79616.46,2025-05-01 12:34:00,135,6,6,ATM,Success,0,
832,832,2,117912.54,2025-05-01 12:35:00,832,1,8,RTGS,Success,0,
470,470,7,127640.44,2025-05-01 12:36:00,470,24,6,NETBANKING,Success,1,High Amount Transaction
798,798,1,62640.28,2025-05-01 12:37:00,798,1,10,POS,Failed,0,
37,37,9,15055.9,2025-05-01 12:38:00,37,10,4,NETBANKING,Success,1,Night Transaction
733,733,10,46966.67,2025-05-01 12:39:00,733,23,5,NETBANKING,Success,0,
514,514,8,53844.56,2025-05-01 12:40:00,514,22,8,UPI,Pending,0,
757,757,7,107167.64,2025-05-01 12:41:00,757,15,1,IMPS,Success,0,
314,314,2,63064.82,2025-05-01 12:42:00,314,26,8,RTGS,Success,0,
248,248,6,124993.13,2025-05-01 12:43:00,248,2,6,NEFT,Success,0,
232,232,6,199950.91,2025-05-01 12:44:00,232,2,3,NEFT,Pending,0,
877,877,9,38357.5,2025-05-01 12:45:00,877,22,1,RTGS,Success,0,
63,63,1,131909.18,2025-05-01 12:46:00,63,23,2,NEFT,Success,0,
58,58,1,5890.91,2025-05-01 12:47:00,58,20,5,NETBANKING,Success,0,
236,236,5,136908.54,2025-05-01 12:48:00,236,27,1,ATM,Success,0,
647,647,7,166639.99,2025-05-01 12:49:00,647,27,7,NETBANKING,Success,0,
278,278,2,70190.53,2025-05-01 12:50:00,278,30,6,ATM,Failed,0,
70,70,5,141371.92,2025-05-01 12:51:00,70,28,8,ATM,Success,0,
989,989,6,156131.22,2025-05-01 12:52:00,989,27,1,UPI,Success,0,
574,574,9,198195.36,2025-05-01 12:53:00,574,14,10,RTGS,Failed,0,
621,621,1,137072.56,2025-05-01 12:54:00,621,17,5,NEFT,Success,0,
771,771,5,100942.59,2025-05-01 12:55:00,771,22,3,NEFT,Pending,0,
222,222,3,167613.13,2025-05-01 12:56:00,222,19,3,IMPS,Success,0,
519,519,8,91848.18,2025-05-01 12:57:00,519,27,2,NEFT,Success,0,
753,753,4,132629.99,2025-05-01 12:58:00,753,29,4,POS,Success,0,
459,459,9,13382.93,2025-05-01 12:59:00,459,22,1,NEFT,Success,0,
477,477,10,178910.95,2025-05-01 13:00:00,477,9,6,RTGS,Success,0,
806,806,8,79925.98,2025-05-01 13:01:00,806,16,7,POS,Success,0,
49,49,5,87116.66,2025-05-01 13:02:00,49,12,9,RTGS,Success,1,Multiple Transactions
901,901,3,140635.65,2025-05-01 13:03:00,901,29,10,NETBANKING,Success,0,
220,220,2,11299.31,2025-05-01 13:04:00,220,20,7,RTGS,Success,0,
49,49,1,25259.62,2025-05-01 13:05:00,49,24,10,NEFT,Failed,0,
801,801,2,191456.4,2025-05-01 13:06:00,801,25,7,UPI,Success,0,
655,655,3,9919.45,2025-05-01 13:07:00,655,30,3,RTGS,Success,0,
910,910,6,144854.36,2025-05-01 13:08:00,910,20,3,POS,Success,0,
707,707,10,112788.58,2025-05-01 13:09:00,707,8,8,IMPS,Failed,1,New Device Transaction
666,666,9,80882.97,2025-05-01 13:10:00,666,2,2,NETBANKING,Success,0,
222,222,7,10812.52,2025-05-01 13:11:00,222,25,2,POS,Success,0,
1,1,3,87120.51,2025-05-01 13:12:00,1,18,5,POS,Success,0,
673,673,7,121438.25,2025-05-01 13:13:00,673,8,2,NEFT,Success,1,Night Transaction
683,683,1,88520.95,2025-05-01 13:14:00,683,13,2,RTGS,Failed,1,New Device Transaction
690,690,5,170069.43,2025-05-01 13:15:00,690,19,6,UPI,Success,0,
879,879,10,105000.25,2025-05-01 13:16:00,879,12,7,ATM,Success,0,
754,754,5,3367.44,2025-05-01 13:17:00,754,25,8,NETBANKING,Failed,1,Multiple Transactions
796,796,9,41012.95,2025-05-01 13:18:00,796,30,6,POS,Success,0,
247,247,10,173357.78,2025-05-01 13:19:00,247,10,10,NETBANKING,Failed,0,
146,146,5,54220.13,2025-05-01 13:20:00,146,4,3,POS,Success,0,
290,290,10,41373.1,2025-05-01 13:21:00,290,19,4,ATM,Success,1,Multiple Transactions
124,124,7,1502.0,2025-05-01 13:22:00,124,28,10,POS,Pending,0,
647,647,8,146666.65,2025-05-01 13:23:00,647,30,3,NETBANKING,Success,0,
451,451,10,50115.4,2025-05-01 13:24:00,451,11,8,RTGS,Success,0,
602,602,6,170969.86,2025-05-01 13:25:00,602,23,4,ATM,Success,0,
650,650,6,107835.54,2025-05-01 13:26:00,650,11,10,POS,Success,0,
884,884,1,129007.05,2025-05-01 13:27:00,884,15,7,ATM,Success,0,
444,444,5,199151.15,2025-05-01 13:28:00,444,15,9,IMPS,Success,0,
332,332,8,146922.12,2025-05-01 13:29:00,332,29,3,IMPS,Success,0,
277,277,4,88934.98,2025-05-01 13:30:00,277,13,4,POS,Success,0,
901,901,1,162493.16,2025-05-01 13:31:00,901,2,6,IMPS,Success,0,
742,742,6,54169.81,2025-05-01 13:32:00,742,16,5,UPI,Success,0,
451,451,4,48668.35,2025-05-01 13:33:00,451,9,10,RTGS,Success,0,
41,41,10,87311.2,2025-05-01 13:34:00,41,18,4,POS,Success,0,
749,749,8,144874.54,2025-05-01 13:35:00,749,1,3,NEFT,Success,0,
33,33,6,42760.33,2025-05-01 13:36:00,33,15,3,ATM,Success,0,
364,364,5,133702.55,2025-05-01 13:37:00,364,15,2,IMPS,Success,0,
509,509,4,10581.24,2025-05-01 13:38:00,509,14,8,NEFT,Success,0,
673,673,1,52566.57,2025-05-01 13:39:00,673,19,6,RTGS,Success,0,
230,230,10,21426.08,2025-05-01 13:40:00,230,16,4,RTGS,Success,0,
317,317,6,16723.02,2025-05-01 13:41:00,317,8,7,NETBANKING,Pending,0,
839,839,2,126396.57,2025-05-01 13:42:00,839,23,1,IMPS,Success,0,
283,283,2,180340.95,2025-05-01 13:43:00,283,7,8,ATM,Success,0,
890,890,10,175552.53,2025-05-01 13:44:00,890,14,5,ATM,Success,0,
756,756,4,80000.38,2025-05-01 13:45:00,756,14,3,UPI,Success,0,
43,43,1,172211.92,2025-05-01 13:46:00,43,21,8,IMPS,Success,0,
107,107,1,48252.11,2025-05-01 13:47:00,107,29,6,NETBANKING,Success,1,New Device Transaction
199,199,6,157878.06,2025-05-01 13:48:00,199,28,3,UPI,Success,0,
968,968,10,74465.37,2025-05-01 13:49:00,968,15,4,RTGS,Success,0,
426,426,1,4658.23,2025-05-01 13:50:00,426,23,6,ATM,Success,0,
508,508,9,119720.2,2025-05-01 13:51:00,508,14,7,ATM,Success,0,
566,566,4,110795.88,2025-05-01 13:52:00,566,18,8,POS,Success,0,
859,859,4,105540.67,2025-05-01 13:53:00,859,1,10,NEFT,Success,0,
967,967,5,37629.15,2025-05-01 13:54:00,967,16,3,IMPS,Failed,0,
120,120,10,61659.69,2025-05-01 13:55:00,120,8,6,ATM,Failed,0,
970,970,5,142609.29,2025-05-01 13:56:00,970,14,10,RTGS,Success,0,
103,103,9,10314.51,2025-05-01 13:57:00,103,28,2,POS,Success,0,
848,848,9,121070.84,2025-05-01 13:58:00,848,21,6,ATM,Success,0,
323,323,5,38816.02,2025-05-01 13:59:00,323,10,7,IMPS,Success,0,
438,438,8,182615.34,2025-05-01 14:00:00,438,25,1,IMPS,Success,0,
834,834,10,75503.67,2025-05-01 14:01:00,834,22,5,NEFT,Success,0,
982,982,1,102366.24,2025-05-01 14:02:00,982,27,9,RTGS,Success,0,
699,699,1,159037.9,2025-05-01 14:03:00,699,15,7,NEFT,Success,0,
234,234,4,44095.12,2025-05-01 14:04:00,234,6,1,POS,Success,0,
179,179,5,105510.46,2025-05-01 14:05:00,179,13,10,IMPS,Success,0,
990,990,6,99758.95,2025-05-01 14:06:00,990,27,9,POS,Success,0,
954,954,6,33319.87,2025-05-01 14:07:00,954,17,5,POS,Success,0,
889,889,3,170959.47,2025-05-01 14:08:00,889,2,1,ATM,Success,0,
392,392,6,116715.86,2025-05-01 14:09:00,392,16,10,RTGS,Failed,0,
733,733,10,6260.92,2025-05-01 14:10:00,733,4,1,POS,Success,0,
731,731,7,48243.21,2025-05-01 14:11:00,731,2,2,NETBANKING,Success,1,Night Transaction
342,342,10,5328.53,2025-05-01 14:12:00,342,12,1,NETBANKING,Success,0,
104,104,2,97989.54,2025-05-01 14:13:00,104,30,1,NETBANKING,Success,0,
532,532,8,36155.2,2025-05-01 14:14:00,532,12,2,IMPS,Success,0,
364,364,7,192414.31,2025-05-01 14:15:00,364,16,10,NEFT,Success,0,
288,288,5,143629.44,2025-05-01 14:16:00,288,30,4,IMPS,Success,0,
998,998,1,92861.81,2025-05-01 14:17:00,998,4,9,RTGS,Success,0,
760,760,4,160956.5,2025-05-01 14:18:00,760,23,7,UPI,Success,0,
294,294,10,22657.92,2025-05-01 14:19:00,294,30,7,NETBANKING,Success,0,
31,31,4,26577.88,2025-05-01 14:20:00,31,5,6,NETBANKING,Success,0,
666,666,1,61368.59,2025-05-01 14:21:00,666,18,5,UPI,Success,0,
386,386,1,183451.96,2025-05-01 14:22:00,386,2,2,IMPS,Success,0,
914,914,3,176137.02,2025-05-01 14:23:00,914,24,10,UPI,Success,0,
934,934,4,23082.1,2025-05-01 14:24:00,934,25,8,NEFT,Success,0,
70,70,9,138729.93,2025-05-01 14:25:00,70,8,10,UPI,Success,0,
346,346,6,16731.82,2025-05-01 14:26:00,346,7,10,NETBANKING,Success,0,
320,320,5,105457.61,2025-05-01 14:27:00,320,4,10,NEFT,Success,0,
447,447,8,66014.11,2025-05-01 14:28:00,447,24,10,IMPS,Success,0,
940,940,1,91981.57,2025-05-01 14:29:00,940,1,7,UPI,Success,0,
825,825,5,186912.95,2025-05-01 14:30:00,825,6,2,POS,Success,0,
712,712,4,131030.24,2025-05-01 14:31:00,712,14,9,UPI,Success,0,
9,9,9,142147.58,2025-05-01 14:32:00,9,28,8,NEFT,Success,0,
83,83,1,11947.82,2025-05-01 14:33:00,83,23,1,IMPS,Success,0,
880,880,7,180928.57,2025-05-01 14:34:00,880,25,9,RTGS,Success,0,
485,485,6,27313.99,2025-05-01 14:35:00,485,3,1,RTGS,Success,0,
498,498,3,147334.66,2025-05-01 14:36:00,498,21,5,UPI,Success,0,
131,131,2,56528.2,2025-05-01 14:37:00,131,28,6,IMPS,Success,0,
73,73,2,136336.64,2025-05-01 14:38:00,73,26,10,ATM,Success,0,
278,278,8,52093.65,2025-05-01 14:39:00,278,9,4,ATM,Success,0,
297,297,8,40652.44,2025-05-01 14:40:00,297,2,8,RTGS,Success,1,Multiple Transactions
785,785,8,83163.89,2025-05-01 14:41:00,785,27,8,UPI,Success,0,
372,372,10,174973.13,2025-05-01 14:42:00,372,17,2,NEFT,Success,0,
229,229,1,50206.79,2025-05-01 14:43:00,229,13,4,RTGS,Success,0,
626,626,4,152591.49,2025-05-01 14:44:00,626,29,8,IMPS,Success,0,
560,560,4,183928.38,2025-05-01 14:45:00,560,10,2,NETBANKING,Success,0,
625,625,9,170539.39,2025-05-01 14:46:00,625,19,1,RTGS,Success,1,Multiple Transactions
69,69,6,56601.38,2025-05-01 14:47:00,69,25,6,NETBANKING,Success,0,
881,881,5,832.39,2025-05-01 14:48:00,881,12,4,NEFT,Success,0,
482,482,5,128238.45,2025-05-01 14:49:00,482,4,5,IMPS,Success,0,
796,796,2,157905.06,2025-05-01 14:50:00,796,16,6,NEFT,Success,0,
728,728,5,185091.42,2025-05-01 14:51:00,728,20,3,UPI,Success,0,
491,491,10,24941.29,2025-05-01 14:52:00,491,16,5,NEFT,Success,0,
825,825,8,88929.65,2025-05-01 14:53:00,825,5,5,NETBANKING,Success,0,
752,752,4,134040.34,2025-05-01 14:54:00,752,3,2,RTGS,Success,0,
671,671,9,62001.0,2025-05-01 14:55:00,671,7,7,IMPS,Success,0,
961,961,5,110437.7,2025-05-01 14:56:00,961,22,3,UPI,Success,0,
634,634,8,97395.08,2025-05-01 14:57:00,634,5,8,RTGS,Success,0,
340,340,1,118280.76,2025-05-01 14:58:00,340,13,7,POS,Success,0,
554,554,3,109517.32,2025-05-01 14:59:00,554,8,6,ATM,Success,0,
760,760,5,135416.63,2025-05-01 15:00:00,760,23,5,UPI,Pending,1,New Device Transaction
754,754,6,134302.02,2025-05-01 15:01:00,754,26,10,NEFT,Success,0,
592,592,10,109145.71,2025-05-01 15:02:00,592,24,5,NETBANKING,Success,0,
834,834,4,187789.0,2025-05-01 15:03:00,834,18,8,RTGS,Success,0,
439,439,6,141427.66,2025-05-01 15:04:00,439,17,3,NETBANKING,Success,0,
721,721,9,116682.53,2025-05-01 15:05:00,721,6,5,NETBANKING,Success,0,
605,605,2,28599.82,2025-05-01 15:06:00,605,24,1,UPI,Success,0,
34,34,2,36466.11,2025-05-01 15:07:00,34,25,2,POS,Success,0,
923,923,5,112185.07,2025-05-01 15:08:00,923,24,7,POS,Success,0,
442,442,1,52209.49,2025-05-01 15:09:00,442,12,2,NETBANKING,Success,0,
993,993,2,28774.84,2025-05-01 15:10:00,993,24,9,NEFT,Pending,0,
95,95,1,58539.26,2025-05-01 15:11:00,95,7,7,UPI,Success,0,
70,70,8,116962.83,2025-05-01 15:12:00,70,24,3,NETBANKING,Success,0,
850,850,3,108543.32,2025-05-01 15:13:00,850,13,10,RTGS,Success,0,
233,233,9,139354.18,2025-05-01 15:14:00,233,8,9,UPI,Success,0,
272,272,1,86827.68,2025-05-01 15:15:00,272,12,6,NETBANKING,Success,1,High Amount Transaction
44,44,4,21543.93,2025-05-01 15:16:00,44,7,9,POS,Success,0,
196,196,2,16397.94,2025-05-01 15:17:00,196,18,8,NEFT,Pending,0,
522,522,2,131655.55,2025-05-01 15:18:00,522,24,2,NETBANKING,Success,0,
34,34,9,199581.26,2025-05-01 15:19:00,34,2,9,IMPS,Success,0,
410,410,10,51738.81,2025-05-01 15:20:00,410,8,9,RTGS,Success,0,
738,738,6,40621.75,2025-05-01 15:21:00,738,24,8,NEFT,Success,0,
290,290,5,112440.89,2025-05-01 15:22:00,290,29,2,NETBANKING,Success,0,
274,274,8,103763.7,2025-05-01 15:23:00,274,9,2,UPI,Success,0,
189,189,8,170513.74,2025-05-01 15:24:00,189,6,2,NEFT,Success,0,
409,409,6,176398.71,2025-05-01 15:25:00,409,17,6,ATM,Success,0,
629,629,3,168084.83,2025-05-01 15:26:00,629,15,6,NEFT,Success,0,
577,577,1,93550.8,2025-05-01 15:27:00,577,6,8,UPI,Success,0,
537,537,7,143729.57,2025-05-01 15:28:00,537,18,3,ATM,Success,0,
177,177,8,28575.56,2025-05-01 15:29:00,177,7,4,UPI,Success,1,New Device Transaction
872,872,9,133058.16,2025-05-01 15:30:00,872,1,8,ATM,Success,0,
625,625,8,55081.4,2025-05-01 15:31:00,625,22,3,UPI,Success,0,
67,67,5,73350.92,2025-05-01 15:32:00,67,14,5,UPI,Success,0,
104,104,9,27515.13,2025-05-01 15:33:00,104,30,4,NETBANKING,Success,0,
84,84,3,195514.46,2025-05-01 15:34:00,84,28,6,POS,Success,0,
945,945,3,102317.52,2025-05-01 15:35:00,945,30,9,ATM,Success,0,
803,803,4,55793.74,2025-05-01 15:36:00,803,16,4,POS,Success,1,New Device Transaction
25,25,10,7536.49,2025-05-01 15:37:00,25,26,4,NEFT,Success,1,High Amount Transaction
654,654,1,32161.34,2025-05-01 15:38:00,654,2,2,ATM,Success,0,
670,670,8,99869.6,2025-05-01 15:39:00,670,6,5,NEFT,Success,0,
645,645,3,58949.88,2025-05-01 15:40:00,645,17,4,NETBANKING,Success,0,
165,165,10,148779.1,2025-05-01 15:41:00,165,8,9,IMPS,Success,0,
480,480,5,86198.11,2025-05-01 15:42:00,480,6,7,NETBANKING,Success,0,
936,936,10,134020.5,2025-05-01 15:43:00,936,11,10,POS,Success,0,
823,823,7,173229.3,2025-05-01 15:44:00,823,19,2,POS,Success,0,
930,930,2,67239.35,2025-05-01 15:45:00,930,30,10,NETBANKING,Success,0,
252,252,7,161322.98,2025-05-01 15:46:00,252,12,8,UPI,Success,0,
595,595,2,191257.98,2025-05-01 15:47:00,595,6,7,UPI,Pending,0,
107,107,8,28349.1,2025-05-01 15:48:00,107,14,6,POS,Success,0,
208,208,3,32084.56,2025-05-01 15:49:00,208,21,7,IMPS,Success,0,
477,477,1,62201.89,2025-05-01 15:50:00,477,26,1,UPI,Success,0,
424,424,10,96209.23,2025-05-01 15:51:00,424,6,6,NEFT,Success,0,
675,675,1,162273.35,2025-05-01 15:52:00,675,30,2,NEFT,Success,0,
781,781,7,58696.93,2025-05-01 15:53:00,781,25,3,NETBANKING,Success,0,
442,442,5,100846.17,2025-05-01 15:54:00,442,26,7,ATM,Success,0,
716,716,5,46927.43,2025-05-01 15:55:00,716,13,8,ATM,Failed,0,
402,402,3,129265.67,2025-05-01 15:56:00,402,7,5,RTGS,Success,0,
813,813,4,15655.82,2025-05-01 15:57:00,813,7,10,NEFT,Success,0,
862,862,3,92227.05,2025-05-01 15:58:00,862,21,9,IMPS,Success,0,
772,772,2,163535.66,2025-05-01 15:59:00,772,30,2,IMPS,Success,0,
946,946,8,69667.6,2025-05-01 16:00:00,946,26,2,NEFT,Pending,0,
341,341,10,165825.51,2025-05-01 16:01:00,341,14,5,ATM,Success,0,
941,941,6,141268.92,2025-05-01 16:02:00,941,10,8,IMPS,Success,0,
860,860,1,168975.88,2025-05-01 16:03:00,860,24,3,IMPS,Success,0,
875,875,4,20018.78,2025-05-01 16:04:00,875,2,2,UPI,Success,0,
649,649,4,188931.98,2025-05-01 16:05:00,649,14,6,NETBANKING,Success,0,
733,733,2,64064.38,2025-05-01 16:06:00,733,29,7,NETBANKING,Pending,0,
858,858,8,76467.51,2025-05-01 16:07:00,858,26,9,NETBANKING,Success,0,
975,975,8,89935.77,2025-05-01 16:08:00,975,1,3,POS,Success,0,
268,268,10,95800.12,2025-05-01 16:09:00,268,20,7,POS,Success,0,
734,734,2,163930.82,2025-05-01 16:10:00,734,5,4,IMPS,Success,0,
909,909,6,55321.08,2025-05-01 16:11:00,909,30,10,RTGS,Success,0,
720,720,8,60339.73,2025-05-01 16:12:00,720,14,5,NEFT,Success,0,
319,319,10,47233.94,2025-05-01 16:13:00,319,5,1,UPI,Success,0,
834,834,3,169141.87,2025-05-01 16:14:00,834,20,7,NETBANKING,Success,0,
178,178,6,87800.06,2025-05-01 16:15:00,178,8,3,ATM,Success,0,
405,405,3,165769.82,2025-05-01 16:16:00,405,12,4,RTGS,Success,0,
904,904,8,8173.3,2025-05-01 16:17:00,904,12,7,RTGS,Success,0,
115,115,10,12876.13,2025-05-01 16:18:00,115,12,4,NETBANKING,Success,0,
135,135,8,183457.5,2025-05-01 16:19:00,135,21,3,NETBANKING,Failed,0,
935,935,8,111721.34,2025-05-01 16:20:00,935,30,5,ATM,Success,0,
813,813,5,36093.11,2025-05-01 16:21:00,813,11,10,ATM,Success,0,
217,217,7,3609.62,2025-05-01 16:22:00,217,6,10,NETBANKING,Success,0,
328,328,6,56329.76,2025-05-01 16:23:00,328,6,8,UPI,Success,0,
207,207,7,127555.64,2025-05-01 16:24:00,207,1,8,NEFT,Success,0,
402,402,2,13791.96,2025-05-01 16:25:00,402,6,8,IMPS,Success,0,
666,666,3,38660.33,2025-05-01 16:26:00,666,19,3,UPI,Success,0,
263,263,6,140665.4,2025-05-01 16:27:00,263,19,6,POS,Success,0,
643,643,8,94718.37,2025-05-01 16:28:00,643,10,3,ATM,Success,0,
374,374,7,171637.48,2025-05-01 16:29:00,374,22,6,RTGS,Success,0,
155,155,10,28912.72,2025-05-01 16:30:00,155,30,3,ATM,Success,0,
592,592,8,115782.0,2025-05-01 16:31:00,592,12,9,NETBANKING,Success,0,
678,678,8,44450.79,2025-05-01 16:32:00,678,20,7,UPI,Success,0,
98,98,6,18230.88,2025-05-01 16:33:00,98,15,5,NEFT,Success,0,
832,832,9,138919.72,2025-05-01 16:34:00,832,17,7,IMPS,Success,0,
311,311,9,84409.03,2025-05-01 16:35:00,311,29,5,POS,Failed,0,
401,401,4,151869.3,2025-05-01 16:36:00,401,11,3,NEFT,Success,0,
88,88,10,182388.03,2025-05-01 16:37:00,88,23,4,NETBANKING,Success,0,
971,971,8,90751.19,2025-05-01 16:38:00,971,9,9,NETBANKING,Success,1,New Device Transaction
857,857,5,3800.13,2025-05-01 16:39:00,857,19,1,ATM,Success,0,
444,444,8,105548.27,2025-05-01 16:40:00,444,5,9,NETBANKING,Failed,0,
206,206,5,173292.85,2025-05-01 16:41:00,206,23,3,RTGS,Success,0,
632,632,2,14472.48,2025-05-01 16:42:00,632,10,5,NETBANKING,Success,0,
110,110,8,171404.53,2025-05-01 16:43:00,110,8,5,RTGS,Success,0,
606,606,8,69024.88,2025-05-01 16:44:00,606,24,8,UPI,Success,0,
566,566,2,10605.53,2025-05-01 16:45:00,566,8,6,RTGS,Success,1,Night Transaction
433,433,1,176668.88,2025-05-01 16:46:00,433,21,1,RTGS,Success,0,
820,820,1,190948.71,2025-05-01 16:47:00,820,3,10,POS,Success,0,
423,423,8,93347.55,2025-05-01 16:48:00,423,3,10,NETBANKING,Pending,0,
933,933,1,185804.04,2025-05-01 16:49:00,933,4,9,UPI,Success,0,
715,715,9,60794.41,2025-05-01 16:50:00,715,4,8,ATM,Success,0,
446,446,2,57137.74,2025-05-01 16:51:00,446,11,4,NETBANKING,Success,0,
82,82,1,25441.92,2025-05-01 16:52:00,82,17,2,NETBANKING,Success,0,
825,825,5,62366.26,2025-05-01 16:53:00,825,24,1,RTGS,Success,0,
415,415,7,41779.57,2025-05-01 16:54:00,415,14,8,IMPS,Success,0,
1000,1000,9,78982.89,2025-05-01 16:55:00,1000,17,6,POS,Success,0,
819,819,5,106305.59,2025-05-01 16:56:00,819,27,1,NETBANKING,Failed,0,
191,191,6,116067.5,2025-05-01 16:57:00,191,28,6,IMPS,Success,0,
860,860,3,82426.06,2025-05-01 16:58:00,860,12,10,ATM,Failed,1,High Amount Transaction
803,803,6,171998.59,2025-05-01 16:59:00,803,16,1,RTGS,Success,0,
941,941,7,147392.21,2025-05-01 17:00:00,941,9,3,RTGS,Success,0,
698,698,10,177656.56,2025-05-01 17:01:00,698,13,7,ATM,Success,0,
495,495,3,177192.63,2025-05-01 17:02:00,495,17,1,POS,Success,0,
47,47,2,146370.37,2025-05-01 17:03:00,47,26,7,NEFT,Success,0,
566,566,9,112465.9,2025-05-01 17:04:00,566,28,1,ATM,Success,0,
994,994,8,180474.34,2025-05-01 17:05:00,994,16,1,NETBANKING,Success,0,
728,728,6,69006.74,2025-05-01 17:06:00,728,5,7,UPI,Success,0,
216,216,2,86011.51,2025-05-01 17:07:00,216,12,6,IMPS,Success,1,Night Transaction
741,741,3,12532.71,2025-05-01 17:08:00,741,12,9,NETBANKING,Success,1,New Device Transaction
270,270,8,90106.79,2025-05-01 17:09:00,270,8,2,NEFT,Success,0,
754,754,5,148793.57,2025-05-01 17:10:00,754,4,7,NEFT,Success,0,
14,14,6,169483.0,2025-05-01 17:11:00,14,1,10,POS,Failed,0,
317,317,7,70763.37,2025-05-01 17:12:00,317,14,7,IMPS,Success,0,
671,671,8,159715.99,2025-05-01 17:13:00,671,21,3,NETBANKING,Success,0,
980,980,6,40453.56,2025-05-01 17:14:00,980,30,7,NETBANKING,Success,0,
875,875,5,150825.78,2025-05-01 17:15:00,875,8,1,POS,Success,1,Night Transaction
665,665,10,160839.8,2025-05-01 17:16:00,665,28,1,POS,Pending,0,
325,325,2,33749.65,2025-05-01 17:17:00,325,20,6,RTGS,Success,0,
118,118,4,55600.89,2025-05-01 17:18:00,118,6,1,POS,Success,0,
131,131,4,168516.27,2025-05-01 17:19:00,131,1,3,POS,Success,0,
840,840,5,152900.29,2025-05-01 17:20:00,840,3,2,UPI,Success,0,
492,492,6,8453.71,2025-05-01 17:21:00,492,30,6,RTGS,Failed,0,
371,371,7,129879.22,2025-05-01 17:22:00,371,11,5,RTGS,Failed,1,New Device Transaction
87,87,8,84886.95,2025-05-01 17:23:00,87,9,1,POS,Success,0,
603,603,6,133234.86,2025-05-01 17:24:00,603,13,5,NETBANKING,Success,0,
789,789,3,127225.47,2025-05-01 17:25:00,789,4,8,NETBANKING,Success,0,
842,842,8,133124.03,2025-05-01 17:26:00,842,8,3,IMPS,Success,0,
23,23,6,127379.28,2025-05-01 17:27:00,23,13,9,UPI,Success,0,
46,46,9,34512.95,2025-05-01 17:28:00,46,6,5,RTGS,Success,0,
527,527,9,76014.09,2025-05-01 17:29:00,527,28,4,NEFT,Success,0,
239,239,2,195866.55,2025-05-01 17:30:00,239,11,9,NEFT,Success,0,
181,181,1,15964.5,2025-05-01 17:31:00,181,4,10,NEFT,Success,1,Night Transaction
678,678,7,19463.64,2025-05-01 17:32:00,678,21,1,ATM,Success,0,
225,225,3,103756.93,2025-05-01 17:33:00,225,20,2,IMPS,Success,0,
473,473,10,197424.03,2025-05-01 17:34:00,473,29,2,RTGS,Failed,0,
1,1,3,41039.14,2025-05-01 17:35:00,1,18,1,IMPS,Success,0,
85,85,6,12191.74,2025-05-01 17:36:00,85,22,7,UPI,Success,0,
136,136,4,37778.69,2025-05-01 17:37:00,136,2,9,IMPS,Success,0,
867,867,4,63065.8,2025-05-01 17:38:00,867,15,10,RTGS,Success,1,New Device Transaction
378,378,10,126515.05,2025-05-01 17:39:00,378,24,9,NEFT,Success,0,
732,732,3,118617.99,2025-05-01 17:40:00,732,11,7,IMPS,Success,0,
32,32,10,191725.82,2025-05-01 17:41:00,32,4,8,IMPS,Success,0,
951,951,10,9667.77,2025-05-01 17:42:00,951,4,2,UPI,Success,0,
151,151,9,174362.04,2025-05-01 17:43:00,151,13,3,POS,Pending,0,
263,263,2,32353.66,2025-05-01 17:44:00,263,25,10,NEFT,Success,0,
643,643,5,196831.6,2025-05-01 17:45:00,643,29,2,IMPS,Success,1,High Amount Transaction
477,477,2,157341.8,2025-05-01 17:46:00,477,21,4,NEFT,Success,0,
978,978,9,106636.06,2025-05-01 17:47:00,978,12,10,IMPS,Success,0,
913,913,3,50218.91,2025-05-01 17:48:00,913,2,2,IMPS,Success,0,
166,166,9,170329.08,2025-05-01 17:49:00,166,12,3,IMPS,Success,0,
768,768,3,141981.97,2025-05-01 17:50:00,768,29,6,IMPS,Success,0,
864,864,6,59661.83,2025-05-01 17:51:00,864,30,6,UPI,Success,0,
955,955,6,98026.91,2025-05-01 17:52:00,955,28,2,NEFT,Failed,0,
315,315,8,182029.68,2025-05-01 17:53:00,315,12,5,IMPS,Success,0,
918,918,9,62668.57,2025-05-01 17:54:00,918,1,7,POS,Pending,0,
469,469,3,161742.96,2025-05-01 17:55:00,469,11,9,UPI,Success,0,
834,834,2,83365.31,2025-05-01 17:56:00,834,9,10,POS,Failed,0,
349,349,4,93567.66,2025-05-01 17:57:00,349,19,2,ATM,Failed,0,
820,820,8,17544.87,2025-05-01 17:58:00,820,24,4,ATM,Success,0,
468,468,3,1722.07,2025-05-01 17:59:00,468,26,2,ATM,Success,0,
805,805,2,191587.98,2025-05-01 18:00:00,805,21,5,POS,Success,0,
408,408,8,150868.12,2025-05-01 18:01:00,408,17,3,IMPS,Success,0,
568,568,9,84344.78,2025-05-01 18:02:00,568,13,3,IMPS,Success,0,
651,651,8,22259.22,2025-05-01 18:03:00,651,10,10,ATM,Success,0,
150,150,7,110051.5,2025-05-01 18:04:00,150,13,7,NETBANKING,Success,0,
277,277,3,3356.74,2025-05-01 18:05:00,277,1,2,ATM,Failed,0,
674,674,7,48013.45,2025-05-01 18:06:00,674,20,5,NEFT,Success,0,
802,802,4,142771.85,2025-05-01 18:07:00,802,19,1,NEFT,Success,0,
753,753,1,199523.55,2025-05-01 18:08:00,753,21,4,NEFT,Success,0,
538,538,2,149355.22,2025-05-01 18:09:00,538,30,5,POS,Success,0,
132,132,1,26512.79,2025-05-01 18:10:00,132,16,6,ATM,Success,0,
350,350,2,88675.73,2025-05-01 18:11:00,350,12,9,POS,Success,0,
145,145,3,122703.95,2025-05-01 18:12:00,145,28,7,IMPS,Success,0,
62,62,1,166260.93,2025-05-01 18:13:00,62,22,10,NEFT,Success,0,
28,28,9,90930.95,2025-05-01 18:14:00,28,18,4,IMPS,Success,0,
328,328,7,80012.4,2025-05-01 18:15:00,328,3,7,POS,Success,0,
409,409,10,19891.36,2025-05-01 18:16:00,409,7,10,RTGS,Success,0,
208,208,7,191209.62,2025-05-01 18:17:00,208,10,5,NEFT,Success,0,
152,152,6,171558.04,2025-05-01 18:18:00,152,29,9,UPI,Success,0,
900,900,4,146450.5,2025-05-01 18:19:00,900,4,3,ATM,Success,0,
887,887,4,162910.27,2025-05-01 18:20:00,887,13,5,IMPS,Success,0,
753,753,3,153305.49,2025-05-01 18:21:00,753,1,10,RTGS,Success,0,
332,332,10,113695.48,2025-05-01 18:22:00,332,6,6,NETBANKING,Pending,0,
777,777,8,148395.79,2025-05-01 18:23:00,777,15,9,ATM,Success,0,
683,683,9,147955.74,2025-05-01 18:24:00,683,26,8,UPI,Success,0,
414,414,3,165329.17,2025-05-01 18:25:00,414,23,6,RTGS,Success,0,
300,300,3,53460.44,2025-05-01 18:26:00,300,20,10,ATM,Success,0,
179,179,1,5046.26,2025-05-01 18:27:00,179,28,8,ATM,Success,0,
68,68,10,160214.11,2025-05-01 18:28:00,68,22,8,IMPS,Success,0,
7,7,7,139819.82,2025-05-01 18:29:00,7,27,9,IMPS,Success,0,
639,639,1,29117.44,2025-05-01 18:30:00,639,19,5,IMPS,Success,0,
464,464,3,102259.69,2025-05-01 18:31:00,464,5,7,POS,Failed,0,
187,187,8,155190.73,2025-05-01 18:32:00,187,16,5,RTGS,Success,0,
343,343,9,21840.93,2025-05-01 18:33:00,343,20,4,NEFT,Success,0,
175,175,10,27313.06,2025-05-01 18:34:00,175,1,4,NEFT,Success,0,
82,82,1,114783.0,2025-05-01 18:35:00,82,30,6,ATM,Pending,0,
368,368,9,110517.92,2025-05-01 18:36:00,368,15,10,NEFT,Success,0,
853,853,5,146298.63,2025-05-01 18:37:00,853,5,7,IMPS,Success,0,
281,281,10,125006.07,2025-05-01 18:38:00,281,19,5,NEFT,Success,0,
373,373,6,62256.0,2025-05-01 18:39:00,373,27,6,RTGS,Success,0,
687,687,8,87288.66,2025-05-01 18:40:00,687,9,8,NETBANKING,Success,0,
917,917,5,95145.39,2025-05-01 18:41:00,917,13,3,POS,Success,0,
895,895,1,42935.89,2025-05-01 18:42:00,895,6,10,UPI,Success,0,
57,57,9,2298.95,2025-05-01 18:43:00,57,9,8,POS,Success,0,
715,715,9,175955.49,2025-05-01 18:44:00,715,19,8,IMPS,Success,0,
941,941,9,17241.62,2025-05-01 18:45:00,941,10,10,UPI,Failed,0,
941,941,5,115999.38,2025-05-01 18:46:00,941,21,7,RTGS,Success,0,
635,635,7,62685.34,2025-05-01 18:47:00,635,1,9,POS,Success,0,
751,751,8,94568.1,2025-05-01 18:48:00,751,28,4,ATM,Success,0,
596,596,1,48680.67,2025-05-01 18:49:00,596,13,9,NEFT,Pending,0,
430,430,10,10649.74,2025-05-01 18:50:00,430,23,7,NEFT,Success,0,
794,794,1,74309.61,2025-05-01 18:51:00,794,3,1,POS,Success,0,
691,691,3,10123.55,2025-05-01 18:52:00,691,8,8,ATM,Success,0,
663,663,8,20725.0,2025-05-01 18:53:00,663,27,8,RTGS,Success,1,Night Transaction
64,64,1,161976.69,2025-05-01 18:54:00,64,23,10,UPI,Success,0,
496,496,5,13209.27,2025-05-01 18:55:00,496,9,10,UPI,Success,0,
718,718,1,98293.13,2025-05-01 18:56:00,718,15,7,UPI,Success,0,
147,147,5,107657.36,2025-05-01 18:57:00,147,11,10,POS,Success,0,
583,583,5,155739.8,2025-05-01 18:58:00,583,29,10,RTGS,Success,0,
27,27,5,116729.6,2025-05-01 18:59:00,27,7,4,UPI,Success,0,
562,562,1,24275.78,2025-05-01 19:00:00,562,1,3,IMPS,Success,0,
682,682,9,109060.69,2025-05-01 19:01:00,682,21,3,IMPS,Success,0,
61,61,7,131069.04,2025-05-01 19:02:00,61,27,8,NEFT,Success,0,
212,212,1,48740.65,2025-05-01 19:03:00,212,6,9,IMPS,Success,0,
597,597,4,103825.1,2025-05-01 19:04:00,597,17,3,RTGS,Success,0,
505,505,9,53837.81,2025-05-01 19:05:00,505,5,7,POS,Success,1,High Amount Transaction
226,226,10,25524.73,2025-05-01 19:06:00,226,15,4,IMPS,Success,0,
282,282,3,15484.37,2025-05-01 19:07:00,282,23,2,NETBANKING,Success,0,
208,208,9,8227.54,2025-05-01 19:08:00,208,26,9,UPI,Success,1,Foreign Location
59,59,9,198610.7,2025-05-01 19:09:00,59,6,9,RTGS,Success,0,
196,196,7,121133.87,2025-05-01 19:10:00,196,24,4,ATM,Failed,0,
806,806,1,5116.41,2025-05-01 19:11:00,806,21,7,POS,Success,0,
372,372,2,174063.81,2025-05-01 19:12:00,372,20,8,RTGS,Failed,0,
186,186,7,175211.31,2025-05-01 19:13:00,186,18,9,RTGS,Success,1,High Amount Transaction
275,275,8,199149.81,2025-05-01 19:14:00,275,24,8,RTGS,Success,0,
239,239,9,96959.07,2025-05-01 19:15:00,239,12,8,NEFT,Success,0,
834,834,9,2479.33,2025-05-01 19:16:00,834,22,2,NETBANKING,Success,0,
579,579,10,26210.33,2025-05-01 19:17:00,579,23,6,POS,Success,0,
226,226,9,12603.25,2025-05-01 19:18:00,226,3,7,IMPS,Success,0,
340,340,5,22183.93,2025-05-01 19:19:00,340,14,10,UPI,Success,0,
740,740,7,16206.94,2025-05-01 19:20:00,740,8,10,IMPS,Success,0,
925,925,4,135676.7,2025-05-01 19:21:00,925,17,2,RTGS,Success,0,
286,286,4,3227.63,2025-05-01 19:22:00,286,24,5,NETBANKING,Success,0,
914,914,8,12077.59,2025-05-01 19:23:00,914,23,5,POS,Success,0,
105,105,5,144808.31,2025-05-01 19:24:00,105,1,6,POS,Success,0,
113,113,2,15993.16,2025-05-01 19:25:00,113,19,8,POS,Pending,0,
249,249,6,139461.18,2025-05-01 19:26:00,249,6,7,NETBANKING,Success,0,
359,359,1,66590.85,2025-05-01 19:27:00,359,20,10,UPI,Success,0,
486,486,2,84421.83,2025-05-01 19:28:00,486,27,8,NETBANKING,Success,0,
658,658,8,95049.17,2025-05-01 19:29:00,658,5,9,ATM,Success,0,
69,69,10,177817.12,2025-05-01 19:30:00,69,13,4,NETBANKING,Success,0,
910,910,8,75596.66,2025-05-01 19:31:00,910,17,3,RTGS,Success,0,
890,890,1,196982.9,2025-05-01 19:32:00,890,13,10,POS,Success,0,
211,211,9,152672.61,2025-05-01 19:33:00,211,24,9,POS,Success,0,
363,363,4,159492.37,2025-05-01 19:34:00,363,28,4,POS,Success,0,
211,211,3,93945.91,2025-05-01 19:35:00,211,30,5,ATM,Success,0,
224,224,1,119234.97,2025-05-01 19:36:00,224,15,4,ATM,Success,0,
384,384,8,71564.51,2025-05-01 19:37:00,384,10,6,ATM,Success,0,
529,529,9,20729.07,2025-05-01 19:38:00,529,15,10,UPI,Success,0,
368,368,4,25038.44,2025-05-01 19:39:00,368,6,9,NEFT,Success,0,
107,107,4,176164.86,2025-05-01 19:40:00,107,16,8,IMPS,Success,0,
266,266,5,54041.46,2025-05-01 19:41:00,266,4,8,ATM,Success,0,
580,580,7,112062.79,2025-05-01 19:42:00,580,25,5,RTGS,Success,0,
264,264,6,38317.1,2025-05-01 19:43:00,264,17,8,NEFT,Success,0,
404,404,10,151099.39,2025-05-01 19:44:00,404,20,1,UPI,Success,0,
774,774,4,21664.61,2025-05-01 19:45:00,774,19,10,NETBANKING,Success,0,
528,528,2,107036.35,2025-05-01 19:46:00,528,14,5,POS,Success,0,
562,562,6,176721.19,2025-05-01 19:47:00,562,1,5,POS,Success,0,
634,634,6,118716.05,2025-05-01 19:48:00,634,20,8,POS,Failed,0,
139,139,7,117278.82,2025-05-01 19:49:00,139,8,8,NEFT,Success,0,
429,429,5,89060.98,2025-05-01 19:50:00,429,25,5,RTGS,Success,1,High Amount Transaction
849,849,6,4368.1,2025-05-01 19:51:00,849,13,7,NEFT,Success,0,
528,528,10,59940.24,2025-05-01 19:52:00,528,27,2,RTGS,Success,1,New Device Transaction
965,965,10,120606.15,2025-05-01 19:53:00,965,12,1,ATM,Success,0,
514,514,8,149796.7,2025-05-01 19:54:00,514,6,1,NETBANKING,Failed,0,
618,618,10,47795.76,2025-05-01 19:55:00,618,28,10,NEFT,Success,0,
370,370,3,147968.65,2025-05-01 19:56:00,370,21,8,IMPS,Failed,0,
924,924,7,25064.36,2025-05-01 19:57:00,924,8,6,ATM,Success,0,
232,232,7,137222.42,2025-05-01 19:58:00,232,9,3,UPI,Success,0,
874,874,7,77722.51,2025-05-01 19:59:00,874,16,4,ATM,Success,0,
186,186,5,18372.83,2025-05-01 20:00:00,186,20,3,NETBANKING,Success,0,
288,288,4,46655.7,2025-05-01 20:01:00,288,5,5,NETBANKING,Success,0,
466,466,1,163850.97,2025-05-01 20:02:00,466,29,6,UPI,Pending,0,
402,402,6,81091.16,2025-05-01 20:03:00,402,5,2,ATM,Success,0,
372,372,7,198452.01,2025-05-01 20:04:00,372,1,1,UPI,Pending,0,
442,442,1,150927.59,2025-05-01 20:05:00,442,28,8,RTGS,Success,0,
21,21,6,45789.48,2025-05-01 20:06:00,21,8,7,IMPS,Success,0,
549,549,7,156732.48,2025-05-01 20:07:00,549,25,2,NEFT,Success,1,Multiple Transactions
299,299,8,10391.26,2025-05-01 20:08:00,299,5,8,ATM,Success,0,
906,906,4,130327.58,2025-05-01 20:09:00,906,23,4,IMPS,Success,0,
525,525,6,68254.04,2025-05-01 20:10:00,525,26,1,POS,Success,0,
39,39,3,164898.82,2025-05-01 20:11:00,39,25,6,IMPS,Success,0,
24,24,2,94236.73,2025-05-01 20:12:00,24,11,5,IMPS,Success,0,
455,455,7,84638.73,2025-05-01 20:13:00,455,16,6,NETBANKING,Success,0,
609,609,2,134372.7,2025-05-01 20:14:00,609,10,6,UPI,Failed,0,
761,761,2,73617.46,2025-05-01 20:15:00,761,12,10,NEFT,Success,1,Night Transaction
480,480,5,195327.98,2025-05-01 20:16:00,480,21,4,ATM,Success,0,
562,562,5,4153.64,2025-05-01 20:17:00,562,12,8,NETBANKING,Success,0,
977,977,9,12335.51,2025-05-01 20:18:00,977,25,7,UPI,Success,0,
877,877,1,80811.62,2025-05-01 20:19:00,877,14,3,ATM,Success,0,
708,708,9,157880.05,2025-05-01 20:20:00,708,14,7,POS,Success,0,
296,296,3,34096.98,2025-05-01 20:21:00,296,1,7,NEFT,Success,0,
718,718,4,117423.27,2025-05-01 20:22:00,718,17,10,IMPS,Success,0,
289,289,8,70040.44,2025-05-01 20:23:00,289,16,2,NETBANKING,Success,0,
818,818,1,187565.49,2025-05-01 20:24:00,818,17,2,POS,Success,0,
200,200,1,79841.65,2025-05-01 20:25:00,200,1,8,POS,Success,0,
875,875,4,121327.49,2025-05-01 20:26:00,875,26,7,RTGS,Success,0,
904,904,10,157935.8,2025-05-01 20:27:00,904,7,8,IMPS,Pending,0,
415,415,10,22543.38,2025-05-01 20:28:00,415,14,1,UPI,Success,0,
21,21,2,74127.47,2025-05-01 20:29:00,21,15,8,NEFT,Success,0,
776,776,1,189331.83,2025-05-01 20:30:00,776,11,4,UPI,Success,0,
754,754,3,126186.32,2025-05-01 20:31:00,754,23,1,RTGS,Pending,0,
338,338,1,125059.3,2025-05-01 20:32:00,338,18,4,POS,Success,0,
69,69,5,103129.22,2025-05-01 20:33:00,69,3,3,ATM,Success,0,
637,637,4,173837.8,2025-05-01 20:34:00,637,13,7,RTGS,Success,0,
413,413,7,120092.49,2025-05-01 20:35:00,413,24,5,RTGS,Success,0,
803,803,10,55847.4,2025-05-01 20:36:00,803,6,8,POS,Success,0,
635,635,9,85059.65,2025-05-01 20:37:00,635,15,8,UPI,Success,0,
530,530,1,143238.76,2025-05-01 20:38:00,530,22,6,UPI,Success,0,
153,153,8,69034.9,2025-05-01 20:39:00,153,3,5,ATM,Success,0,
725,725,9,127337.77,2025-05-01 20:40:00,725,15,8,UPI,Success,1,High Amount Transaction
824,824,1,10467.02,2025-05-01 20:41:00,824,9,9,NEFT,Success,0,
328,328,1,178866.66,2025-05-01 20:42:00,328,3,2,ATM,Success,0,
459,459,1,167452.46,2025-05-01 20:43:00,459,14,5,UPI,Failed,0,
344,344,6,3510.73,2025-05-01 20:44:00,344,2,6,NEFT,Success,0,
505,505,8,147234.78,2025-05-01 20:45:00,505,23,7,UPI,Success,0,
367,367,2,181200.81,2025-05-01 20:46:00,367,4,10,IMPS,Success,0,
863,863,4,164013.25,2025-05-01 20:47:00,863,16,2,UPI,Failed,1,High Amount Transaction
522,522,8,43156.75,2025-05-01 20:48:00,522,19,8,IMPS,Pending,0,
490,490,1,185179.07,2025-05-01 20:49:00,490,20,2,NETBANKING,Success,0,
291,291,2,138770.96,2025-05-01 20:50:00,291,11,5,RTGS,Success,0,
522,522,8,158408.55,2025-05-01 20:51:00,522,15,6,RTGS,Success,0,
408,408,5,37767.92,2025-05-01 20:52:00,408,13,10,NETBANKING,Failed,0,
304,304,2,84633.88,2025-05-01 20:53:00,304,14,3,ATM,Success,0,
882,882,9,21350.3,2025-05-01 20:54:00,882,1,9,RTGS,Success,0,
499,499,8,41789.88,2025-05-01 20:55:00,499,21,10,RTGS,Success,0,
331,331,1,37209.74,2025-05-01 20:56:00,331,9,5,UPI,Failed,0,
514,514,8,65665.13,2025-05-01 20:57:00,514,23,6,RTGS,Success,0,
799,799,9,15073.17,2025-05-01 20:58:00,799,26,9,NEFT,Success,0,
298,298,10,166571.65,2025-05-01 20:59:00,298,8,1,IMPS,Success,0,
347,347,3,120536.82,2025-05-01 21:00:00,347,22,9,IMPS,Success,0,
896,896,1,34533.96,2025-05-01 21:01:00,896,23,2,POS,Failed,0,
692,692,7,194897.83,2025-05-01 21:02:00,692,27,6,IMPS,Success,0,
13,13,1,60840.38,2025-05-01 21:03:00,13,12,4,ATM,Success,0,
954,954,7,181399.52,2025-05-01 21:04:00,954,28,6,POS,Success,0,
232,232,7,102375.49,2025-05-01 21:05:00,232,27,3,IMPS,Success,0,
173,173,8,167370.33,2025-05-01 21:06:00,173,23,6,NETBANKING,Pending,0,
442,442,8,91641.8,2025-05-01 21:07:00,442,13,7,NEFT,Success,0,
115,115,4,180995.45,2025-05-01 21:08:00,115,1,2,ATM,Success,0,
763,763,7,68741.75,2025-05-01 21:09:00,763,18,4,NEFT,Success,0,
517,517,2,172520.36,2025-05-01 21:10:00,517,3,6,NETBANKING,Success,0,
166,166,6,84661.49,2025-05-01 21:11:00,166,14,7,UPI,Success,0,
876,876,7,21597.84,2025-05-01 21:12:00,876,29,8,ATM,Success,0,
184,184,4,22377.72,2025-05-01 21:13:00,184,4,1,UPI,Success,0,
641,641,2,143052.77,2025-05-01 21:14:00,641,2,8,NEFT,Pending,0,
350,350,9,15092.9,2025-05-01 21:15:00,350,26,1,UPI,Success,0,
887,887,8,140992.59,2025-05-01 21:16:00,887,11,5,IMPS,Success,0,
491,491,8,163102.36,2025-05-01 21:17:00,491,19,7,NETBANKING,Success,0,
171,171,1,105950.59,2025-05-01 21:18:00,171,13,10,ATM,Success,0,
144,144,2,156576.94,2025-05-01 21:19:00,144,13,9,NETBANKING,Success,0,
773,773,10,27600.3,2025-05-01 21:20:00,773,2,8,IMPS,Success,0,
731,731,3,53373.81,2025-05-01 21:21:00,731,24,10,UPI,Success,0,
255,255,1,176747.75,2025-05-01 21:22:00,255,14,4,IMPS,Pending,0,
297,297,9,95077.29,2025-05-01 21:23:00,297,16,6,IMPS,Success,0,
736,736,6,140522.82,2025-05-01 21:24:00,736,23,8,IMPS,Success,0,
619,619,9,59126.52,2025-05-01 21:25:00,619,26,9,UPI,Success,0,
772,772,8,46722.19,2025-05-01 21:26:00,772,1,4,ATM,Success,0,
44,44,10,160040.24,2025-05-01 21:27:00,44,25,9,UPI,Success,0,
66,66,6,149550.75,2025-05-01 21:28:00,66,16,7,NEFT,Success,0,
390,390,2,142832.53,2025-05-01 21:29:00,390,6,2,UPI,Success,0,
431,431,10,2130.25,2025-05-01 21:30:00,431,7,10,NETBANKING,Success,0,
866,866,9,35956.56,2025-05-01 21:31:00,866,28,10,POS,Success,0,
102,102,9,92275.82,2025-05-01 21:32:00,102,16,5,RTGS,Success,0,
904,904,2,32363.07,2025-05-01 21:33:00,904,25,4,UPI,Success,0,
680,680,3,181772.11,2025-05-01 21:34:00,680,12,5,UPI,Failed,0,
23,23,1,190795.14,2025-05-01 21:35:00,23,21,9,IMPS,Success,0,
168,168,1,6177.77,2025-05-01 21:36:00,168,7,3,NEFT,Pending,0,
600,600,8,43603.79,2025-05-01 21:37:00,600,11,9,IMPS,Success,0,
802,802,7,107363.91,2025-05-01 21:38:00,802,28,3,IMPS,Success,0,
157,157,10,76315.46,2025-05-01 21:39:00,157,30,5,RTGS,Success,0,
265,265,4,135101.63,2025-05-01 21:40:00,265,14,9,POS,Success,0,
370,370,9,73758.28,2025-05-01 21:41:00,370,30,1,POS,Success,0,
742,742,7,152175.69,2025-05-01 21:42:00,742,11,5,IMPS,Success,0,
137,137,6,198819.69,2025-05-01 21:43:00,137,10,4,RTGS,Success,0,
909,909,9,196395.95,2025-05-01 21:44:00,909,8,2,IMPS,Success,0,
231,231,10,133498.76,2025-05-01 21:45:00,231,17,10,ATM,Success,0,
369,369,3,106598.64,2025-05-01 21:46:00,369,27,4,UPI,Success,0,
50,50,6,195822.33,2025-05-01 21:47:00,50,28,10,IMPS,Success,0,
389,389,1,163782.35,2025-05-01 21:48:00,389,22,2,IMPS,Success,1,New Device Transaction
668,668,4,138794.77,2025-05-01 21:49:00,668,27,9,RTGS,Success,0,
996,996,9,87628.7,2025-05-01 21:50:00,996,25,3,UPI,Success,0,
423,423,8,168605.82,2025-05-01 21:51:00,423,6,5,UPI,Success,0,
721,721,4,108366.73,2025-05-01 21:52:00,721,28,10,ATM,Success,0,
539,539,3,191300.09,2025-05-01 21:53:00,539,26,5,NETBANKING,Success,0,
681,681,7,52068.76,2025-05-01 21:54:00,681,9,2,NEFT,Success,0,
978,978,7,133156.26,2025-05-01 21:55:00,978,11,10,UPI,Success,0,
967,967,1,114270.8,2025-05-01 21:56:00,967,16,1,NEFT,Success,0,
646,646,10,92184.86,2025-05-01 21:57:00,646,19,9,POS,Success,0,
746,746,1,127529.17,2025-05-01 21:58:00,746,27,7,POS,Success,0,
60,60,2,25942.97,2025-05-01 21:59:00,60,30,8,IMPS,Success,0,
387,387,3,190819.1,2025-05-01 22:00:00,387,5,4,UPI,Success,0,
392,392,6,113182.99,2025-05-01 22:01:00,392,18,9,RTGS,Success,0,
513,513,8,63305.71,2025-05-01 22:02:00,513,7,5,RTGS,Success,0,
693,693,6,7907.25,2025-05-01 22:03:00,693,16,10,POS,Success,0,
627,627,5,120314.13,2025-05-01 22:04:00,627,16,9,IMPS,Success,0,
43,43,1,140300.82,2025-05-01 22:05:00,43,29,3,UPI,Success,0,
684,684,9,106362.14,2025-05-01 22:06:00,684,15,8,NETBANKING,Success,0,
367,367,10,93172.19,2025-05-01 22:07:00,367,26,8,UPI,Success,0,
278,278,4,191834.83,2025-05-01 22:08:00,278,9,7,ATM,Success,0,
620,620,1,122739.45,2025-05-01 22:09:00,620,3,6,RTGS,Success,0,
969,969,1,48357.27,2025-05-01 22:10:00,969,10,10,IMPS,Success,0,
551,551,1,181734.42,2025-05-01 22:11:00,551,3,10,POS,Success,0,
581,581,5,17510.12,2025-05-01 22:12:00,581,10,4,UPI,Success,0,
319,319,5,891.18,2025-05-01 22:13:00,319,20,4,POS,Success,0,
383,383,2,193526.98,2025-05-01 22:14:00,383,11,7,NEFT,Success,0,
290,290,8,180288.73,2025-05-01 22:15:00,290,29,9,IMPS,Success,0,
442,442,1,153791.3,2025-05-01 22:16:00,442,5,8,IMPS,Failed,0,
549,549,9,106238.86,2025-05-01 22:17:00,549,2,7,POS,Success,0,
426,426,3,51580.03,2025-05-01 22:18:00,426,24,6,UPI,Success,0,
550,550,6,14153.43,2025-05-01 22:19:00,550,27,2,NETBANKING,Success,0,
921,921,6,27025.18,2025-05-01 22:20:00,921,14,7,ATM,Success,0,
738,738,2,61857.22,2025-05-01 22:21:00,738,22,8,ATM,Failed,0,
355,355,3,179083.39,2025-05-01 22:22:00,355,21,8,POS,Success,0,
550,550,2,54133.62,2025-05-01 22:23:00,550,24,6,UPI,Pending,0,
428,428,10,8457.69,2025-05-01 22:24:00,428,12,4,NETBANKING,Success,0,
434,434,7,83176.69,2025-05-01 22:25:00,434,4,9,NEFT,Success,0,
727,727,7,128641.16,2025-05-01 22:26:00,727,21,8,NETBANKING,Success,0,
645,645,6,176502.47,2025-05-01 22:27:00,645,13,3,RTGS,Success,0,
576,576,1,21404.21,2025-05-01 22:28:00,576,30,9,NETBANKING,Success,0,
915,915,5,52387.35,2025-05-01 22:29:00,915,3,10,ATM,Success,0,
90,90,9,185377.66,2025-05-01 22:30:00,90,1,1,UPI,Success,0,
809,809,8,47363.73,2025-05-01 22:31:00,809,19,10,NEFT,Success,0,
521,521,10,14803.28,2025-05-01 22:32:00,521,24,9,ATM,Success,0,
56,56,4,147365.19,2025-05-01 22:33:00,56,4,10,IMPS,Success,0,
443,443,7,74623.3,2025-05-01 22:34:00,443,5,2,POS,Success,0,
648,648,4,14493.69,2025-05-01 22:35:00,648,30,9,ATM,Success,0,
987,987,5,121420.04,2025-05-01 22:36:00,987,21,8,RTGS,Success,0,
44,44,3,106589.99,2025-05-01 22:37:00,44,11,4,NEFT,Failed,0,
234,234,2,48811.17,2025-05-01 22:38:00,234,14,1,ATM,Failed,0,
304,304,8,87014.5,2025-05-01 22:39:00,304,1,5,IMPS,Success,0,
723,723,10,1047.76,2025-05-01 22:40:00,723,22,2,NEFT,Failed,0,
193,193,1,197112.24,2025-05-01 22:41:00,193,24,2,NEFT,Success,0,
141,141,2,151940.2,2025-05-01 22:42:00,141,20,1,NEFT,Success,0,
622,622,6,63938.22,2025-05-01 22:43:00,622,18,5,ATM,Success,0,
98,98,2,95796.13,2025-05-01 22:44:00,98,30,10,IMPS,Success,0,
807,807,4,89130.42,2025-05-01 22:45:00,807,8,2,NEFT,Pending,0,
875,875,1,14249.63,2025-05-01 22:46:00,875,2,8,POS,Success,0,
736,736,10,192758.28,2025-05-01 22:47:00,736,14,1,ATM,Success,0,
166,166,9,7257.89,2025-05-01 22:48:00,166,26,10,NEFT,Success,0,
273,273,9,63498.69,2025-05-01 22:49:00,273,19,5,NETBANKING,Success,0,
260,260,3,100784.84,2025-05-01 22:50:00,260,20,1,IMPS,Pending,0,
437,437,2,114052.39,2025-05-01 22:51:00,437,10,6,UPI,Success,0,
32,32,1,80144.21,2025-05-01 22:52:00,32,21,8,ATM,Success,0,
478,478,4,146468.65,2025-05-01 22:53:00,478,26,4,RTGS,Success,0,
808,808,5,27178.42,2025-05-01 22:54:00,808,19,1,POS,Success,0,
64,64,2,86519.48,2025-05-01 22:55:00,64,9,8,NETBANKING,Success,0,
456,456,4,199545.33,2025-05-01 22:56:00,456,4,4,UPI,Success,0,
504,504,2,93896.61,2025-05-01 22:57:00,504,20,4,RTGS,Success,0,
905,905,7,187861.58,2025-05-01 22:58:00,905,3,7,UPI,Success,0,
394,394,9,114593.5,2025-05-01 22:59:00,394,24,9,NEFT,Success,1,New Device Transaction
84,84,6,29077.22,2025-05-01 23:00:00,84,17,5,NETBANKING,Success,0,
86,86,7,193382.97,2025-05-01 23:01:00,86,23,6,RTGS,Success,0,
398,398,8,139885.67,2025-05-01 23:02:00,398,30,6,POS,Success,0,
4,4,8,127551.59,2025-05-01 23:03:00,4,6,1,POS,Success,0,
96,96,4,68850.75,2025-05-01 23:04:00,96,4,4,NETBANKING,Success,0,
682,682,7,175933.22,2025-05-01 23:05:00,682,22,3,UPI,Success,0,
990,990,5,198186.54,2025-05-01 23:06:00,990,2,10,POS,Success,0,
993,993,7,181201.12,2025-05-01 23:07:00,993,6,8,IMPS,Success,0,
139,139,8,35114.94,2025-05-01 23:08:00,139,3,8,POS,Success,0,
226,226,5,174998.65,2025-05-01 23:09:00,226,25,2,IMPS,Failed,0,
426,426,6,68865.67,2025-05-01 23:10:00,426,15,3,POS,Success,0,
518,518,1,42580.96,2025-05-01 23:11:00,518,28,7,NEFT,Failed,0,
274,274,9,99221.81,2025-05-01 23:12:00,274,25,2,POS,Failed,0,
58,58,6,2349.31,2025-05-01 23:13:00,58,4,8,NETBANKING,Pending,0,
713,713,2,119628.2,2025-05-01 23:14:00,713,15,3,POS,Success,0,
684,684,2,47710.18,2025-05-01 23:15:00,684,12,5,POS,Success,0,
823,823,10,183254.89,2025-05-01 23:16:00,823,24,6,IMPS,Success,0,
36,36,9,171014.28,2025-05-01 23:17:00,36,28,8,IMPS,Success,0,
189,189,3,134964.9,2025-05-01 23:18:00,189,11,9,POS,Success,0,
270,270,9,78199.93,2025-05-01 23:19:00,270,12,3,UPI,Success,0,
30,30,1,135663.94,2025-05-01 23:20:00,30,17,4,UPI,Success,0,
465,465,7,179122.94,2025-05-01 23:21:00,465,8,7,NETBANKING,Success,0,
731,731,2,6601.04,2025-05-01 23:22:00,731,29,8,NEFT,Success,0,
53,53,1,117499.51,2025-05-01 23:23:00,53,9,5,ATM,Success,0,
345,345,2,90673.92,2025-05-01 23:24:00,345,29,5,RTGS,Success,0,
945,945,10,89620.09,2025-05-01 23:25:00,945,29,6,ATM,Pending,0,
252,252,7,187329.79,2025-05-01 23:26:00,252,5,10,UPI,Success,0,
69,69,1,189363.8,2025-05-01 23:27:00,69,24,6,NEFT,Success,0,
138,138,10,90479.71,2025-05-01 23:28:00,138,8,6,UPI,Success,0,
309,309,9,102099.34,2025-05-01 23:29:00,309,26,3,NETBANKING,Success,0,
241,241,9,64686.22,2025-05-01 23:30:00,241,23,9,ATM,Success,0,
921,921,2,66486.52,2025-05-01 23:31:00,921,23,4,IMPS,Success,1,Multiple Transactions
389,389,9,164766.03,2025-05-01 23:32:00,389,21,6,NEFT,Success,0,
898,898,5,20004.29,2025-05-01 23:33:00,898,23,6,UPI,Success,0,
174,174,9,91352.43,2025-05-01 23:34:00,174,25,1,RTGS,Failed,0,
278,278,8,108240.7,2025-05-01 23:35:00,278,12,10,POS,Success,0,
960,960,10,123434.46,2025-05-01 23:36:00,960,27,1,NETBANKING,Success,0,
569,569,9,109133.88,2025-05-01 23:37:00,569,15,4,IMPS,Success,0,
864,864,6,54111.48,2025-05-01 23:38:00,864,11,10,IMPS,Failed,0,
98,98,6,168708.54,2025-05-01 23:39:00,98,25,5,IMPS,Success,0,
294,294,6,175964.57,2025-05-01 23:40:00,294,5,6,ATM,Success,0,
59,59,5,46545.0,2025-05-01 23:41:00,59,16,9,UPI,Success,0,
410,410,5,151863.33,2025-05-01 23:42:00,410,18,2,NETBANKING,Success,0,
943,943,10,195975.43,2025-05-01 23:43:00,943,9,8,POS,Success,0,
183,183,1,55196.74,2025-05-01 23:44:00,183,7,2,RTGS,Success,0,
963,963,8,184070.11,2025-05-01 23:45:00,963,7,6,ATM,Success,0,
652,652,7,148395.67,2025-05-01 23:46:00,652,27,6,POS,Success,0,
320,320,5,166650.67,2025-05-01 23:47:00,320,8,3,ATM,Success,0,
357,357,6,106405.91,2025-05-01 23:48:00,357,23,10,POS,Success,0,
338,338,9,192187.0,2025-05-01 23:49:00,338,10,10,POS,Success,0,
355,355,9,139300.7,2025-05-01 23:50:00,355,9,8,ATM,Success,0,
861,861,6,3697.48,2025-05-01 23:51:00,861,5,9,ATM,Failed,0,
629,629,4,68454.8,2025-05-01 23:52:00,629,12,1,NEFT,Success,0,
702,702,9,13641.75,2025-05-01 23:53:00,702,10,3,ATM,Success,0,
44,44,5,84296.91,2025-05-01 23:54:00,44,30,8,POS,Success,0,
830,830,6,41540.03,2025-05-01 23:55:00,830,20,9,RTGS,Success,0,
537,537,6,29165.55,2025-05-01 23:56:00,537,19,5,ATM,Success,0,
232,232,3,40622.06,2025-05-01 23:57:00,232,18,3,NETBANKING,Pending,0,
180,180,4,21963.55,2025-05-01 23:58:00,180,9,8,NEFT,Success,0,
748,748,8,193.65,2025-05-01 23:59:00,748,6,9,NETBANKING,Pending,0,
659,659,1,147168.99,2025-05-02 00:00:00,659,7,9,POS,Success,1,Multiple Transactions
127,127,3,123711.53,2025-05-02 00:01:00,127,9,6,ATM,Success,0,
655,655,6,117716.1,2025-05-02 00:02:00,655,15,5,ATM,Success,0,
883,883,8,126657.86,2025-05-02 00:03:00,883,23,5,IMPS,Success,0,
860,860,4,70744.23,2025-05-02 00:04:00,860,6,10,UPI,Success,0,
274,274,10,118570.78,2025-05-02 00:05:00,274,28,10,NEFT,Success,0,
23,23,10,122556.73,2025-05-02 00:06:00,23,4,5,RTGS,Success,0,
106,106,4,137717.38,2025-05-02 00:07:00,106,13,8,RTGS,Success,0,
153,153,8,142226.04,2025-05-02 00:08:00,153,27,9,IMPS,Success,0,
280,280,3,46675.82,2025-05-02 00:09:00,280,28,3,POS,Success,0,
933,933,9,176870.24,2025-05-02 00:10:00,933,4,9,UPI,Success,0,
61,61,5,176212.01,2025-05-02 00:11:00,61,18,2,IMPS,Success,0,
900,900,6,187592.28,2025-05-02 00:12:00,900,8,4,RTGS,Success,0,
682,682,1,104298.12,2025-05-02 00:13:00,682,24,1,POS,Success,0,
865,865,2,26473.72,2025-05-02 00:14:00,865,14,1,NEFT,Success,0,
921,921,10,87407.84,2025-05-02 00:15:00,921,1,9,NEFT,Success,0,
127,127,9,198883.8,2025-05-02 00:16:00,127,25,8,RTGS,Success,0,
250,250,6,149095.38,2025-05-02 00:17:00,250,7,1,UPI,Success,0,
903,903,6,77809.75,2025-05-02 00:18:00,903,29,8,RTGS,Success,0,
558,558,6,36987.0,2025-05-02 00:19:00,558,19,1,UPI,Success,0,
17,17,4,77288.23,2025-05-02 00:20:00,17,10,6,NEFT,Success,0,
173,173,3,136288.1,2025-05-02 00:21:00,173,26,9,POS,Success,0,
767,767,3,70654.41,2025-05-02 00:22:00,767,20,10,UPI,Success,0,
455,455,1,156537.41,2025-05-02 00:23:00,455,11,3,IMPS,Success,0,
402,402,4,190888.63,2025-05-02 00:24:00,402,16,9,IMPS,Success,0,
392,392,5,94608.2,2025-05-02 00:25:00,392,22,7,ATM,Success,0,
764,764,5,57716.85,2025-05-02 00:26:00,764,6,3,POS,Success,0,
830,830,10,80502.8,2025-05-02 00:27:00,830,9,8,NEFT,Success,0,
289,289,4,171912.51,2025-05-02 00:28:00,289,24,1,IMPS,Success,0,
86,86,6,184807.31,2025-05-02 00:29:00,86,9,2,NETBANKING,Success,0,
148,148,4,102936.16,2025-05-02 00:30:00,148,30,8,IMPS,Success,0,
988,988,3,11050.2,2025-05-02 00:31:00,988,27,8,NEFT,Success,0,
302,302,2,65160.91,2025-05-02 00:32:00,302,5,1,IMPS,Success,0,
149,149,5,7008.93,2025-05-02 00:33:00,149,3,9,POS,Success,0,
252,252,7,151606.36,2025-05-02 00:34:00,252,15,9,NETBANKING,Success,0,
226,226,1,139430.08,2025-05-02 00:35:00,226,6,10,UPI,Success,0,
875,875,3,129763.3,2025-05-02 00:36:00,875,9,1,RTGS,Success,0,
871,871,8,152679.15,2025-05-02 00:37:00,871,24,7,ATM,Pending,0,
744,744,1,74982.29,2025-05-02 00:38:00,744,9,5,NETBANKING,Success,0,
267,267,8,114552.3,2025-05-02 00:39:00,267,2,10,IMPS,Success,0,
125,125,5,39819.81,2025-05-02 00:40:00,125,16,6,ATM,Failed,0,
845,845,1,13179.69,2025-05-02 00:41:00,845,29,3,ATM,Success,0,
138,138,2,47687.55,2025-05-02 00:42:00,138,6,8,IMPS,Success,0,
317,317,1,120881.72,2025-05-02 00:43:00,317,19,3,POS,Success,0,
43,43,3,125476.8,2025-05-02 00:44:00,43,1,5,IMPS,Failed,0,
457,457,5,45827.37,2025-05-02 00:45:00,457,5,7,UPI,Success,0,
710,710,10,58086.26,2025-05-02 00:46:00,710,30,8,ATM,Success,0,
733,733,6,125227.57,2025-05-02 00:47:00,733,23,6,IMPS,Success,0,
772,772,9,95663.58,2025-05-02 00:48:00,772,29,7,RTGS,Success,0,
512,512,2,147662.01,2025-05-02 00:49:00,512,19,4,UPI,Success,0,
731,731,1,46446.16,2025-05-02 00:50:00,731,30,4,IMPS,Success,0,
885,885,4,129964.21,2025-05-02 00:51:00,885,5,9,NEFT,Success,0,
517,517,7,20964.96,2025-05-02 00:52:00,517,21,5,UPI,Success,0,
32,32,4,48174.56,2025-05-02 00:53:00,32,21,3,RTGS,Success,0,
414,414,7,127964.56,2025-05-02 00:54:00,414,25,5,UPI,Success,0,
830,830,8,138726.02,2025-05-02 00:55:00,830,2,4,NETBANKING,Success,0,
468,468,8,186715.01,2025-05-02 00:56:00,468,5,2,RTGS,Success,0,
602,602,1,41068.14,2025-05-02 00:57:00,602,15,9,POS,Success,0,
424,424,5,9509.41,2025-05-02 00:58:00,424,18,1,UPI,Success,0,
928,928,1,184404.49,2025-05-02 00:59:00,928,12,8,NEFT,Pending,0,
415,415,4,156080.67,2025-05-02 01:00:00,415,28,2,RTGS,Success,0,
34,34,10,113351.05,2025-05-02 01:01:00,34,9,4,IMPS,Success,0,
872,872,2,23141.39,2025-05-02 01:02:00,872,4,2,POS,Failed,0,
993,993,9,116128.15,2025-05-02 01:03:00,993,9,3,UPI,Success,0,
968,968,7,162414.7,2025-05-02 01:04:00,968,13,1,ATM,Pending,0,
400,400,4,116335.85,2025-05-02 01:05:00,400,17,9,IMPS,Success,0,
659,659,10,167309.32,2025-05-02 01:06:00,659,30,1,RTGS,Success,0,
734,734,10,103157.37,2025-05-02 01:07:00,734,9,8,ATM,Failed,0,
334,334,4,24637.11,2025-05-02 01:08:00,334,10,5,NETBANKING,Success,0,
658,658,1,67561.79,2025-05-02 01:09:00,658,13,10,NEFT,Success,0,
192,192,10,27146.02,2025-05-02 01:10:00,192,10,7,NETBANKING,Pending,0,
94,94,7,96462.47,2025-05-02 01:11:00,94,9,5,POS,Pending,0,
275,275,9,28952.85,2025-05-02 01:12:00,275,19,6,RTGS,Success,0,
851,851,5,112868.82,2025-05-02 01:13:00,851,10,10,ATM,Success,0,
689,689,3,85197.4,2025-05-02 01:14:00,689,19,8,RTGS,Success,0,
828,828,1,29270.24,2025-05-02 01:15:00,828,19,6,UPI,Success,0,
777,777,6,46507.04,2025-05-02 01:16:00,777,9,4,POS,Success,0,
836,836,9,95515.38,2025-05-02 01:17:00,836,22,1,POS,Pending,0,
79,79,2,5004.45,2025-05-02 01:18:00,79,26,4,UPI,Success,0,
781,781,5,177668.5,2025-05-02 01:19:00,781,27,4,IMPS,Success,0,
206,206,6,38229.55,2025-05-02 01:20:00,206,21,3,ATM,Failed,1,Foreign Location
546,546,5,93893.77,2025-05-02 01:21:00,546,16,1,ATM,Success,0,
811,811,9,78947.41,2025-05-02 01:22:00,811,3,4,NETBANKING,Success,1,Night Transaction
622,622,5,144439.22,2025-05-02 01:23:00,622,29,3,RTGS,Success,0,
600,600,1,94312.96,2025-05-02 01:24:00,600,30,10,IMPS,Success,0,
587,587,1,179223.04,2025-05-02 01:25:00,587,23,6,NETBANKING,Success,0,
71,71,5,93331.7,2025-05-02 01:26:00,71,7,9,NEFT,Failed,0,
472,472,3,120496.04,2025-05-02 01:27:00,472,24,1,ATM,Success,0,
160,160,6,109040.09,2025-05-02 01:28:00,160,15,9,RTGS,Success,0,
894,894,1,169774.33,2025-05-02 01:29:00,894,6,6,NEFT,Success,0,
553,553,3,94189.39,2025-05-02 01:30:00,553,23,7,NETBANKING,Success,0,
474,474,3,127524.71,2025-05-02 01:31:00,474,12,2,IMPS,Success,0,
431,431,4,4708.89,2025-05-02 01:32:00,431,16,7,UPI,Success,0,
412,412,3,148905.86,2025-05-02 01:33:00,412,18,6,NETBANKING,Success,0,
35,35,7,22860.87,2025-05-02 01:34:00,35,24,9,UPI,Success,0,
923,923,9,17276.91,2025-05-02 01:35:00,923,15,4,UPI,Success,0,
620,620,4,194312.25,2025-05-02 01:36:00,620,17,6,NEFT,Success,0,
549,549,6,40727.88,2025-05-02 01:37:00,549,5,6,ATM,Success,1,Night Transaction
448,448,5,162154.98,2025-05-02 01:38:00,448,1,8,POS,Success,0,
736,736,9,177924.26,2025-05-02 01:39:00,736,30,7,UPI,Success,0,
954,954,5,168243.89,2025-05-02 01:40:00,954,1,1,NETBANKING,Success,1,New Device Transaction
924,924,1,25611.57,2025-05-02 01:41:00,924,1,7,UPI,Success,0,
842,842,2,21559.25,2025-05-02 01:42:00,842,30,1,NETBANKING,Success,0,
789,789,6,128054.92,2025-05-02 01:43:00,789,7,10,IMPS,Success,0,
715,715,10,61438.39,2025-05-02 01:44:00,715,25,2,IMPS,Success,0,
973,973,9,194628.59,2025-05-02 01:45:00,973,20,3,ATM,Success,0,
741,741,1,42984.57,2025-05-02 01:46:00,741,29,5,ATM,Success,0,
842,842,1,188553.87,2025-05-02 01:47:00,842,25,3,ATM,Success,1,Night Transaction
536,536,6,63601.13,2025-05-02 01:48:00,536,3,9,ATM,Failed,0,
150,150,1,45298.25,2025-05-02 01:49:00,150,21,8,UPI,Success,1,Night Transaction
781,781,3,73714.87,2025-05-02 01:50:00,781,10,7,RTGS,Success,0,
876,876,8,143533.56,2025-05-02 01:51:00,876,17,8,RTGS,Success,0,
818,818,7,151914.16,2025-05-02 01:52:00,818,4,9,NEFT,Success,0,
250,250,10,95804.36,2025-05-02 01:53:00,250,1,2,ATM,Success,0,
605,605,6,154641.97,2025-05-02 01:54:00,605,3,9,IMPS,Failed,0,
642,642,3,27938.22,2025-05-02 01:55:00,642,25,4,RTGS,Success,0,
199,199,9,80260.46,2025-05-02 01:56:00,199,23,8,NEFT,Success,0,
900,900,6,50203.23,2025-05-02 01:57:00,900,20,3,NEFT,Success,0,
255,255,1,190406.51,2025-05-02 01:58:00,255,13,6,UPI,Success,0,
695,695,5,94352.71,2025-05-02 01:59:00,695,4,10,RTGS,Success,0,
837,837,8,181337.56,2025-05-02 02:00:00,837,1,6,RTGS,Success,0,
157,157,1,1896.04,2025-05-02 02:01:00,157,19,8,POS,Success,0,
813,813,10,98755.45,2025-05-02 02:02:00,813,15,1,ATM,Failed,0,
599,599,5,184244.07,2025-05-02 02:03:00,599,19,4,IMPS,Success,0,
602,602,10,9131.56,2025-05-02 02:04:00,602,27,6,NEFT,Success,1,Multiple Transactions
292,292,7,14054.26,2025-05-02 02:05:00,292,2,3,IMPS,Success,0,
520,520,5,191270.18,2025-05-02 02:06:00,520,30,9,IMPS,Success,0,
55,55,8,27621.84,2025-05-02 02:07:00,55,20,9,POS,Success,0,
466,466,2,198273.64,2025-05-02 02:08:00,466,30,7,NEFT,Success,0,
110,110,5,114073.28,2025-05-02 02:09:00,110,8,2,NETBANKING,Failed,0,
245,245,5,130544.67,2025-05-02 02:10:00,245,1,1,IMPS,Success,0,
8,8,5,173398.62,2025-05-02 02:11:00,8,23,4,NETBANKING,Success,0,
136,136,4,152081.99,2025-05-02 02:12:00,136,1,3,RTGS,Success,1,Foreign Location
373,373,4,19487.24,2025-05-02 02:13:00,373,15,8,RTGS,Success,0,
335,335,3,188628.98,2025-05-02 02:14:00,335,30,1,UPI,Success,0,
359,359,4,131587.52,2025-05-02 02:15:00,359,11,1,RTGS,Failed,0,
116,116,6,58828.23,2025-05-02 02:16:00,116,21,6,ATM,Success,0,
720,720,7,164059.3,2025-05-02 02:17:00,720,7,10,POS,Success,1,Foreign Location
507,507,6,142201.03,2025-05-02 02:18:00,507,22,4,NETBANKING,Success,0,
905,905,4,20115.91,2025-05-02 02:19:00,905,24,8,IMPS,Success,1,Night Transaction
305,305,5,65909.15,2025-05-02 02:20:00,305,18,3,ATM,Success,0,
38,38,5,53754.93,2025-05-02 02:21:00,38,26,6,IMPS,Success,0,
673,673,5,2800.7,2025-05-02 02:22:00,673,12,5,ATM,Success,0,
240,240,1,20587.13,2025-05-02 02:23:00,240,12,7,IMPS,Success,0,
548,548,6,28070.71,2025-05-02 02:24:00,548,8,9,NETBANKING,Success,0,
61,61,8,69941.87,2025-05-02 02:25:00,61,7,4,POS,Success,0,
154,154,9,14794.47,2025-05-02 02:26:00,154,4,3,IMPS,Success,0,
968,968,5,199924.09,2025-05-02 02:27:00,968,26,9,NEFT,Success,0,
15,15,1,137093.59,2025-05-02 02:28:00,15,2,9,POS,Failed,1,Night Transaction
945,945,9,35848.83,2025-05-02 02:29:00,945,8,1,NETBANKING,Success,0,
753,753,6,55215.67,2025-05-02 02:30:00,753,28,4,POS,Failed,0,
934,934,4,178380.52,2025-05-02 02:31:00,934,9,10,NETBANKING,Success,0,
413,413,5,108914.69,2025-05-02 02:32:00,413,1,5,NETBANKING,Success,0,
539,539,10,54172.7,2025-05-02 02:33:00,539,21,7,IMPS,Success,0,
580,580,5,125958.64,2025-05-02 02:34:00,580,12,1,NETBANKING,Success,0,
897,897,8,89464.68,2025-05-02 02:35:00,897,3,7,RTGS,Success,0,
973,973,3,29142.83,2025-05-02 02:36:00,973,5,4,IMPS,Pending,1,Night Transaction
346,346,9,66324.71,2025-05-02 02:37:00,346,16,3,RTGS,Success,0,
584,584,8,93569.71,2025-05-02 02:38:00,584,18,10,UPI,Success,0,
605,605,1,8511.12,2025-05-02 02:39:00,605,17,2,ATM,Success,0,
355,355,10,48717.06,2025-05-02 02:40:00,355,19,9,IMPS,Failed,0,
12,12,7,167685.95,2025-05-02 02:41:00,12,23,9,POS,Failed,0,
886,886,6,131500.27,2025-05-02 02:42:00,886,29,8,NEFT,Success,0,
759,759,1,96880.36,2025-05-02 02:43:00,759,26,10,POS,Success,1,High Amount Transaction
786,786,8,146636.19,2025-05-02 02:44:00,786,30,9,POS,Success,0,
460,460,1,69362.15,2025-05-02 02:45:00,460,27,7,POS,Success,0,
115,115,5,28865.54,2025-05-02 02:46:00,115,9,8,RTGS,Success,0,
654,654,2,77225.79,2025-05-02 02:47:00,654,3,10,NETBANKING,Success,0,
601,601,1,132569.84,2025-05-02 02:48:00,601,23,4,ATM,Success,0,
581,581,5,32031.35,2025-05-02 02:49:00,581,1,1,IMPS,Pending,0,
202,202,7,160452.47,2025-05-02 02:50:00,202,18,3,NETBANKING,Success,0,
142,142,7,135048.84,2025-05-02 02:51:00,142,23,6,UPI,Success,0,
290,290,8,152477.01,2025-05-02 02:52:00,290,27,9,POS,Success,0,
387,387,7,85256.79,2025-05-02 02:53:00,387,3,4,NEFT,Success,0,
928,928,10,161460.4,2025-05-02 02:54:00,928,14,4,ATM,Success,0,
445,445,3,146506.49,2025-05-02 02:55:00,445,3,6,NETBANKING,Success,0,
377,377,7,18000.66,2025-05-02 02:56:00,377,11,4,IMPS,Success,0,
117,117,1,32519.49,2025-05-02 02:57:00,117,14,6,POS,Success,0,
575,575,9,68010.53,2025-05-02 02:58:00,575,7,9,IMPS,Pending,0,
716,716,5,100000.82,2025-05-02 02:59:00,716,30,8,IMPS,Success,0,
774,774,1,19717.78,2025-05-02 03:00:00,774,24,4,RTGS,Success,0,
644,644,2,170248.71,2025-05-02 03:01:00,644,27,9,NETBANKING,Success,0,
608,608,3,61071.54,2025-05-02 03:02:00,608,5,7,RTGS,Success,1,High Amount Transaction
56,56,8,159382.84,2025-05-02 03:03:00,56,27,1,RTGS,Success,0,
813,813,7,150566.09,2025-05-02 03:04:00,813,5,2,NEFT,Success,0,
771,771,10,26201.33,2025-05-02 03:05:00,771,9,10,UPI,Success,1,Foreign Location
970,970,5,9233.17,2025-05-02 03:06:00,970,28,3,RTGS,Success,0,
606,606,2,40607.1,2025-05-02 03:07:00,606,19,4,ATM,Success,0,
250,250,4,135189.42,2025-05-02 03:08:00,250,3,6,POS,Pending,0,
848,848,6,43350.99,2025-05-02 03:09:00,848,12,3,NETBANKING,Success,0,
822,822,3,27632.08,2025-05-02 03:10:00,822,15,4,POS,Success,0,
588,588,8,98895.14,2025-05-02 03:11:00,588,22,7,NETBANKING,Success,0,
865,865,5,149019.24,2025-05-02 03:12:00,865,3,3,UPI,Success,0,
133,133,3,121608.52,2025-05-02 03:13:00,133,29,10,POS,Success,0,
44,44,7,8984.71,2025-05-02 03:14:00,44,19,7,RTGS,Success,0,
373,373,6,77021.65,2025-05-02 03:15:00,373,2,4,RTGS,Success,0,
767,767,8,23243.02,2025-05-02 03:16:00,767,6,6,NEFT,Success,0,
873,873,8,125976.04,2025-05-02 03:17:00,873,16,6,IMPS,Success,0,
887,887,10,88138.23,2025-05-02 03:18:00,887,13,6,ATM,Success,0,
247,247,5,39833.44,2025-05-02 03:19:00,247,16,10,UPI,Success,1,Multiple Transactions
414,414,2,65402.29,2025-05-02 03:20:00,414,13,3,POS,Failed,0,
467,467,10,54962.24,2025-05-02 03:21:00,467,19,3,POS,Success,0,
334,334,9,97880.66,2025-05-02 03:22:00,334,19,2,IMPS,Success,0,
304,304,7,44947.44,2025-05-02 03:23:00,304,5,2,NEFT,Success,0,
68,68,9,42247.18,2025-05-02 03:24:00,68,8,4,POS,Success,0,
285,285,7,196633.89,2025-05-02 03:25:00,285,13,9,ATM,Success,1,Night Transaction
75,75,7,86214.91,2025-05-02 03:26:00,75,2,4,NEFT,Success,1,Night Transaction
192,192,9,57261.75,2025-05-02 03:27:00,192,16,10,ATM,Success,0,
994,994,9,197089.52,2025-05-02 03:28:00,994,18,1,IMPS,Success,0,
260,260,9,122503.62,2025-05-02 03:29:00,260,16,8,NEFT,Success,0,
121,121,2,7166.52,2025-05-02 03:30:00,121,8,4,ATM,Failed,0,
934,934,7,54908.29,2025-05-02 03:31:00,934,7,6,POS,Success,0,
78,78,3,118403.88,2025-05-02 03:32:00,78,19,2,NEFT,Success,0,
192,192,6,170306.79,2025-05-02 03:33:00,192,21,10,NETBANKING,Pending,0,
113,113,8,148420.47,2025-05-02 03:34:00,113,5,8,POS,Success,0,
688,688,7,190305.38,2025-05-02 03:35:00,688,2,10,IMPS,Success,0,
25,25,7,7283.55,2025-05-02 03:36:00,25,1,2,IMPS,Success,0,
888,888,9,120751.3,2025-05-02 03:37:00,888,30,4,ATM,Success,0,
386,386,8,11265.08,2025-05-02 03:38:00,386,5,1,NEFT,Success,0,
240,240,5,43604.81,2025-05-02 03:39:00,240,16,7,RTGS,Success,0,
545,545,7,60682.69,2025-05-02 03:40:00,545,22,7,NEFT,Pending,0,
63,63,6,38540.36,2025-05-02 03:41:00,63,2,9,NEFT,Success,0,
434,434,3,176335.45,2025-05-02 03:42:00,434,28,10,POS,Success,0,
825,825,5,160608.37,2025-05-02 03:43:00,825,21,8,NETBANKING,Failed,0,
552,552,1,24963.71,2025-05-02 03:44:00,552,30,7,UPI,Success,0,
269,269,3,37276.28,2025-05-02 03:45:00,269,4,5,UPI,Success,0,
57,57,3,127702.87,2025-05-02 03:46:00,57,6,1,UPI,Success,0,
527,527,4,19119.73,2025-05-02 03:47:00,527,16,6,UPI,Success,0,
592,592,2,126231.15,2025-05-02 03:48:00,592,30,7,NEFT,Success,0,
696,696,10,103228.22,2025-05-02 03:49:00,696,26,2,NEFT,Success,0,
793,793,6,78787.23,2025-05-02 03:50:00,793,23,7,POS,Success,0,
674,674,9,172292.28,2025-05-02 03:51:00,674,27,8,NETBANKING,Success,0,
205,205,5,155477.69,2025-05-02 03:52:00,205,6,8,POS,Success,0,
25,25,2,64640.06,2025-05-02 03:53:00,25,12,8,ATM,Success,0,
84,84,1,131567.19,2025-05-02 03:54:00,84,17,1,UPI,Success,0,
3,3,4,97314.56,2025-05-02 03:55:00,3,3,1,IMPS,Success,0,
879,879,2,14706.6,2025-05-02 03:56:00,879,27,3,RTGS,Success,0,
509,509,3,139103.57,2025-05-02 03:57:00,509,21,2,RTGS,Success,0,
429,429,2,129474.97,2025-05-02 03:58:00,429,4,4,RTGS,Success,0,
740,740,7,92834.63,2025-05-02 03:59:00,740,28,10,UPI,Success,0,
900,900,1,84973.4,2025-05-02 04:00:00,900,19,8,UPI,Success,0,
812,812,3,49329.87,2025-05-02 04:01:00,812,19,2,UPI,Success,0,
163,163,1,43711.07,2025-05-02 04:02:00,163,4,1,RTGS,Success,0,
729,729,4,197021.85,2025-05-02 04:03:00,729,27,2,NETBANKING,Success,0,
723,723,4,178440.68,2025-05-02 04:04:00,723,25,9,RTGS,Success,0,
101,101,3,129799.77,2025-05-02 04:05:00,101,10,9,POS,Success,0,
477,477,10,171694.46,2025-05-02 04:06:00,477,7,7,RTGS,Success,0,
587,587,7,167748.83,2025-05-02 04:07:00,587,1,5,NEFT,Success,0,
831,831,4,87457.71,2025-05-02 04:08:00,831,14,4,UPI,Success,0,
417,417,10,196259.78,2025-05-02 04:09:00,417,18,2,POS,Success,1,New Device Transaction
383,383,2,173537.46,2025-05-02 04:10:00,383,29,10,NETBANKING,Success,0,
388,388,8,87230.33,2025-05-02 04:11:00,388,16,10,RTGS,Success,0,
821,821,2,195822.62,2025-05-02 04:12:00,821,6,5,IMPS,Success,0,
651,651,1,192372.54,2025-05-02 04:13:00,651,7,7,IMPS,Success,0,
659,659,6,19622.12,2025-05-02 04:14:00,659,24,7,RTGS,Success,0,
256,256,2,61641.78,2025-05-02 04:15:00,256,19,10,NETBANKING,Success,0,
626,626,3,27661.52,2025-05-02 04:16:00,626,5,7,RTGS,Success,1,New Device Transaction
922,922,2,198576.18,2025-05-02 04:17:00,922,21,6,IMPS,Success,0,
987,987,1,131296.74,2025-05-02 04:18:00,987,4,3,NETBANKING,Success,0,
875,875,7,31929.51,2025-05-02 04:19:00,875,21,10,NEFT,Success,0,
745,745,1,99943.36,2025-05-02 04:20:00,745,22,8,ATM,Success,0,
22,22,2,66577.73,2025-05-02 04:21:00,22,2,7,IMPS,Failed,0,
37,37,6,5504.99,2025-05-02 04:22:00,37,10,7,ATM,Success,0,
871,871,5,177664.04,2025-05-02 04:23:00,871,24,8,NEFT,Success,0,
3,3,2,68169.24,2025-05-02 04:24:00,3,11,1,IMPS,Success,0,
711,711,7,183463.89,2025-05-02 04:25:00,711,27,8,ATM,Success,0,
17,17,5,45701.64,2025-05-02 04:26:00,17,28,7,NEFT,Failed,0,
744,744,2,182106.68,2025-05-02 04:27:00,744,3,6,NETBANKING,Success,0,
510,510,7,121872.36,2025-05-02 04:28:00,510,26,4,NEFT,Failed,0,
818,818,9,5107.63,2025-05-02 04:29:00,818,14,8,UPI,Success,0,
762,762,9,164710.61,2025-05-02 04:30:00,762,1,10,ATM,Success,0,
128,128,6,119377.1,2025-05-02 04:31:00,128,24,1,NEFT,Success,0,
548,548,10,196093.63,2025-05-02 04:32:00,548,11,2,NETBANKING,Success,0,
608,608,7,78467.17,2025-05-02 04:33:00,608,16,4,IMPS,Success,0,
411,411,10,184978.69,2025-05-02 04:34:00,411,17,9,POS,Success,0,
168,168,2,155702.75,2025-05-02 04:35:00,168,18,3,POS,Success,0,
380,380,9,138150.36,2025-05-02 04:36:00,380,12,4,RTGS,Success,0,
87,87,10,174915.57,2025-05-02 04:37:00,87,20,3,NEFT,Success,0,
837,837,9,166843.55,2025-05-02 04:38:00,837,30,2,NEFT,Success,0,
286,286,10,87712.68,2025-05-02 04:39:00,286,13,7,NEFT,Success,0,
793,793,2,115172.27,2025-05-02 04:40:00,793,19,5,ATM,Success,0,
624,624,5,184829.28,2025-05-02 04:41:00,624,9,6,UPI,Success,0,
164,164,8,124757.26,2025-05-02 04:42:00,164,8,4,IMPS,Success,0,
458,458,3,150826.44,2025-05-02 04:43:00,458,1,6,NEFT,Success,0,
921,921,9,63559.65,2025-05-02 04:44:00,921,8,5,UPI,Success,1,Foreign Location
224,224,1,142165.23,2025-05-02 04:45:00,224,6,8,RTGS,Success,0,
88,88,10,97280.14,2025-05-02 04:46:00,88,26,8,POS,Pending,0,
741,741,8,179184.82,2025-05-02 04:47:00,741,7,8,POS,Success,0,
214,214,7,70109.66,2025-05-02 04:48:00,214,5,2,NEFT,Success,0,
479,479,7,121038.74,2025-05-02 04:49:00,479,8,9,IMPS,Success,0,
181,181,8,84487.24,2025-05-02 04:50:00,181,26,5,NEFT,Success,0,
328,328,5,16251.07,2025-05-02 04:51:00,328,12,8,NETBANKING,Success,1,Night Transaction
867,867,4,18796.6,2025-05-02 04:52:00,867,1,4,NEFT,Success,0,
33,33,9,165751.14,2025-05-02 04:53:00,33,22,7,IMPS,Success,0,
404,404,7,6090.72,2025-05-02 04:54:00,404,30,5,RTGS,Success,0,
542,542,7,5044.43,2025-05-02 04:55:00,542,11,7,NEFT,Success,0,
986,986,2,141749.96,2025-05-02 04:56:00,986,15,4,IMPS,Success,0,
403,403,9,117580.12,2025-05-02 04:57:00,403,10,7,NETBANKING,Success,0,
698,698,3,7190.08,2025-05-02 04:58:00,698,25,8,NETBANKING,Success,0,
579,579,7,110179.25,2025-05-02 04:59:00,579,26,1,IMPS,Failed,0,
779,779,8,192373.04,2025-05-02 05:00:00,779,12,9,ATM,Success,0,
991,991,1,140622.35,2025-05-02 05:01:00,991,20,10,POS,Success,0,
264,264,7,154312.63,2025-05-02 05:02:00,264,24,4,NEFT,Success,0,
759,759,4,73170.32,2025-05-02 05:03:00,759,29,3,NETBANKING,Success,0,
21,21,6,137412.89,2025-05-02 05:04:00,21,9,2,NETBANKING,Success,0,
53,53,4,122338.42,2025-05-02 05:05:00,53,23,3,ATM,Success,0,
259,259,9,83963.42,2025-05-02 05:06:00,259,21,2,POS,Success,0,
421,421,5,192991.49,2025-05-02 05:07:00,421,12,3,POS,Failed,0,
30,30,2,76473.67,2025-05-02 05:08:00,30,13,3,ATM,Success,0,
941,941,7,186859.44,2025-05-02 05:09:00,941,13,3,NETBANKING,Success,1,High Amount Transaction
263,263,2,122268.86,2025-05-02 05:10:00,263,9,9,NEFT,Success,0,
720,720,1,52913.24,2025-05-02 05:11:00,720,11,10,IMPS,Success,0,
953,953,1,173113.77,2025-05-02 05:12:00,953,6,2,UPI,Success,0,
838,838,4,172795.65,2025-05-02 05:13:00,838,12,7,NETBANKING,Success,0,
553,553,2,80239.47,2025-05-02 05:14:00,553,9,5,RTGS,Success,0,
981,981,9,150350.47,2025-05-02 05:15:00,981,22,7,NEFT,Success,0,
622,622,7,143985.64,2025-05-02 05:16:00,622,11,2,IMPS,Success,0,
790,790,8,146406.5,2025-05-02 05:17:00,790,20,9,ATM,Success,0,
521,521,5,139241.84,2025-05-02 05:18:00,521,15,9,ATM,Success,0,
520,520,4,197124.56,2025-05-02 05:19:00,520,7,1,NEFT,Success,0,
167,167,10,71632.61,2025-05-02 05:20:00,167,3,3,IMPS,Success,0,
618,618,2,16079.66,2025-05-02 05:21:00,618,9,4,ATM,Success,0,
883,883,8,177433.59,2025-05-02 05:22:00,883,21,8,UPI,Success,0,
857,857,10,70374.81,2025-05-02 05:23:00,857,22,8,UPI,Success,0,
196,196,6,93634.22,2025-05-02 05:24:00,196,30,10,NETBANKING,Success,0,
66,66,1,197522.2,2025-05-02 05:25:00,66,7,2,ATM,Success,0,
666,666,2,158540.68,2025-05-02 05:26:00,666,16,9,ATM,Pending,0,
835,835,2,31262.6,2025-05-02 05:27:00,835,6,5,UPI,Success,0,
660,660,10,137063.69,2025-05-02 05:28:00,660,18,4,RTGS,Pending,0,
73,73,9,136978.82,2025-05-02 05:29:00,73,27,9,IMPS,Failed,0,
343,343,3,176162.77,2025-05-02 05:30:00,343,19,1,ATM,Success,0,
529,529,5,56205.96,2025-05-02 05:31:00,529,21,1,UPI,Failed,0,
697,697,7,148549.0,2025-05-02 05:32:00,697,30,2,ATM,Success,0,
44,44,8,74268.51,2025-05-02 05:33:00,44,1,9,ATM,Success,0,
349,349,5,47472.78,2025-05-02 05:34:00,349,7,6,NETBANKING,Success,0,
603,603,6,36464.79,2025-05-02 05:35:00,603,11,3,IMPS,Success,0,
398,398,1,195992.97,2025-05-02 05:36:00,398,19,2,RTGS,Success,0,
477,477,7,186669.61,2025-05-02 05:37:00,477,5,9,POS,Success,0,
785,785,9,190071.1,2025-05-02 05:38:00,785,28,3,NETBANKING,Success,0,
718,718,3,106840.8,2025-05-02 05:39:00,718,4,9,UPI,Success,0,
563,563,6,48406.16,2025-05-02 05:40:00,563,8,6,NEFT,Success,0,
105,105,9,148831.15,2025-05-02 05:41:00,105,15,1,NETBANKING,Success,0,
888,888,7,71388.43,2025-05-02 05:42:00,888,8,5,UPI,Success,0,
196,196,5,131604.3,2025-05-02 05:43:00,196,9,6,NEFT,Success,0,
980,980,10,168984.26,2025-05-02 05:44:00,980,12,7,RTGS,Success,0,
854,854,7,131954.76,2025-05-02 05:45:00,854,28,10,RTGS,Success,0,
165,165,10,158520.03,2025-05-02 05:46:00,165,20,3,POS,Success,0,
522,522,3,193260.0,2025-05-02 05:47:00,522,7,6,NETBANKING,Success,0,
653,653,1,114994.75,2025-05-02 05:48:00,653,29,10,NETBANKING,Success,1,New Device Transaction
256,256,6,99478.21,2025-05-02 05:49:00,256,18,1,RTGS,Success,0,
942,942,8,101151.89,2025-05-02 05:50:00,942,1,3,IMPS,Success,0,
989,989,1,111485.95,2025-05-02 05:51:00,989,16,6,UPI,Success,0,
784,784,1,54515.99,2025-05-02 05:52:00,784,9,8,ATM,Success,0,
840,840,8,195003.51,2025-05-02 05:53:00,840,12,2,NETBANKING,Success,0,
863,863,4,36622.93,2025-05-02 05:54:00,863,23,6,IMPS,Success,0,
324,324,10,189051.47,2025-05-02 05:55:00,324,17,3,NEFT,Success,1,Multiple Transactions
258,258,10,130091.98,2025-05-02 05:56:00,258,1,10,RTGS,Success,0,
66,66,3,84051.12,2025-05-02 05:57:00,66,3,9,POS,Pending,1,Foreign Location
61,61,3,89504.74,2025-05-02 05:58:00,61,9,1,NETBANKING,Success,0,
638,638,3,104243.32,2025-05-02 05:59:00,638,26,7,RTGS,Success,0,
856,856,5,69914.46,2025-05-02 06:00:00,856,12,6,IMPS,Success,0,
338,338,7,155310.89,2025-05-02 06:01:00,338,20,8,RTGS,Pending,0,
460,460,1,1558.71,2025-05-02 06:02:00,460,18,2,POS,Success,0,
164,164,8,176870.85,2025-05-02 06:03:00,164,20,9,ATM,Success,0,
311,311,5,164718.62,2025-05-02 06:04:00,311,12,4,NEFT,Success,0,
333,333,8,70313.51,2025-05-02 06:05:00,333,23,9,RTGS,Success,0,
233,233,4,179201.07,2025-05-02 06:06:00,233,7,8,ATM,Failed,0,
65,65,1,29450.11,2025-05-02 06:07:00,65,15,10,RTGS,Success,0,
236,236,4,115596.83,2025-05-02 06:08:00,236,24,1,POS,Success,0,
374,374,6,128774.62,2025-05-02 06:09:00,374,21,1,UPI,Success,0,
776,776,10,41799.72,2025-05-02 06:10:00,776,4,10,NEFT,Failed,0,
976,976,5,10472.82,2025-05-02 06:11:00,976,29,6,NETBANKING,Success,0,
36,36,8,59129.21,2025-05-02 06:12:00,36,14,6,NEFT,Success,0,
91,91,2,32725.21,2025-05-02 06:13:00,91,28,6,NETBANKING,Success,0,
776,776,4,78632.66,2025-05-02 06:14:00,776,20,1,IMPS,Failed,0,
614,614,9,35964.0,2025-05-02 06:15:00,614,23,6,NETBANKING,Success,0,
548,548,8,36799.67,2025-05-02 06:16:00,548,16,9,RTGS,Success,0,
437,437,1,159579.71,2025-05-02 06:17:00,437,10,9,ATM,Success,0,
99,99,6,27937.9,2025-05-02 06:18:00,99,17,4,NEFT,Success,0,
840,840,8,6579.9,2025-05-02 06:19:00,840,10,7,UPI,Success,0,
803,803,4,133923.42,2025-05-02 06:20:00,803,19,8,NEFT,Success,0,
714,714,7,81210.26,2025-05-02 06:21:00,714,3,9,ATM,Success,0,
747,747,9,82948.15,2025-05-02 06:22:00,747,24,3,IMPS,Success,0,
849,849,1,110044.29,2025-05-02 06:23:00,849,27,4,UPI,Success,0,
530,530,4,150301.78,2025-05-02 06:24:00,530,29,5,IMPS,Success,0,
509,509,3,184689.51,2025-05-02 06:25:00,509,10,2,RTGS,Success,0,
754,754,6,159342.31,2025-05-02 06:26:00,754,19,2,IMPS,Pending,0,
503,503,2,103111.61,2025-05-02 06:27:00,503,1,5,ATM,Success,0,
857,857,10,34291.83,2025-05-02 06:28:00,857,10,9,UPI,Success,0,
442,442,6,155703.39,2025-05-02 06:29:00,442,28,8,ATM,Success,0,
661,661,7,35816.87,2025-05-02 06:30:00,661,9,1,UPI,Failed,0,
699,699,3,141264.51,2025-05-02 06:31:00,699,20,8,NEFT,Success,0,
536,536,4,182759.57,2025-05-02 06:32:00,536,27,9,UPI,Success,1,Night Transaction
788,788,10,107231.56,2025-05-02 06:33:00,788,16,10,RTGS,Success,0,
366,366,7,181360.84,2025-05-02 06:34:00,366,29,9,ATM,Success,0,
546,546,8,77897.4,2025-05-02 06:35:00,546,21,3,POS,Success,0,
643,643,10,105592.95,2025-05-02 06:36:00,643,16,8,RTGS,Success,0,
833,833,5,160806.53,2025-05-02 06:37:00,833,22,2,UPI,Success,0,
233,233,10,50984.28,2025-05-02 06:38:00,233,6,2,NEFT,Success,0,
591,591,2,170215.27,2025-05-02 06:39:00,591,23,7,NEFT,Success,0,
261,261,10,97348.37,2025-05-02 06:40:00,261,1,10,UPI,Success,0,
52,52,4,146901.76,2025-05-02 06:41:00,52,27,4,RTGS,Success,0,
799,799,3,174209.98,2025-05-02 06:42:00,799,1,1,NETBANKING,Success,0,
564,564,7,165874.18,2025-05-02 06:43:00,564,21,6,ATM,Success,0,
134,134,1,41724.1,2025-05-02 06:44:00,134,22,5,ATM,Success,0,
640,640,2,136842.09,2025-05-02 06:45:00,640,9,2,IMPS,Success,1,High Amount Transaction
606,606,9,114390.26,2025-05-02 06:46:00,606,29,1,NETBANKING,Success,0,
831,831,6,99558.51,2025-05-02 06:47:00,831,15,8,UPI,Success,0,
478,478,4,89437.38,2025-05-02 06:48:00,478,6,6,UPI,Success,1,New Device Transaction
475,475,10,20012.72,2025-05-02 06:49:00,475,15,10,POS,Success,0,
983,983,7,30070.67,2025-05-02 06:50:00,983,13,7,NEFT,Success,0,
614,614,5,72891.87,2025-05-02 06:51:00,614,26,1,RTGS,Success,0,
270,270,8,160496.44,2025-05-02 06:52:00,270,30,4,RTGS,Success,0,
65,65,5,77541.93,2025-05-02 06:53:00,65,27,6,POS,Success,0,
935,935,6,21598.57,2025-05-02 06:54:00,935,19,9,RTGS,Failed,0,
924,924,9,72347.34,2025-05-02 06:55:00,924,28,9,IMPS,Success,0,
423,423,8,77654.65,2025-05-02 06:56:00,423,18,4,NETBANKING,Success,0,
515,515,6,188168.72,2025-05-02 06:57:00,515,27,6,NEFT,Success,0,
591,591,10,116161.02,2025-05-02 06:58:00,591,19,8,UPI,Success,0,
558,558,10,53673.01,2025-05-02 06:59:00,558,19,6,IMPS,Failed,0,
16,16,3,112027.79,2025-05-02 07:00:00,16,29,10,IMPS,Success,0,
424,424,8,177946.56,2025-05-02 07:01:00,424,28,8,IMPS,Success,0,
361,361,6,56423.83,2025-05-02 07:02:00,361,1,4,ATM,Success,0,
9,9,3,142925.65,2025-05-02 07:03:00,9,4,8,POS,Success,0,
362,362,7,31421.02,2025-05-02 07:04:00,362,5,10,RTGS,Success,0,
670,670,3,17594.42,2025-05-02 07:05:00,670,18,3,POS,Success,0,
110,110,5,126273.99,2025-05-02 07:06:00,110,24,4,IMPS,Success,0,
633,633,5,197995.78,2025-05-02 07:07:00,633,13,9,POS,Success,0,
595,595,3,151280.91,2025-05-02 07:08:00,595,13,7,RTGS,Success,0,
474,474,7,82893.14,2025-05-02 07:09:00,474,20,7,UPI,Success,0,
759,759,8,12850.93,2025-05-02 07:10:00,759,17,1,RTGS,Success,0,
675,675,2,7121.73,2025-05-02 07:11:00,675,14,3,RTGS,Success,1,Multiple Transactions
933,933,5,144697.33,2025-05-02 07:12:00,933,15,7,NETBANKING,Success,0,
956,956,2,66362.43,2025-05-02 07:13:00,956,21,4,NETBANKING,Success,1,Multiple Transactions
786,786,6,102900.03,2025-05-02 07:14:00,786,3,5,NEFT,Success,0,
949,949,4,56611.67,2025-05-02 07:15:00,949,12,8,IMPS,Success,0,
769,769,10,103867.09,2025-05-02 07:16:00,769,20,8,NEFT,Success,0,
930,930,6,182221.61,2025-05-02 07:17:00,930,23,9,NETBANKING,Success,0,
836,836,3,133571.34,2025-05-02 07:18:00,836,17,3,RTGS,Success,0,
753,753,3,143853.37,2025-05-02 07:19:00,753,30,4,ATM,Success,0,
13,13,6,18165.12,2025-05-02 07:20:00,13,5,2,POS,Success,1,New Device Transaction
715,715,4,83001.24,2025-05-02 07:21:00,715,28,8,NETBANKING,Pending,0,
249,249,5,22139.38,2025-05-02 07:22:00,249,24,6,NETBANKING,Success,0,
114,114,3,51896.64,2025-05-02 07:23:00,114,10,6,NEFT,Success,0,
323,323,1,137960.72,2025-05-02 07:24:00,323,16,10,IMPS,Pending,0,
49,49,4,174843.01,2025-05-02 07:25:00,49,14,3,NEFT,Success,0,
400,400,9,50819.94,2025-05-02 07:26:00,400,16,1,IMPS,Success,0,
261,261,6,38297.68,2025-05-02 07:27:00,261,8,5,RTGS,Success,0,
217,217,2,114557.27,2025-05-02 07:28:00,217,10,10,NEFT,Success,0,
477,477,8,193327.3,2025-05-02 07:29:00,477,9,10,POS,Success,0,
727,727,9,20575.74,2025-05-02 07:30:00,727,24,5,UPI,Success,0,
486,486,9,173343.32,2025-05-02 07:31:00,486,25,2,ATM,Success,0,
793,793,7,142915.59,2025-05-02 07:32:00,793,17,10,NEFT,Success,0,
929,929,3,27810.41,2025-05-02 07:33:00,929,22,4,RTGS,Success,0,
111,111,5,76121.08,2025-05-02 07:34:00,111,11,4,POS,Success,0,
430,430,7,109345.79,2025-05-02 07:35:00,430,6,2,ATM,Success,0,
493,493,10,141696.22,2025-05-02 07:36:00,493,6,7,UPI,Success,0,
877,877,2,169260.13,2025-05-02 07:37:00,877,28,7,ATM,Success,0,
184,184,6,40619.05,2025-05-02 07:38:00,184,5,9,NETBANKING,Success,0,
628,628,10,4722.05,2025-05-02 07:39:00,628,6,10,UPI,Success,0,
78,78,4,133914.7,2025-05-02 07:40:00,78,27,4,NETBANKING,Success,0,
838,838,10,106278.11,2025-05-02 07:41:00,838,22,9,NEFT,Pending,0,
376,376,6,118229.48,2025-05-02 07:42:00,376,6,9,ATM,Success,0,
314,314,9,26355.98,2025-05-02 07:43:00,314,15,8,POS,Success,0,
674,674,5,172784.05,2025-05-02 07:44:00,674,9,3,ATM,Success,0,
21,21,1,164318.08,2025-05-02 07:45:00,21,11,10,NEFT,Success,0,
309,309,8,150885.36,2025-05-02 07:46:00,309,1,7,IMPS,Success,0,
6,6,7,121703.05,2025-05-02 07:47:00,6,1,8,ATM,Success,0,
279,279,6,161576.55,2025-05-02 07:48:00,279,4,4,IMPS,Success,0,
248,248,10,156891.9,2025-05-02 07:49:00,248,30,7,IMPS,Success,0,
780,780,1,141006.33,2025-05-02 07:50:00,780,14,1,RTGS,Success,0,
400,400,2,179199.58,2025-05-02 07:51:00,400,15,10,RTGS,Success,0,
595,595,1,66756.23,2025-05-02 07:52:00,595,16,10,ATM,Success,0,
384,384,4,156983.78,2025-05-02 07:53:00,384,13,10,NEFT,Success,0,
206,206,1,173774.36,2025-05-02 07:54:00,206,25,6,IMPS,Success,0,
289,289,5,38651.08,2025-05-02 07:55:00,289,8,10,NETBANKING,Success,0,
795,795,5,190235.95,2025-05-02 07:56:00,795,28,6,POS,Success,0,
40,40,8,158800.95,2025-05-02 07:57:00,40,27,6,IMPS,Success,0,
764,764,8,45166.0,2025-05-02 07:58:00,764,26,5,RTGS,Success,0,
900,900,7,168242.86,2025-05-02 07:59:00,900,2,10,POS,Success,0,
967,967,9,101848.17,2025-05-02 08:00:00,967,14,10,IMPS,Success,0,
436,436,3,145130.98,2025-05-02 08:01:00,436,4,1,ATM,Success,0,
149,149,2,41509.87,2025-05-02 08:02:00,149,19,4,NETBANKING,Success,0,
295,295,8,173520.65,2025-05-02 08:03:00,295,8,3,POS,Success,0,
25,25,9,113047.63,2025-05-02 08:04:00,25,22,8,RTGS,Success,0,
325,325,4,107819.12,2025-05-02 08:05:00,325,10,1,ATM,Success,0,
993,993,8,113668.53,2025-05-02 08:06:00,993,8,1,NETBANKING,Pending,0,
740,740,6,119164.08,2025-05-02 08:07:00,740,16,8,NEFT,Success,0,
898,898,9,45005.17,2025-05-02 08:08:00,898,25,6,NEFT,Success,0,
982,982,6,39789.07,2025-05-02 08:09:00,982,1,6,ATM,Success,0,
385,385,7,9516.24,2025-05-02 08:10:00,385,13,4,ATM,Success,1,Night Transaction
806,806,2,153661.27,2025-05-02 08:11:00,806,20,9,ATM,Success,0,
5,5,4,29992.1,2025-05-02 08:12:00,5,10,8,NETBANKING,Success,0,
801,801,8,147590.34,2025-05-02 08:13:00,801,24,8,UPI,Success,0,
200,200,9,134977.86,2025-05-02 08:14:00,200,15,10,NETBANKING,Success,0,
623,623,3,100044.75,2025-05-02 08:15:00,623,23,6,RTGS,Failed,0,
237,237,9,65387.78,2025-05-02 08:16:00,237,30,8,UPI,Success,0,
451,451,6,126008.09,2025-05-02 08:17:00,451,11,1,NETBANKING,Success,0,
423,423,4,107143.76,2025-05-02 08:18:00,423,27,1,IMPS,Success,0,
928,928,4,6033.53,2025-05-02 08:19:00,928,29,9,NEFT,Success,0,
370,370,2,132215.07,2025-05-02 08:20:00,370,26,8,RTGS,Failed,0,
442,442,5,137955.9,2025-05-02 08:21:00,442,1,8,IMPS,Pending,0,
147,147,4,16597.17,2025-05-02 08:22:00,147,28,5,IMPS,Failed,0,
900,900,6,101390.15,2025-05-02 08:23:00,900,11,5,UPI,Pending,0,
576,576,10,8695.46,2025-05-02 08:24:00,576,23,10,POS,Success,0,
144,144,1,90826.71,2025-05-02 08:25:00,144,18,6,IMPS,Success,0,
620,620,6,47354.69,2025-05-02 08:26:00,620,28,1,NETBANKING,Success,0,
203,203,9,51480.66,2025-05-02 08:27:00,203,28,2,NETBANKING,Success,0,
363,363,8,153367.45,2025-05-02 08:28:00,363,11,8,NETBANKING,Success,0,
295,295,6,129971.12,2025-05-02 08:29:00,295,12,3,RTGS,Success,0,
973,973,4,69735.81,2025-05-02 08:30:00,973,26,3,NETBANKING,Success,0,
348,348,8,131063.11,2025-05-02 08:31:00,348,27,4,RTGS,Success,0,
656,656,4,83813.88,2025-05-02 08:32:00,656,9,10,NEFT,Success,0,
403,403,5,23477.85,2025-05-02 08:33:00,403,18,1,NEFT,Success,0,
740,740,3,153357.14,2025-05-02 08:34:00,740,20,5,UPI,Success,0,
984,984,10,115898.83,2025-05-02 08:35:00,984,2,10,IMPS,Success,0,
186,186,1,37796.45,2025-05-02 08:36:00,186,10,4,IMPS,Success,0,
857,857,10,169639.89,2025-05-02 08:37:00,857,17,9,ATM,Success,0,
344,344,10,5822.58,2025-05-02 08:38:00,344,2,9,NEFT,Success,0,
358,358,9,163252.12,2025-05-02 08:39:00,358,25,1,ATM,Success,0,
4,4,3,58849.94,2025-05-02 08:40:00,4,30,2,POS,Success,1,Foreign Location
818,818,3,15623.27,2025-05-02 08:41:00,818,15,8,RTGS,Success,0,
474,474,2,169240.26,2025-05-02 08:42:00,474,9,2,RTGS,Success,0,
406,406,10,130730.54,2025-05-02 08:43:00,406,20,1,RTGS,Success,0,
862,862,4,146975.68,2025-05-02 08:44:00,862,25,9,POS,Success,0,
251,251,3,151600.13,2025-05-02 08:45:00,251,2,6,ATM,Success,0,
593,593,4,179897.99,2025-05-02 08:46:00,593,20,9,NEFT,Success,0,
272,272,8,173275.06,2025-05-02 08:47:00,272,27,3,NEFT,Pending,0,
567,567,9,192313.87,2025-05-02 08:48:00,567,16,3,POS,Success,0,
541,541,9,125561.71,2025-05-02 08:49:00,541,25,8,IMPS,Success,0,
600,600,2,175007.52,2025-05-02 08:50:00,600,2,6,IMPS,Success,1,Foreign Location
809,809,6,169205.53,2025-05-02 08:51:00,809,30,1,NETBANKING,Success,0,
722,722,2,47437.12,2025-05-02 08:52:00,722,21,3,NEFT,Failed,1,Foreign Location
651,651,5,106042.4,2025-05-02 08:53:00,651,26,5,NEFT,Failed,0,
108,108,4,115870.33,2025-05-02 08:54:00,108,21,9,ATM,Success,0,
751,751,9,27647.22,2025-05-02 08:55:00,751,12,10,POS,Success,1,New Device Transaction
288,288,5,73944.26,2025-05-02 08:56:00,288,18,1,ATM,Success,0,
340,340,1,124596.27,2025-05-02 08:57:00,340,22,6,ATM,Success,0,
508,508,5,133369.79,2025-05-02 08:58:00,508,22,6,ATM,Failed,0,
895,895,7,163409.21,2025-05-02 08:59:00,895,18,4,IMPS,Success,0,
346,346,3,91891.76,2025-05-02 09:00:00,346,10,5,NEFT,Success,0,
253,253,2,27780.72,2025-05-02 09:01:00,253,1,1,IMPS,Success,0,
753,753,4,76080.29,2025-05-02 09:02:00,753,19,6,ATM,Success,0,
741,741,10,9365.66,2025-05-02 09:03:00,741,26,2,RTGS,Success,0,
451,451,1,136193.07,2025-05-02 09:04:00,451,22,6,POS,Success,0,
319,319,8,162446.71,2025-05-02 09:05:00,319,10,5,ATM,Success,1,New Device Transaction
565,565,8,158467.56,2025-05-02 09:06:00,565,4,7,IMPS,Success,0,
93,93,1,157423.38,2025-05-02 09:07:00,93,17,2,UPI,Success,0,
137,137,7,192043.8,2025-05-02 09:08:00,137,13,1,UPI,Success,0,
210,210,6,141017.25,2025-05-02 09:09:00,210,27,10,POS,Success,0,
184,184,10,66872.0,2025-05-02 09:10:00,184,9,1,POS,Pending,0,
90,90,9,53021.76,2025-05-02 09:11:00,90,6,1,NETBANKING,Success,0,
669,669,6,40433.02,2025-05-02 09:12:00,669,28,9,UPI,Success,0,
766,766,5,140105.67,2025-05-02 09:13:00,766,10,4,IMPS,Success,0,
151,151,8,65060.58,2025-05-02 09:14:00,151,21,3,ATM,Success,0,
971,971,3,199095.79,2025-05-02 09:15:00,971,17,7,IMPS,Success,0,
276,276,8,22705.99,2025-05-02 09:16:00,276,14,5,ATM,Success,0,
607,607,3,83429.31,2025-05-02 09:17:00,607,10,2,POS,Success,0,
265,265,6,35920.02,2025-05-02 09:18:00,265,22,9,NEFT,Success,0,
260,260,6,150212.16,2025-05-02 09:19:00,260,29,1,RTGS,Failed,0,
494,494,10,6296.53,2025-05-02 09:20:00,494,5,7,NEFT,Failed,0,
879,879,7,12110.03,2025-05-02 09:21:00,879,4,6,IMPS,Success,0,
600,600,4,198810.42,2025-05-02 09:22:00,600,3,4,RTGS,Success,0,
765,765,9,156882.69,2025-05-02 09:23:00,765,19,7,NETBANKING,Success,0,
950,950,5,117097.03,2025-05-02 09:24:00,950,12,2,NETBANKING,Success,0,
239,239,3,186107.87,2025-05-02 09:25:00,239,3,5,NETBANKING,Success,0,
958,958,3,105289.58,2025-05-02 09:26:00,958,11,7,NEFT,Success,0,
64,64,7,72197.55,2025-05-02 09:27:00,64,29,10,POS,Success,0,
131,131,4,57053.23,2025-05-02 09:28:00,131,11,8,POS,Success,0,
574,574,2,182206.52,2025-05-02 09:29:00,574,7,7,ATM,Success,0,
687,687,2,189066.73,2025-05-02 09:30:00,687,3,10,RTGS,Pending,0,
611,611,6,178886.01,2025-05-02 09:31:00,611,15,8,ATM,Success,0,
296,296,2,194360.06,2025-05-02 09:32:00,296,25,8,NETBANKING,Success,0,
485,485,7,53601.69,2025-05-02 09:33:00,485,6,1,IMPS,Success,0,
589,589,10,117385.18,2025-05-02 09:34:00,589,12,8,NETBANKING,Success,0,
614,614,10,40278.91,2025-05-02 09:35:00,614,2,3,IMPS,Success,0,
400,400,2,185902.56,2025-05-02 09:36:00,400,17,5,NETBANKING,Success,1,New Device Transaction
957,957,9,121222.89,2025-05-02 09:37:00,957,11,2,IMPS,Success,0,
938,938,9,177527.03,2025-05-02 09:38:00,938,21,9,RTGS,Success,0,
434,434,9,99016.08,2025-05-02 09:39:00,434,25,2,RTGS,Success,0,
330,330,5,54222.25,2025-05-02 09:40:00,330,14,3,RTGS,Success,1,New Device Transaction
467,467,6,159284.35,2025-05-02 09:41:00,467,14,5,POS,Success,1,High Amount Transaction
296,296,9,30409.45,2025-05-02 09:42:00,296,18,1,NETBANKING,Success,0,
514,514,6,118202.61,2025-05-02 09:43:00,514,7,2,NETBANKING,Success,0,
749,749,4,196196.41,2025-05-02 09:44:00,749,11,8,UPI,Success,0,
854,854,7,116932.62,2025-05-02 09:45:00,854,10,8,NEFT,Success,0,
640,640,10,188164.54,2025-05-02 09:46:00,640,10,7,ATM,Success,0,
934,934,10,58305.57,2025-05-02 09:47:00,934,6,10,IMPS,Success,0,
782,782,4,137320.26,2025-05-02 09:48:00,782,14,3,NEFT,Success,0,
555,555,1,54264.94,2025-05-02 09:49:00,555,18,5,IMPS,Success,0,
965,965,5,135470.98,2025-05-02 09:50:00,965,21,8,POS,Pending,0,
165,165,2,12297.51,2025-05-02 09:51:00,165,16,9,RTGS,Success,0,
731,731,3,19647.01,2025-05-02 09:52:00,731,11,5,UPI,Success,0,
173,173,7,173294.19,2025-05-02 09:53:00,173,15,4,RTGS,Success,0,
986,986,10,151511.45,2025-05-02 09:54:00,986,16,5,ATM,Success,0,
622,622,2,144273.12,2025-05-02 09:55:00,622,19,3,ATM,Success,0,
792,792,9,194712.17,2025-05-02 09:56:00,792,4,2,RTGS,Success,0,
743,743,1,93817.12,2025-05-02 09:57:00,743,25,6,NETBANKING,Success,0,
399,399,2,33015.82,2025-05-02 09:58:00,399,6,7,UPI,Success,0,
753,753,4,30825.19,2025-05-02 09:59:00,753,17,9,RTGS,Success,0,
1,1,4,49718.22,2025-05-02 10:00:00,1,26,9,POS,Success,1,Night Transaction
382,382,5,98172.43,2025-05-02 10:01:00,382,24,2,UPI,Success,0,
680,680,1,197357.34,2025-05-02 10:02:00,680,4,10,ATM,Failed,0,
159,159,3,166745.87,2025-05-02 10:03:00,159,17,4,IMPS,Failed,0,
807,807,10,3866.18,2025-05-02 10:04:00,807,28,1,ATM,Success,0,
682,682,3,181276.69,2025-05-02 10:05:00,682,24,1,RTGS,Success,0,
102,102,10,145418.48,2025-05-02 10:06:00,102,20,2,NETBANKING,Success,0,
534,534,5,126460.93,2025-05-02 10:07:00,534,20,8,ATM,Success,0,
576,576,10,17309.28,2025-05-02 10:08:00,576,18,3,POS,Success,0,
17,17,5,6357.78,2025-05-02 10:09:00,17,20,4,POS,Success,0,
953,953,10,118258.81,2025-05-02 10:10:00,953,11,3,NETBANKING,Success,0,
878,878,8,109930.95,2025-05-02 10:11:00,878,15,1,IMPS,Success,0,
145,145,9,126384.84,2025-05-02 10:12:00,145,6,2,NEFT,Success,0,
719,719,7,4384.14,2025-05-02 10:13:00,719,9,4,NETBANKING,Success,0,
483,483,2,2553.0,2025-05-02 10:14:00,483,9,1,ATM,Failed,0,
61,61,6,130962.67,2025-05-02 10:15:00,61,17,7,NETBANKING,Success,0,
768,768,3,43397.48,2025-05-02 10:16:00,768,3,3,ATM,Success,1,High Amount Transaction
528,528,10,37501.74,2025-05-02 10:17:00,528,6,10,RTGS,Success,0,
520,520,2,114456.52,2025-05-02 10:18:00,520,14,4,IMPS,Success,0,
630,630,6,174580.87,2025-05-02 10:19:00,630,21,7,IMPS,Success,0,
810,810,4,147691.2,2025-05-02 10:20:00,810,18,5,UPI,Failed,0,
28,28,2,59140.14,2025-05-02 10:21:00,28,4,4,ATM,Success,0,
899,899,10,80941.64,2025-05-02 10:22:00,899,22,6,ATM,Success,0,
173,173,1,144468.92,2025-05-02 10:23:00,173,18,7,NETBANKING,Success,0,
783,783,1,115842.87,2025-05-02 10:24:00,783,26,1,RTGS,Success,0,
267,267,7,129614.11,2025-05-02 10:25:00,267,20,1,NETBANKING,Success,0,
661,661,8,160710.81,2025-05-02 10:26:00,661,6,8,IMPS,Failed,0,
171,171,5,93585.23,2025-05-02 10:27:00,171,1,6,NETBANKING,Success,0,
901,901,1,169144.46,2025-05-02 10:28:00,901,30,4,ATM,Success,0,
400,400,10,198387.06,2025-05-02 10:29:00,400,30,7,ATM,Success,0,
657,657,9,80637.48,2025-05-02 10:30:00,657,14,7,NETBANKING,Success,0,
600,600,10,175061.99,2025-05-02 10:31:00,600,27,1,RTGS,Pending,0,
694,694,1,31952.99,2025-05-02 10:32:00,694,19,7,NETBANKING,Success,0,
46,46,2,164696.83,2025-05-02 10:33:00,46,7,7,IMPS,Success,0,
844,844,9,6476.63,2025-05-02 10:34:00,844,14,5,ATM,Success,0,
164,164,2,151704.81,2025-05-02 10:35:00,164,13,4,RTGS,Success,0,
254,254,8,149179.19,2025-05-02 10:36:00,254,15,5,ATM,Success,0,
815,815,10,101324.61,2025-05-02 10:37:00,815,17,10,UPI,Success,0,
789,789,10,176298.24,2025-05-02 10:38:00,789,4,5,NEFT,Failed,0,
46,46,9,177375.86,2025-05-02 10:39:00,46,30,2,UPI,Success,1,Foreign Location
105,105,5,121277.88,2025-05-02 10:40:00,105,26,2,NETBANKING,Failed,0,
442,442,10,122276.17,2025-05-02 10:41:00,442,29,1,NETBANKING,Success,0,
764,764,9,115879.21,2025-05-02 10:42:00,764,10,5,IMPS,Success,0,
395,395,2,169004.55,2025-05-02 10:43:00,395,21,9,IMPS,Success,0,
117,117,4,74276.05,2025-05-02 10:44:00,117,17,3,ATM,Success,0,
691,691,1,185790.77,2025-05-02 10:45:00,691,14,5,IMPS,Success,0,
788,788,1,74611.52,2025-05-02 10:46:00,788,16,7,NETBANKING,Failed,0,
904,904,6,97226.09,2025-05-02 10:47:00,904,21,6,ATM,Success,0,
825,825,5,124946.44,2025-05-02 10:48:00,825,11,2,NEFT,Success,0,
809,809,9,194988.87,2025-05-02 10:49:00,809,13,9,RTGS,Success,0,
527,527,1,43317.49,2025-05-02 10:50:00,527,29,2,ATM,Success,0,
306,306,10,139096.59,2025-05-02 10:51:00,306,15,6,NETBANKING,Success,0,
484,484,4,195874.35,2025-05-02 10:52:00,484,24,10,IMPS,Success,0,
587,587,8,750.3,2025-05-02 10:53:00,587,15,10,IMPS,Success,0,
226,226,5,69492.79,2025-05-02 10:54:00,226,2,10,NETBANKING,Success,0,
9,9,10,42554.1,2025-05-02 10:55:00,9,18,7,IMPS,Success,0,
700,700,5,97730.37,2025-05-02 10:56:00,700,10,1,UPI,Success,0,
934,934,9,172417.19,2025-05-02 10:57:00,934,3,3,RTGS,Success,0,
203,203,3,99402.53,2025-05-02 10:58:00,203,24,7,IMPS,Success,0,
880,880,3,154105.54,2025-05-02 10:59:00,880,26,6,NEFT,Success,0,
59,59,5,35203.85,2025-05-02 11:00:00,59,12,7,ATM,Success,0,
95,95,9,46748.04,2025-05-02 11:01:00,95,9,6,IMPS,Success,0,
486,486,6,127872.66,2025-05-02 11:02:00,486,14,7,RTGS,Success,0,
764,764,2,93970.77,2025-05-02 11:03:00,764,19,7,IMPS,Success,0,
136,136,8,106434.64,2025-05-02 11:04:00,136,6,1,NEFT,Success,0,
887,887,8,12175.0,2025-05-02 11:05:00,887,28,9,POS,Success,0,
91,91,5,56783.4,2025-05-02 11:06:00,91,5,6,IMPS,Success,0,
865,865,4,177586.72,2025-05-02 11:07:00,865,24,10,NETBANKING,Success,0,
625,625,9,143795.49,2025-05-02 11:08:00,625,3,8,POS,Success,0,
33,33,8,172537.88,2025-05-02 11:09:00,33,25,8,POS,Success,0,
398,398,1,79577.78,2025-05-02 11:10:00,398,10,5,ATM,Success,0,
19,19,6,178687.35,2025-05-02 11:11:00,19,18,8,RTGS,Success,0,
481,481,4,35085.43,2025-05-02 11:12:00,481,7,8,UPI,Success,0,
956,956,8,186933.86,2025-05-02 11:13:00,956,26,7,IMPS,Success,0,
159,159,5,68803.7,2025-05-02 11:14:00,159,27,9,UPI,Success,0,
690,690,5,186276.69,2025-05-02 11:15:00,690,25,5,ATM,Pending,0,
616,616,3,164113.21,2025-05-02 11:16:00,616,17,1,RTGS,Success,0,
680,680,5,33864.83,2025-05-02 11:17:00,680,27,3,UPI,Success,0,
119,119,10,177504.56,2025-05-02 11:18:00,119,19,9,ATM,Success,0,
62,62,3,77258.38,2025-05-02 11:19:00,62,23,2,POS,Success,0,
746,746,4,76148.81,2025-05-02 11:20:00,746,9,10,NETBANKING,Success,0,
310,310,1,182248.52,2025-05-02 11:21:00,310,21,7,RTGS,Success,0,
987,987,10,147703.59,2025-05-02 11:22:00,987,30,10,NEFT,Success,0,
991,991,1,61832.84,2025-05-02 11:23:00,991,23,4,POS,Success,0,
749,749,9,66339.7,2025-05-02 11:24:00,749,15,6,ATM,Success,0,
352,352,5,55705.74,2025-05-02 11:25:00,352,6,5,ATM,Success,0,
249,249,1,160296.45,2025-05-02 11:26:00,249,11,4,IMPS,Success,0,
540,540,4,4847.96,2025-05-02 11:27:00,540,3,3,NETBANKING,Success,0,
552,552,1,92722.52,2025-05-02 11:28:00,552,18,9,NEFT,Success,0,
1000,1000,8,133377.43,2025-05-02 11:29:00,1000,9,8,RTGS,Success,0,
176,176,5,154587.25,2025-05-02 11:30:00,176,27,10,UPI,Success,0,
666,666,6,178322.92,2025-05-02 11:31:00,666,30,1,ATM,Success,0,
616,616,1,65995.85,2025-05-02 11:32:00,616,26,4,ATM,Success,0,
218,218,5,69848.41,2025-05-02 11:33:00,218,6,8,UPI,Success,0,
187,187,8,189046.39,2025-05-02 11:34:00,187,11,4,POS,Success,0,
66,66,5,185541.44,2025-05-02 11:35:00,66,3,8,ATM,Success,0,
19,19,3,7238.59,2025-05-02 11:36:00,19,15,6,NETBANKING,Success,0,
17,17,10,72526.91,2025-05-02 11:37:00,17,23,9,NEFT,Success,0,
858,858,7,158992.17,2025-05-02 11:38:00,858,13,8,IMPS,Success,1,New Device Transaction
923,923,4,40967.28,2025-05-02 11:39:00,923,25,1,POS,Failed,0,
823,823,4,72602.93,2025-05-02 11:40:00,823,26,1,UPI,Success,0,
171,171,5,86474.53,2025-05-02 11:41:00,171,25,4,ATM,Failed,0,
978,978,4,110517.84,2025-05-02 11:42:00,978,23,10,IMPS,Success,0,
112,112,3,17075.42,2025-05-02 11:43:00,112,12,1,UPI,Success,0,
481,481,5,109757.18,2025-05-02 11:44:00,481,5,5,ATM,Success,0,
725,725,10,17628.65,2025-05-02 11:45:00,725,17,3,IMPS,Success,0,
705,705,3,102119.51,2025-05-02 11:46:00,705,23,1,RTGS,Success,0,
255,255,8,35685.12,2025-05-02 11:47:00,255,27,2,POS,Success,0,
130,130,4,104573.81,2025-05-02 11:48:00,130,4,4,NETBANKING,Success,0,
988,988,4,119176.36,2025-05-02 11:49:00,988,27,3,ATM,Success,0,
989,989,4,178607.16,2025-05-02 11:50:00,989,11,2,NEFT,Success,0,
486,486,8,48342.85,2025-05-02 11:51:00,486,25,3,RTGS,Success,0,
215,215,5,144250.85,2025-05-02 11:52:00,215,9,4,NEFT,Failed,0,
964,964,9,90878.09,2025-05-02 11:53:00,964,14,10,RTGS,Success,1,New Device Transaction
717,717,3,129822.19,2025-05-02 11:54:00,717,7,3,NETBANKING,Success,0,
124,124,9,143164.65,2025-05-02 11:55:00,124,11,8,NEFT,Success,0,
464,464,5,37738.44,2025-05-02 11:56:00,464,5,7,POS,Success,0,
937,937,3,87566.76,2025-05-02 11:57:00,937,15,7,NEFT,Success,0,
531,531,7,112758.77,2025-05-02 11:58:00,531,9,7,POS,Success,0,
464,464,10,75210.56,2025-05-02 11:59:00,464,17,10,UPI,Success,0,
834,834,4,159110.8,2025-05-02 12:00:00,834,11,4,ATM,Success,0,
880,880,10,126228.94,2025-05-02 12:01:00,880,17,10,UPI,Success,0,
453,453,6,125979.04,2025-05-02 12:02:00,453,23,3,UPI,Success,0,
165,165,2,144184.71,2025-05-02 12:03:00,165,11,2,UPI,Success,0,
356,356,1,161924.61,2025-05-02 12:04:00,356,16,2,IMPS,Success,0,
885,885,6,26415.28,2025-05-02 12:05:00,885,2,7,IMPS,Success,0,
884,884,7,132738.94,2025-05-02 12:06:00,884,2,10,UPI,Success,0,
931,931,1,133572.06,2025-05-02 12:07:00,931,12,6,NETBANKING,Success,0,
86,86,7,47700.91,2025-05-02 12:08:00,86,10,3,IMPS,Success,0,
32,32,2,159773.91,2025-05-02 12:09:00,32,18,10,NEFT,Failed,0,
861,861,4,110487.51,2025-05-02 12:10:00,861,21,7,IMPS,Success,0,
688,688,5,39792.26,2025-05-02 12:11:00,688,14,3,NETBANKING,Success,0,
463,463,9,68711.15,2025-05-02 12:12:00,463,9,4,IMPS,Success,0,
664,664,8,97500.0,2025-05-02 12:13:00,664,12,3,NEFT,Success,0,
959,959,9,120119.33,2025-05-02 12:14:00,959,2,7,ATM,Success,0,
734,734,2,39243.1,2025-05-02 12:15:00,734,24,6,POS,Success,0,
414,414,1,168613.17,2025-05-02 12:16:00,414,10,6,NETBANKING,Success,0,
481,481,8,197791.32,2025-05-02 12:17:00,481,11,2,UPI,Success,0,
505,505,5,109108.21,2025-05-02 12:18:00,505,3,5,RTGS,Success,0,
507,507,7,31513.07,2025-05-02 12:19:00,507,16,2,UPI,Success,0,
941,941,6,153881.26,2025-05-02 12:20:00,941,8,6,UPI,Success,0,
979,979,10,33657.54,2025-05-02 12:21:00,979,12,4,UPI,Success,0,
811,811,6,18659.75,2025-05-02 12:22:00,811,8,2,RTGS,Success,1,New Device Transaction
791,791,2,180010.81,2025-05-02 12:23:00,791,30,4,UPI,Success,0,
30,30,2,47748.09,2025-05-02 12:24:00,30,9,5,ATM,Success,0,
384,384,5,46896.53,2025-05-02 12:25:00,384,23,10,UPI,Failed,0,
446,446,1,168168.78,2025-05-02 12:26:00,446,23,10,RTGS,Success,0,
124,124,7,98516.92,2025-05-02 12:27:00,124,5,10,RTGS,Success,0,
501,501,9,43490.93,2025-05-02 12:28:00,501,11,4,ATM,Success,0,
261,261,7,47933.61,2025-05-02 12:29:00,261,12,5,UPI,Success,0,
176,176,8,145458.84,2025-05-02 12:30:00,176,26,2,RTGS,Success,0,
577,577,10,10264.35,2025-05-02 12:31:00,577,10,10,ATM,Success,1,Night Transaction
296,296,7,141768.0,2025-05-02 12:32:00,296,17,1,ATM,Success,0,
914,914,8,196551.03,2025-05-02 12:33:00,914,9,9,IMPS,Success,0,
493,493,9,122723.64,2025-05-02 12:34:00,493,8,4,POS,Success,0,
36,36,5,99416.73,2025-05-02 12:35:00,36,4,7,ATM,Success,1,Night Transaction
905,905,9,36755.8,2025-05-02 12:36:00,905,11,5,UPI,Success,0,
236,236,9,158828.92,2025-05-02 12:37:00,236,20,4,RTGS,Success,1,Foreign Location
582,582,7,187539.28,2025-05-02 12:38:00,582,3,3,ATM,Failed,0,
106,106,8,10605.75,2025-05-02 12:39:00,106,5,2,NETBANKING,Success,0,
293,293,8,152375.77,2025-05-02 12:40:00,293,21,10,ATM,Success,0,
354,354,8,84477.35,2025-05-02 12:41:00,354,30,4,RTGS,Success,0,
899,899,6,143463.11,2025-05-02 12:42:00,899,18,6,RTGS,Success,0,
991,991,4,139452.88,2025-05-02 12:43:00,991,4,5,ATM,Success,0,
934,934,4,100861.4,2025-05-02 12:44:00,934,11,6,UPI,Success,0,
78,78,9,23178.66,2025-05-02 12:45:00,78,25,7,NEFT,Success,0,
99,99,8,195532.56,2025-05-02 12:46:00,99,12,9,NEFT,Success,0,
848,848,7,71814.63,2025-05-02 12:47:00,848,26,1,NETBANKING,Success,0,
13,13,2,129635.12,2025-05-02 12:48:00,13,27,2,NETBANKING,Success,0,
956,956,2,140676.77,2025-05-02 12:49:00,956,21,8,ATM,Success,0,
431,431,8,107037.99,2025-05-02 12:50:00,431,29,4,IMPS,Success,0,
761,761,9,13752.76,2025-05-02 12:51:00,761,30,1,RTGS,Success,0,
650,650,2,8441.55,2025-05-02 12:52:00,650,17,8,ATM,Success,0,
209,209,7,35656.4,2025-05-02 12:53:00,209,5,3,IMPS,Success,0,
385,385,3,63959.89,2025-05-02 12:54:00,385,9,7,UPI,Success,0,
94,94,1,128581.93,2025-05-02 12:55:00,94,6,5,UPI,Success,0,
719,719,10,52222.57,2025-05-02 12:56:00,719,12,8,POS,Success,0,
639,639,6,179451.75,2025-05-02 12:57:00,639,27,1,NEFT,Success,0,
378,378,7,9402.43,2025-05-02 12:58:00,378,16,7,POS,Success,0,
979,979,2,65303.06,2025-05-02 12:59:00,979,22,5,RTGS,Success,0,
42,42,9,57944.21,2025-05-02 13:00:00,42,21,2,UPI,Success,0,
152,152,4,14439.36,2025-05-02 13:01:00,152,9,3,POS,Success,0,
484,484,6,133682.51,2025-05-02 13:02:00,484,6,6,ATM,Success,1,Multiple Transactions
194,194,3,102382.78,2025-05-02 13:03:00,194,4,3,NEFT,Success,1,High Amount Transaction
759,759,3,65230.25,2025-05-02 13:04:00,759,5,6,IMPS,Success,0,
501,501,5,81633.79,2025-05-02 13:05:00,501,7,3,RTGS,Success,0,
709,709,4,108676.42,2025-05-02 13:06:00,709,10,10,RTGS,Success,0,
176,176,3,117661.96,2025-05-02 13:07:00,176,10,8,POS,Success,0,
504,504,8,72221.18,2025-05-02 13:08:00,504,19,6,NETBANKING,Success,0,
343,343,10,53097.83,2025-05-02 13:09:00,343,14,8,ATM,Pending,0,
584,584,5,80152.38,2025-05-02 13:10:00,584,15,8,ATM,Pending,0,
890,890,3,196498.16,2025-05-02 13:11:00,890,19,6,POS,Success,0,
403,403,3,90334.41,2025-05-02 13:12:00,403,27,5,ATM,Success,1,New Device Transaction
43,43,10,178102.28,2025-05-02 13:13:00,43,3,3,UPI,Success,0,
977,977,10,104151.45,2025-05-02 13:14:00,977,6,4,ATM,Success,0,
480,480,7,30068.75,2025-05-02 13:15:00,480,13,8,ATM,Success,0,
31,31,5,51734.06,2025-05-02 13:16:00,31,9,2,POS,Failed,0,
983,983,9,20009.14,2025-05-02 13:17:00,983,30,10,NETBANKING,Success,0,
324,324,5,15579.95,2025-05-02 13:18:00,324,26,9,NETBANKING,Success,0,
997,997,7,137306.67,2025-05-02 13:19:00,997,24,1,NEFT,Success,0,
1,1,5,147166.37,2025-05-02 13:20:00,1,16,1,NETBANKING,Success,0,
958,958,5,75887.75,2025-05-02 13:21:00,958,19,9,NEFT,Success,0,
926,926,2,144453.73,2025-05-02 13:22:00,926,10,6,POS,Success,0,
811,811,10,49941.54,2025-05-02 13:23:00,811,10,7,ATM,Success,0,
726,726,5,164585.06,2025-05-02 13:24:00,726,14,9,NETBANKING,Success,0,
804,804,4,94241.45,2025-05-02 13:25:00,804,14,6,IMPS,Success,0,
952,952,9,16388.69,2025-05-02 13:26:00,952,6,9,RTGS,Success,0,
946,946,7,14988.07,2025-05-02 13:27:00,946,7,7,NEFT,Success,0,
295,295,7,104644.46,2025-05-02 13:28:00,295,26,3,NETBANKING,Success,0,
173,173,8,116900.51,2025-05-02 13:29:00,173,27,6,IMPS,Success,0,
567,567,9,122216.06,2025-05-02 13:30:00,567,28,6,RTGS,Success,0,
295,295,4,190161.98,2025-05-02 13:31:00,295,16,1,POS,Success,0,
890,890,1,11699.9,2025-05-02 13:32:00,890,17,9,ATM,Success,0,
690,690,7,38849.27,2025-05-02 13:33:00,690,17,5,UPI,Success,0,
516,516,6,156375.96,2025-05-02 13:34:00,516,28,9,NEFT,Success,0,
270,270,3,115694.94,2025-05-02 13:35:00,270,28,6,IMPS,Success,0,
298,298,4,70979.48,2025-05-02 13:36:00,298,15,9,POS,Success,0,
34,34,9,117591.17,2025-05-02 13:37:00,34,8,6,RTGS,Pending,1,High Amount Transaction
665,665,1,50125.44,2025-05-02 13:38:00,665,17,1,ATM,Success,0,
783,783,6,175556.99,2025-05-02 13:39:00,783,21,4,NETBANKING,Success,0,
650,650,8,34791.03,2025-05-02 13:40:00,650,10,7,ATM,Success,0,
165,165,2,36390.02,2025-05-02 13:41:00,165,24,9,ATM,Success,0,
408,408,3,122009.28,2025-05-02 13:42:00,408,14,1,ATM,Success,0,
102,102,7,193551.65,2025-05-02 13:43:00,102,4,1,NETBANKING,Success,0,
134,134,7,123062.43,2025-05-02 13:44:00,134,30,7,ATM,Success,0,
447,447,5,1455.58,2025-05-02 13:45:00,447,24,6,ATM,Success,0,
636,636,10,86991.42,2025-05-02 13:46:00,636,25,5,RTGS,Success,0,
420,420,10,52463.09,2025-05-02 13:47:00,420,29,5,NETBANKING,Success,0,
245,245,9,35602.46,2025-05-02 13:48:00,245,30,8,RTGS,Success,1,New Device Transaction
687,687,6,189113.45,2025-05-02 13:49:00,687,10,7,ATM,Success,0,
36,36,10,102350.88,2025-05-02 13:50:00,36,12,7,IMPS,Success,0,
768,768,10,130560.86,2025-05-02 13:51:00,768,21,9,UPI,Success,0,
252,252,9,46649.86,2025-05-02 13:52:00,252,18,6,UPI,Success,0,
360,360,7,79443.46,2025-05-02 13:53:00,360,12,2,POS,Success,0,
771,771,1,154947.47,2025-05-02 13:54:00,771,16,2,RTGS,Success,0,
246,246,3,48699.38,2025-05-02 13:55:00,246,11,10,RTGS,Success,0,
633,633,9,79948.86,2025-05-02 13:56:00,633,2,5,NEFT,Success,0,
526,526,7,186088.88,2025-05-02 13:57:00,526,29,2,IMPS,Success,0,
247,247,2,191943.95,2025-05-02 13:58:00,247,9,6,NEFT,Success,0,
456,456,4,166219.46,2025-05-02 13:59:00,456,23,7,IMPS,Success,0,
12,12,1,86999.5,2025-05-02 14:00:00,12,13,6,RTGS,Success,0,
759,759,3,169689.11,2025-05-02 14:01:00,759,11,5,UPI,Success,0,
635,635,7,170188.4,2025-05-02 14:02:00,635,30,1,NEFT,Success,0,
654,654,2,139023.98,2025-05-02 14:03:00,654,5,3,UPI,Success,0,
301,301,4,2025.16,2025-05-02 14:04:00,301,11,4,ATM,Failed,0,
776,776,9,172392.12,2025-05-02 14:05:00,776,20,2,NETBANKING,Success,0,
117,117,1,9198.48,2025-05-02 14:06:00,117,7,6,UPI,Success,0,
103,103,2,88974.86,2025-05-02 14:07:00,103,5,6,NEFT,Success,0,
179,179,3,19196.7,2025-05-02 14:08:00,179,7,7,UPI,Pending,0,
370,370,9,185575.25,2025-05-02 14:09:00,370,7,1,NEFT,Success,0,
646,646,1,22747.42,2025-05-02 14:10:00,646,19,8,POS,Success,0,
471,471,9,154503.08,2025-05-02 14:11:00,471,12,7,ATM,Success,0,
550,550,9,131679.82,2025-05-02 14:12:00,550,20,3,IMPS,Success,0,
954,954,8,121464.78,2025-05-02 14:13:00,954,26,2,UPI,Success,0,
757,757,8,18955.84,2025-05-02 14:14:00,757,7,6,NEFT,Success,0,
566,566,3,11977.36,2025-05-02 14:15:00,566,28,2,UPI,Success,0,
62,62,8,32312.83,2025-05-02 14:16:00,62,30,2,ATM,Success,0,
324,324,5,162632.18,2025-05-02 14:17:00,324,2,10,RTGS,Success,0,
376,376,9,29574.5,2025-05-02 14:18:00,376,2,4,POS,Success,0,
233,233,5,127007.52,2025-05-02 14:19:00,233,29,3,NEFT,Pending,0,
802,802,1,69281.76,2025-05-02 14:20:00,802,12,1,POS,Success,0,
660,660,7,197204.0,2025-05-02 14:21:00,660,8,6,ATM,Success,0,
752,752,6,12704.75,2025-05-02 14:22:00,752,17,9,NETBANKING,Success,0,
974,974,9,124033.87,2025-05-02 14:23:00,974,7,5,RTGS,Success,0,
829,829,4,93547.31,2025-05-02 14:24:00,829,17,6,POS,Failed,0,
395,395,1,47146.75,2025-05-02 14:25:00,395,10,9,POS,Success,0,
634,634,7,126844.79,2025-05-02 14:26:00,634,16,4,POS,Success,0,
538,538,2,183796.12,2025-05-02 14:27:00,538,16,9,NETBANKING,Success,0,
586,586,10,168702.89,2025-05-02 14:28:00,586,10,3,POS,Success,0,
871,871,7,9289.91,2025-05-02 14:29:00,871,22,5,NETBANKING,Success,0,
591,591,4,58694.71,2025-05-02 14:30:00,591,17,8,NEFT,Success,0,
138,138,4,76257.82,2025-05-02 14:31:00,138,7,7,UPI,Success,0,
611,611,8,188113.82,2025-05-02 14:32:00,611,2,9,POS,Success,0,
10,10,4,178081.5,2025-05-02 14:33:00,10,6,9,NETBANKING,Failed,1,Night Transaction
740,740,3,196940.05,2025-05-02 14:34:00,740,29,2,ATM,Success,0,
765,765,6,108008.59,2025-05-02 14:35:00,765,1,3,ATM,Pending,0,
50,50,2,34722.11,2025-05-02 14:36:00,50,12,9,UPI,Success,0,
925,925,7,193827.83,2025-05-02 14:37:00,925,6,5,NETBANKING,Success,0,
392,392,1,35257.65,2025-05-02 14:38:00,392,16,5,NEFT,Success,0,
510,510,7,2454.19,2025-05-02 14:39:00,510,26,3,IMPS,Success,1,New Device Transaction
883,883,9,46423.62,2025-05-02 14:40:00,883,1,6,IMPS,Success,0,
507,507,7,101923.33,2025-05-02 14:41:00,507,30,8,RTGS,Success,0,
16,16,7,50108.42,2025-05-02 14:42:00,16,1,5,IMPS,Success,0,
575,575,1,58063.33,2025-05-02 14:43:00,575,7,1,RTGS,Success,0,
299,299,4,176224.75,2025-05-02 14:44:00,299,1,5,ATM,Success,0,
695,695,2,59692.79,2025-05-02 14:45:00,695,9,10,UPI,Success,0,
101,101,4,78961.71,2025-05-02 14:46:00,101,29,2,ATM,Success,1,High Amount Transaction
575,575,6,18269.64,2025-05-02 14:47:00,575,5,10,RTGS,Success,0,
29,29,8,30277.51,2025-05-02 14:48:00,29,19,7,NEFT,Success,0,
582,582,10,159311.23,2025-05-02 14:49:00,582,12,7,NETBANKING,Pending,0,
17,17,7,137.12,2025-05-02 14:50:00,17,6,5,IMPS,Success,0,
559,559,2,30906.52,2025-05-02 14:51:00,559,23,5,POS,Success,0,
529,529,8,102796.25,2025-05-02 14:52:00,529,22,1,NEFT,Success,0,
385,385,6,138486.01,2025-05-02 14:53:00,385,4,9,NEFT,Success,0,
536,536,10,26333.79,2025-05-02 14:54:00,536,13,10,ATM,Success,0,
799,799,5,58223.29,2025-05-02 14:55:00,799,6,3,RTGS,Success,0,
353,353,7,109131.36,2025-05-02 14:56:00,353,3,9,UPI,Failed,0,
294,294,4,79110.66,2025-05-02 14:57:00,294,3,8,RTGS,Failed,0,
986,986,2,27853.11,2025-05-02 14:58:00,986,24,8,NETBANKING,Success,0,
113,113,2,166196.6,2025-05-02 14:59:00,113,8,9,NEFT,Success,0,
918,918,4,118835.04,2025-05-02 15:00:00,918,17,6,ATM,Success,0,
946,946,10,43090.04,2025-05-02 15:01:00,946,9,6,ATM,Pending,0,
452,452,5,88607.5,2025-05-02 15:02:00,452,8,10,POS,Success,0,
635,635,3,89155.31,2025-05-02 15:03:00,635,28,7,NETBANKING,Success,0,
579,579,9,38439.8,2025-05-02 15:04:00,579,21,2,IMPS,Success,0,
82,82,3,138290.85,2025-05-02 15:05:00,82,6,10,IMPS,Pending,0,
117,117,1,27226.27,2025-05-02 15:06:00,117,27,7,IMPS,Success,0,
373,373,5,127942.32,2025-05-02 15:07:00,373,19,6,NEFT,Success,0,
707,707,3,41998.17,2025-05-02 15:08:00,707,11,10,UPI,Success,0,
382,382,3,155613.93,2025-05-02 15:09:00,382,20,2,IMPS,Success,0,
898,898,4,135755.25,2025-05-02 15:10:00,898,22,4,NEFT,Success,0,
47,47,4,192825.09,2025-05-02 15:11:00,47,18,2,IMPS,Success,0,
996,996,1,175109.61,2025-05-02 15:12:00,996,11,1,NEFT,Success,0,
765,765,9,152515.66,2025-05-02 15:13:00,765,9,9,NETBANKING,Success,0,
275,275,8,86102.11,2025-05-02 15:14:00,275,1,8,IMPS,Success,0,
16,16,7,2652.52,2025-05-02 15:15:00,16,24,5,NEFT,Success,0,
938,938,5,57026.54,2025-05-02 15:16:00,938,1,1,UPI,Success,0,
853,853,5,126773.99,2025-05-02 15:17:00,853,13,4,POS,Success,0,
67,67,8,6923.14,2025-05-02 15:18:00,67,27,4,IMPS,Success,0,
800,800,1,101908.12,2025-05-02 15:19:00,800,12,4,ATM,Success,0,
934,934,1,173947.68,2025-05-02 15:20:00,934,26,4,NETBANKING,Failed,0,
258,258,6,68270.83,2025-05-02 15:21:00,258,4,5,NEFT,Success,0,
641,641,1,66238.63,2025-05-02 15:22:00,641,5,9,POS,Success,0,
30,30,1,137179.32,2025-05-02 15:23:00,30,30,9,ATM,Failed,0,
659,659,4,130032.77,2025-05-02 15:24:00,659,3,5,IMPS,Success,0,
150,150,6,67028.53,2025-05-02 15:25:00,150,7,7,POS,Success,0,
769,769,10,156623.57,2025-05-02 15:26:00,769,25,1,POS,Success,0,
856,856,2,34942.59,2025-05-02 15:27:00,856,22,3,NETBANKING,Failed,0,
174,174,8,167991.35,2025-05-02 15:28:00,174,8,9,UPI,Success,0,
40,40,3,28266.58,2025-05-02 15:29:00,40,12,4,RTGS,Success,0,
296,296,4,26157.89,2025-05-02 15:30:00,296,4,4,NEFT,Success,0,
68,68,2,99455.63,2025-05-02 15:31:00,68,14,8,IMPS,Success,0,
204,204,1,10993.04,2025-05-02 15:32:00,204,15,7,RTGS,Success,0,
921,921,6,119442.31,2025-05-02 15:33:00,921,5,9,RTGS,Failed,0,
872,872,9,176286.53,2025-05-02 15:34:00,872,3,6,NETBANKING,Success,0,
57,57,2,37764.03,2025-05-02 15:35:00,57,12,9,UPI,Success,0,
932,932,2,136973.44,2025-05-02 15:36:00,932,9,3,RTGS,Success,0,
845,845,2,180316.34,2025-05-02 15:37:00,845,23,5,NEFT,Failed,0,
332,332,2,34436.65,2025-05-02 15:38:00,332,24,4,UPI,Success,0,
429,429,6,14545.13,2025-05-02 15:39:00,429,12,6,IMPS,Success,0,
770,770,2,84339.91,2025-05-02 15:40:00,770,23,1,ATM,Success,0,
972,972,2,91050.15,2025-05-02 15:41:00,972,8,7,RTGS,Success,0,
291,291,6,58130.43,2025-05-02 15:42:00,291,9,6,UPI,Success,0,
914,914,3,19572.3,2025-05-02 15:43:00,914,9,3,IMPS,Success,0,
576,576,5,186434.21,2025-05-02 15:44:00,576,24,6,NETBANKING,Success,0,
69,69,5,194584.41,2025-05-02 15:45:00,69,2,7,ATM,Failed,0,
344,344,10,132949.49,2025-05-02 15:46:00,344,18,2,RTGS,Success,0,
229,229,6,103022.46,2025-05-02 15:47:00,229,4,2,ATM,Success,0,
953,953,2,168185.14,2025-05-02 15:48:00,953,6,6,NETBANKING,Success,0,
315,315,1,110581.78,2025-05-02 15:49:00,315,17,3,ATM,Success,0,
581,581,2,167529.32,2025-05-02 15:50:00,581,17,10,ATM,Success,0,
618,618,7,51051.72,2025-05-02 15:51:00,618,24,7,POS,Success,0,
285,285,1,7002.95,2025-05-02 15:52:00,285,12,8,POS,Success,0,
554,554,6,187760.0,2025-05-02 15:53:00,554,17,2,IMPS,Success,0,
903,903,9,121243.59,2025-05-02 15:54:00,903,14,8,NETBANKING,Success,0,
824,824,4,179089.51,2025-05-02 15:55:00,824,17,1,NEFT,Success,0,
520,520,6,65190.55,2025-05-02 15:56:00,520,13,2,IMPS,Success,0,
658,658,7,72269.9,2025-05-02 15:57:00,658,12,8,IMPS,Success,0,
378,378,10,39627.26,2025-05-02 15:58:00,378,8,6,IMPS,Pending,0,
332,332,10,166373.75,2025-05-02 15:59:00,332,16,6,ATM,Success,0,
70,70,2,94448.03,2025-05-02 16:00:00,70,25,4,IMPS,Success,0,
41,41,10,14408.13,2025-05-02 16:01:00,41,7,8,POS,Failed,0,
11,11,8,194705.3,2025-05-02 16:02:00,11,11,2,POS,Success,0,
317,317,7,18787.84,2025-05-02 16:03:00,317,29,5,NETBANKING,Success,0,
190,190,1,51122.9,2025-05-02 16:04:00,190,23,8,NETBANKING,Success,1,New Device Transaction
735,735,9,140179.73,2025-05-02 16:05:00,735,24,9,IMPS,Success,0,
747,747,6,109156.49,2025-05-02 16:06:00,747,8,2,IMPS,Success,0,
75,75,9,110280.39,2025-05-02 16:07:00,75,17,6,NEFT,Success,0,
126,126,6,67742.78,2025-05-02 16:08:00,126,19,8,IMPS,Success,0,
213,213,10,163179.04,2025-05-02 16:09:00,213,11,5,UPI,Success,0,
865,865,9,89866.67,2025-05-02 16:10:00,865,19,10,NEFT,Success,0,
317,317,1,29723.53,2025-05-02 16:11:00,317,8,8,RTGS,Success,0,
506,506,6,182640.54,2025-05-02 16:12:00,506,21,1,NEFT,Failed,0,
790,790,1,80717.9,2025-05-02 16:13:00,790,25,2,POS,Pending,0,
421,421,1,170583.03,2025-05-02 16:14:00,421,17,10,IMPS,Success,0,
181,181,8,72943.74,2025-05-02 16:15:00,181,8,9,NEFT,Success,0,
110,110,5,180011.58,2025-05-02 16:16:00,110,7,10,NEFT,Success,0,
468,468,8,13693.38,2025-05-02 16:17:00,468,18,1,UPI,Success,0,
211,211,8,47284.59,2025-05-02 16:18:00,211,14,6,ATM,Success,0,
534,534,7,11476.99,2025-05-02 16:19:00,534,21,8,NETBANKING,Success,0,
834,834,4,97717.5,2025-05-02 16:20:00,834,13,7,RTGS,Success,0,
680,680,3,162126.33,2025-05-02 16:21:00,680,8,7,RTGS,Success,0,
232,232,2,98720.48,2025-05-02 16:22:00,232,21,3,ATM,Success,0,
583,583,4,158455.72,2025-05-02 16:23:00,583,13,8,IMPS,Success,0,
362,362,5,77438.43,2025-05-02 16:24:00,362,5,5,NETBANKING,Success,0,
556,556,3,169782.12,2025-05-02 16:25:00,556,27,5,POS,Success,0,
681,681,7,33579.33,2025-05-02 16:26:00,681,18,3,NEFT,Failed,0,
602,602,8,155751.4,2025-05-02 16:27:00,602,19,9,IMPS,Success,0,
933,933,3,153806.63,2025-05-02 16:28:00,933,21,7,UPI,Success,0,
193,193,6,157261.87,2025-05-02 16:29:00,193,21,6,IMPS,Success,1,High Amount Transaction
216,216,1,97965.66,2025-05-02 16:30:00,216,26,8,NETBANKING,Failed,0,
50,50,5,164159.5,2025-05-02 16:31:00,50,21,7,NETBANKING,Success,0,
295,295,3,22304.74,2025-05-02 16:32:00,295,22,8,ATM,Success,0,
698,698,10,87758.99,2025-05-02 16:33:00,698,28,2,UPI,Success,0,
460,460,3,43070.71,2025-05-02 16:34:00,460,26,9,ATM,Success,0,
339,339,9,91483.84,2025-05-02 16:35:00,339,2,2,NEFT,Success,0,
371,371,10,63718.05,2025-05-02 16:36:00,371,28,6,RTGS,Success,0,
614,614,5,199374.33,2025-05-02 16:37:00,614,13,10,POS,Success,0,
890,890,10,23004.76,2025-05-02 16:38:00,890,17,8,NEFT,Success,1,Night Transaction
811,811,2,178355.22,2025-05-02 16:39:00,811,23,2,RTGS,Success,0,
127,127,2,194403.83,2025-05-02 16:40:00,127,18,4,UPI,Success,0,
918,918,10,122960.07,2025-05-02 16:41:00,918,6,2,RTGS,Failed,0,
823,823,5,132384.29,2025-05-02 16:42:00,823,3,10,POS,Success,0,
126,126,9,158225.93,2025-05-02 16:43:00,126,16,4,NEFT,Success,0,
86,86,3,128184.43,2025-05-02 16:44:00,86,7,8,RTGS,Success,0,
682,682,8,143454.38,2025-05-02 16:45:00,682,21,2,IMPS,Success,0,
13,13,4,3040.98,2025-05-02 16:46:00,13,13,9,UPI,Failed,0,
966,966,2,186611.02,2025-05-02 16:47:00,966,20,9,NEFT,Success,0,
306,306,1,129270.81,2025-05-02 16:48:00,306,10,5,NETBANKING,Success,0,
723,723,2,19423.27,2025-05-02 16:49:00,723,17,1,ATM,Success,1,New Device Transaction
300,300,3,21363.63,2025-05-02 16:50:00,300,4,8,UPI,Success,0,
723,723,2,24486.61,2025-05-02 16:51:00,723,23,10,POS,Success,0,
772,772,5,76434.87,2025-05-02 16:52:00,772,18,4,UPI,Pending,0,
894,894,4,121574.11,2025-05-02 16:53:00,894,2,10,UPI,Success,0,
465,465,1,61614.82,2025-05-02 16:54:00,465,17,3,IMPS,Success,0,
255,255,5,152707.52,2025-05-02 16:55:00,255,4,4,ATM,Success,1,Foreign Location
576,576,2,40829.33,2025-05-02 16:56:00,576,5,5,NEFT,Pending,0,
390,390,4,125710.69,2025-05-02 16:57:00,390,14,7,IMPS,Success,0,
819,819,5,115861.71,2025-05-02 16:58:00,819,29,2,RTGS,Success,0,
223,223,8,63140.75,2025-05-02 16:59:00,223,13,9,NETBANKING,Failed,0,
67,67,4,45182.38,2025-05-02 17:00:00,67,15,9,RTGS,Success,0,
177,177,8,25327.7,2025-05-02 17:01:00,177,21,6,UPI,Success,0,
501,501,2,16738.94,2025-05-02 17:02:00,501,5,4,ATM,Success,0,
795,795,8,50214.03,2025-05-02 17:03:00,795,17,8,RTGS,Success,0,
412,412,8,167028.46,2025-05-02 17:04:00,412,7,8,ATM,Success,0,
331,331,5,73499.12,2025-05-02 17:05:00,331,27,9,ATM,Pending,0,
499,499,5,182598.21,2025-05-02 17:06:00,499,10,7,IMPS,Success,0,
996,996,6,166175.97,2025-05-02 17:07:00,996,16,2,RTGS,Failed,0,
367,367,2,198133.22,2025-05-02 17:08:00,367,4,4,RTGS,Success,0,
227,227,1,176072.49,2025-05-02 17:09:00,227,12,4,UPI,Success,0,
659,659,9,184657.05,2025-05-02 17:10:00,659,21,6,POS,Success,0,
152,152,3,43576.52,2025-05-02 17:11:00,152,2,6,IMPS,Success,1,Night Transaction
1,1,1,19257.59,2025-05-02 17:12:00,1,6,6,RTGS,Failed,0,
728,728,5,162700.37,2025-05-02 17:13:00,728,27,6,ATM,Failed,0,
610,610,10,11533.94,2025-05-02 17:14:00,610,16,10,IMPS,Success,0,
795,795,8,80024.53,2025-05-02 17:15:00,795,27,8,NEFT,Pending,0,
825,825,10,98535.37,2025-05-02 17:16:00,825,10,5,NEFT,Success,0,
450,450,4,174235.06,2025-05-02 17:17:00,450,29,9,ATM,Success,0,
418,418,6,79588.05,2025-05-02 17:18:00,418,16,8,IMPS,Success,0,
694,694,9,65801.72,2025-05-02 17:19:00,694,24,5,POS,Success,0,
510,510,4,156863.19,2025-05-02 17:20:00,510,16,1,NETBANKING,Success,0,
377,377,9,148544.17,2025-05-02 17:21:00,377,7,2,ATM,Success,0,
760,760,5,146270.51,2025-05-02 17:22:00,760,18,2,POS,Success,0,
288,288,1,30166.79,2025-05-02 17:23:00,288,25,6,IMPS,Success,0,
639,639,5,21418.84,2025-05-02 17:24:00,639,26,7,NETBANKING,Success,0,
256,256,7,51810.95,2025-05-02 17:25:00,256,21,2,NETBANKING,Success,0,
529,529,4,143761.42,2025-05-02 17:26:00,529,12,3,RTGS,Success,0,
676,676,2,122849.63,2025-05-02 17:27:00,676,2,9,POS,Success,0,
1000,1000,6,93988.08,2025-05-02 17:28:00,1000,6,2,IMPS,Success,0,
380,380,10,133030.02,2025-05-02 17:29:00,380,1,10,POS,Failed,1,Multiple Transactions
219,219,8,65723.86,2025-05-02 17:30:00,219,24,1,IMPS,Success,0,
15,15,7,65016.81,2025-05-02 17:31:00,15,6,10,ATM,Success,0,
37,37,5,29772.26,2025-05-02 17:32:00,37,15,8,UPI,Success,0,
139,139,1,41144.98,2025-05-02 17:33:00,139,24,1,RTGS,Success,0,
251,251,2,184519.74,2025-05-02 17:34:00,251,28,2,UPI,Success,0,
160,160,10,105441.91,2025-05-02 17:35:00,160,30,10,RTGS,Pending,0,
368,368,2,112583.44,2025-05-02 17:36:00,368,1,1,NEFT,Success,0,
210,210,4,84105.34,2025-05-02 17:37:00,210,24,8,IMPS,Success,0,
460,460,4,148568.91,2025-05-02 17:38:00,460,8,8,IMPS,Success,0,
614,614,6,152253.59,2025-05-02 17:39:00,614,15,5,UPI,Success,0,
730,730,9,11202.4,2025-05-02 17:40:00,730,27,6,POS,Failed,0,
556,556,10,28712.81,2025-05-02 17:41:00,556,22,5,ATM,Success,0,
111,111,1,53489.0,2025-05-02 17:42:00,111,5,1,UPI,Success,0,
224,224,8,9549.05,2025-05-02 17:43:00,224,16,8,POS,Success,0,
973,973,5,137576.82,2025-05-02 17:44:00,973,27,10,NETBANKING,Success,0,
500,500,7,140366.93,2025-05-02 17:45:00,500,30,3,ATM,Success,0,
770,770,5,48259.96,2025-05-02 17:46:00,770,8,7,UPI,Success,0,
102,102,2,16640.87,2025-05-02 17:47:00,102,21,2,RTGS,Pending,0,
539,539,5,184581.74,2025-05-02 17:48:00,539,2,9,NEFT,Success,0,
904,904,5,170030.91,2025-05-02 17:49:00,904,7,5,IMPS,Success,0,
941,941,9,88785.57,2025-05-02 17:50:00,941,3,1,RTGS,Failed,0,
934,934,2,89544.37,2025-05-02 17:51:00,934,24,3,RTGS,Success,1,Night Transaction
216,216,3,188984.03,2025-05-02 17:52:00,216,20,5,NEFT,Success,0,
372,372,2,125416.41,2025-05-02 17:53:00,372,8,4,NEFT,Success,0,
592,592,10,99585.31,2025-05-02 17:54:00,592,18,4,IMPS,Success,0,
505,505,7,91198.17,2025-05-02 17:55:00,505,7,6,NEFT,Success,0,
656,656,7,8315.75,2025-05-02 17:56:00,656,28,8,UPI,Success,0,
397,397,5,183056.58,2025-05-02 17:57:00,397,3,9,IMPS,Success,0,
188,188,5,148040.01,2025-05-02 17:58:00,188,25,2,IMPS,Success,1,Multiple Transactions
879,879,7,48935.76,2025-05-02 17:59:00,879,2,10,RTGS,Failed,0,
476,476,4,108158.19,2025-05-02 18:00:00,476,16,8,RTGS,Success,0,
259,259,5,140561.28,2025-05-02 18:01:00,259,1,4,RTGS,Success,0,
556,556,2,92869.8,2025-05-02 18:02:00,556,5,8,NETBANKING,Success,0,
889,889,3,64485.72,2025-05-02 18:03:00,889,25,9,NETBANKING,Success,0,
103,103,3,178189.41,2025-05-02 18:04:00,103,16,4,RTGS,Success,0,
617,617,1,160557.57,2025-05-02 18:05:00,617,29,1,NETBANKING,Success,0,
784,784,10,116481.36,2025-05-02 18:06:00,784,16,6,IMPS,Pending,0,
519,519,4,21500.26,2025-05-02 18:07:00,519,17,6,UPI,Success,0,
479,479,9,472.64,2025-05-02 18:08:00,479,11,2,IMPS,Success,0,
346,346,9,87575.3,2025-05-02 18:09:00,346,1,9,UPI,Success,0,
356,356,2,123574.63,2025-05-02 18:10:00,356,20,9,ATM,Pending,0,
430,430,3,198189.44,2025-05-02 18:11:00,430,16,9,NEFT,Success,0,
141,141,4,160501.79,2025-05-02 18:12:00,141,7,6,ATM,Success,0,
780,780,5,30596.61,2025-05-02 18:13:00,780,27,9,ATM,Success,0,
899,899,8,15665.99,2025-05-02 18:14:00,899,30,3,POS,Success,0,
207,207,1,26454.21,2025-05-02 18:15:00,207,9,5,IMPS,Success,0,
538,538,9,58725.45,2025-05-02 18:16:00,538,20,4,POS,Failed,0,
237,237,1,2085.26,2025-05-02 18:17:00,237,23,5,ATM,Success,0,
741,741,2,79346.72,2025-05-02 18:18:00,741,15,4,NETBANKING,Failed,0,
299,299,2,113972.56,2025-05-02 18:19:00,299,28,10,ATM,Success,0,
609,609,2,183160.92,2025-05-02 18:20:00,609,29,9,ATM,Failed,0,
279,279,10,117634.42,2025-05-02 18:21:00,279,15,8,NEFT,Success,0,
693,693,8,174954.41,2025-05-02 18:22:00,693,7,6,ATM,Success,0,
882,882,2,91995.28,2025-05-02 18:23:00,882,14,6,IMPS,Success,0,
567,567,2,159817.14,2025-05-02 18:24:00,567,24,6,UPI,Success,0,
175,175,7,52069.84,2025-05-02 18:25:00,175,16,5,NETBANKING,Success,1,Night Transaction
504,504,2,125031.07,2025-05-02 18:26:00,504,4,7,IMPS,Success,0,
483,483,10,90682.51,2025-05-02 18:27:00,483,10,6,POS,Failed,0,
386,386,4,36854.08,2025-05-02 18:28:00,386,9,4,NEFT,Success,0,
344,344,1,55466.1,2025-05-02 18:29:00,344,29,6,UPI,Success,0,
84,84,5,117154.45,2025-05-02 18:30:00,84,21,3,UPI,Success,0,
226,226,10,174175.14,2025-05-02 18:31:00,226,5,7,POS,Success,0,
627,627,1,76114.44,2025-05-02 18:32:00,627,8,5,NETBANKING,Success,0,
526,526,5,141486.12,2025-05-02 18:33:00,526,14,7,ATM,Success,1,Night Transaction
803,803,1,143846.71,2025-05-02 18:34:00,803,15,3,ATM,Success,1,Night Transaction
838,838,1,49899.85,2025-05-02 18:35:00,838,28,8,ATM,Success,0,
360,360,10,120723.68,2025-05-02 18:36:00,360,28,2,NETBANKING,Success,0,
275,275,6,156730.76,2025-05-02 18:37:00,275,17,4,ATM,Success,1,New Device Transaction
185,185,1,109780.26,2025-05-02 18:38:00,185,5,9,POS,Success,0,
297,297,2,154349.76,2025-05-02 18:39:00,297,15,1,NETBANKING,Success,0,
192,192,2,8269.88,2025-05-02 18:40:00,192,2,3,RTGS,Success,0,
513,513,6,123322.93,2025-05-02 18:41:00,513,8,7,POS,Success,0,
459,459,7,185137.18,2025-05-02 18:42:00,459,13,8,ATM,Success,0,
385,385,1,85577.36,2025-05-02 18:43:00,385,7,2,POS,Success,0,
145,145,10,194310.51,2025-05-02 18:44:00,145,27,4,NEFT,Success,0,
307,307,3,76810.29,2025-05-02 18:45:00,307,23,4,UPI,Success,0,
919,919,2,114555.54,2025-05-02 18:46:00,919,11,2,ATM,Success,0,
931,931,9,141649.54,2025-05-02 18:47:00,931,14,4,NETBANKING,Pending,0,
551,551,5,99096.78,2025-05-02 18:48:00,551,2,10,NEFT,Success,0,
508,508,10,103485.13,2025-05-02 18:49:00,508,21,2,POS,Success,0,
914,914,4,184897.63,2025-05-02 18:50:00,914,5,8,POS,Pending,0,
200,200,1,77680.81,2025-05-02 18:51:00,200,30,10,ATM,Success,0,
567,567,4,182015.63,2025-05-02 18:52:00,567,29,5,UPI,Success,0,
852,852,9,75893.96,2025-05-02 18:53:00,852,25,8,IMPS,Success,0,
473,473,5,128080.77,2025-05-02 18:54:00,473,8,4,IMPS,Success,1,Night Transaction
269,269,6,196648.8,2025-05-02 18:55:00,269,27,1,UPI,Success,0,
766,766,3,5750.72,2025-05-02 18:56:00,766,26,5,NEFT,Success,0,
127,127,7,11360.25,2025-05-02 18:57:00,127,10,9,NETBANKING,Success,0,
520,520,1,159398.98,2025-05-02 18:58:00,520,10,4,UPI,Success,0,
868,868,1,89710.9,2025-05-02 18:59:00,868,9,7,NETBANKING,Success,0,
337,337,6,9801.9,2025-05-02 19:00:00,337,5,9,NETBANKING,Success,0,
154,154,2,23245.55,2025-05-02 19:01:00,154,22,3,NEFT,Success,0,
428,428,2,9034.35,2025-05-02 19:02:00,428,8,1,ATM,Success,0,
454,454,7,192366.79,2025-05-02 19:03:00,454,16,2,POS,Success,0,
844,844,7,10609.04,2025-05-02 19:04:00,844,29,5,UPI,Success,0,
133,133,6,10925.23,2025-05-02 19:05:00,133,8,7,POS,Success,0,
593,593,8,87579.01,2025-05-02 19:06:00,593,2,8,NETBANKING,Success,0,
881,881,5,136845.99,2025-05-02 19:07:00,881,27,9,POS,Success,0,
180,180,10,88715.0,2025-05-02 19:08:00,180,4,2,NEFT,Success,0,
97,97,10,159004.51,2025-05-02 19:09:00,97,25,9,NETBANKING,Success,0,
181,181,3,101870.86,2025-05-02 19:10:00,181,9,3,RTGS,Pending,0,
369,369,3,160393.54,2025-05-02 19:11:00,369,19,6,POS,Success,1,High Amount Transaction
211,211,7,134164.51,2025-05-02 19:12:00,211,27,6,POS,Success,0,
511,511,3,25211.62,2025-05-02 19:13:00,511,29,9,UPI,Success,0,
784,784,8,55162.78,2025-05-02 19:14:00,784,30,5,NETBANKING,Success,0,
266,266,8,162605.84,2025-05-02 19:15:00,266,24,1,IMPS,Success,0,
700,700,1,125521.52,2025-05-02 19:16:00,700,2,2,NETBANKING,Success,0,
537,537,8,29214.78,2025-05-02 19:17:00,537,19,2,NEFT,Success,0,
562,562,3,70640.57,2025-05-02 19:18:00,562,8,7,POS,Success,0,
159,159,1,34009.0,2025-05-02 19:19:00,159,12,4,NETBANKING,Success,0,
754,754,9,68637.7,2025-05-02 19:20:00,754,3,1,POS,Success,0,
585,585,4,72209.84,2025-05-02 19:21:00,585,20,2,ATM,Success,0,
435,435,8,30381.89,2025-05-02 19:22:00,435,4,7,RTGS,Success,0,
820,820,1,6207.4,2025-05-02 19:23:00,820,22,4,NETBANKING,Success,0,
677,677,3,60197.08,2025-05-02 19:24:00,677,5,2,ATM,Success,0,
800,800,8,194927.48,2025-05-02 19:25:00,800,18,7,IMPS,Success,0,
16,16,6,31228.14,2025-05-02 19:26:00,16,7,4,NEFT,Success,0,
932,932,6,165492.0,2025-05-02 19:27:00,932,23,10,ATM,Success,0,
666,666,2,39435.12,2025-05-02 19:28:00,666,25,5,NEFT,Failed,0,
611,611,4,132801.06,2025-05-02 19:29:00,611,30,2,UPI,Success,0,
448,448,1,13048.82,2025-05-02 19:30:00,448,27,1,ATM,Success,0,
349,349,2,80003.83,2025-05-02 19:31:00,349,25,7,IMPS,Success,0,
979,979,3,52924.37,2025-05-02 19:32:00,979,6,8,POS,Success,0,
610,610,10,139647.42,2025-05-02 19:33:00,610,5,1,UPI,Success,0,
34,34,2,165606.23,2025-05-02 19:34:00,34,17,2,NETBANKING,Success,0,
330,330,8,196551.02,2025-05-02 19:35:00,330,27,1,NEFT,Success,0,
972,972,9,127989.4,2025-05-02 19:36:00,972,15,2,UPI,Success,0,
722,722,9,160260.3,2025-05-02 19:37:00,722,2,2,IMPS,Success,0,
693,693,8,107116.96,2025-05-02 19:38:00,693,21,10,ATM,Success,0,
487,487,8,159743.74,2025-05-02 19:39:00,487,11,2,POS,Success,0,
510,510,5,147940.99,2025-05-02 19:40:00,510,19,4,UPI,Success,0,
19,19,8,77921.16,2025-05-02 19:41:00,19,12,2,UPI,Failed,0,
911,911,5,189205.46,2025-05-02 19:42:00,911,13,6,NETBANKING,Success,0,
608,608,10,10587.54,2025-05-02 19:43:00,608,11,10,RTGS,Success,0,
862,862,8,56757.14,2025-05-02 19:44:00,862,1,9,POS,Success,0,
403,403,8,97887.62,2025-05-02 19:45:00,403,13,6,NETBANKING,Pending,0,
165,165,4,67132.04,2025-05-02 19:46:00,165,24,3,UPI,Success,1,New Device Transaction
814,814,1,40554.36,2025-05-02 19:47:00,814,8,8,RTGS,Success,0,
904,904,2,73350.8,2025-05-02 19:48:00,904,21,1,UPI,Success,0,
871,871,4,67058.99,2025-05-02 19:49:00,871,14,4,NETBANKING,Success,0,
335,335,9,52549.51,2025-05-02 19:50:00,335,21,6,POS,Success,0,
685,685,6,176247.51,2025-05-02 19:51:00,685,18,1,POS,Success,0,
2,2,6,196806.25,2025-05-02 19:52:00,2,21,9,ATM,Success,0,
778,778,10,10396.13,2025-05-02 19:53:00,778,4,4,ATM,Success,0,
23,23,8,20404.74,2025-05-02 19:54:00,23,3,3,NEFT,Success,0,
163,163,8,149060.68,2025-05-02 19:55:00,163,29,2,IMPS,Success,0,
998,998,2,44514.56,2025-05-02 19:56:00,998,4,3,ATM,Pending,0,
48,48,2,155248.84,2025-05-02 19:57:00,48,29,6,UPI,Success,0,
106,106,10,122465.89,2025-05-02 19:58:00,106,28,3,ATM,Success,0,
273,273,1,139755.23,2025-05-02 19:59:00,273,23,7,UPI,Success,0,
136,136,7,81956.01,2025-05-02 20:00:00,136,21,7,POS,Success,0,
42,42,10,187164.61,2025-05-02 20:01:00,42,9,5,NEFT,Pending,0,
796,796,10,32675.92,2025-05-02 20:02:00,796,16,8,NEFT,Success,0,
106,106,5,144965.57,2025-05-02 20:03:00,106,12,8,UPI,Success,0,
649,649,3,198183.28,2025-05-02 20:04:00,649,14,8,NEFT,Success,0,
16,16,1,86454.5,2025-05-02 20:05:00,16,25,6,NETBANKING,Success,1,New Device Transaction
125,125,7,135701.72,2025-05-02 20:06:00,125,7,3,POS,Failed,0,
39,39,3,166054.47,2025-05-02 20:07:00,39,15,1,RTGS,Success,0,
56,56,4,23505.06,2025-05-02 20:08:00,56,18,5,NETBANKING,Success,0,
119,119,7,188083.54,2025-05-02 20:09:00,119,13,5,RTGS,Failed,1,High Amount Transaction
680,680,4,130614.44,2025-05-02 20:10:00,680,19,7,UPI,Success,0,
88,88,8,80463.74,2025-05-02 20:11:00,88,13,10,RTGS,Success,0,
744,744,4,168611.77,2025-05-02 20:12:00,744,24,8,IMPS,Success,0,
487,487,8,140085.25,2025-05-02 20:13:00,487,10,8,IMPS,Success,0,
906,906,1,95394.82,2025-05-02 20:14:00,906,1,10,ATM,Success,0,
752,752,9,149395.87,2025-05-02 20:15:00,752,20,1,UPI,Success,0,
625,625,8,57799.02,2025-05-02 20:16:00,625,11,5,ATM,Success,0,
272,272,10,197873.62,2025-05-02 20:17:00,272,12,3,ATM,Success,1,Night Transaction
667,667,4,154435.82,2025-05-02 20:18:00,667,30,6,UPI,Success,0,
257,257,8,76056.27,2025-05-02 20:19:00,257,12,7,RTGS,Success,0,
658,658,8,37258.21,2025-05-02 20:20:00,658,22,2,POS,Success,0,
805,805,6,58933.26,2025-05-02 20:21:00,805,3,2,NETBANKING,Success,0,
962,962,5,195679.09,2025-05-02 20:22:00,962,15,2,NEFT,Success,1,Night Transaction
795,795,2,137098.44,2025-05-02 20:23:00,795,20,1,IMPS,Pending,0,
353,353,2,20823.42,2025-05-02 20:24:00,353,23,5,NEFT,Success,0,
82,82,1,73821.34,2025-05-02 20:25:00,82,29,7,IMPS,Success,0,
606,606,5,69913.52,2025-05-02 20:26:00,606,20,3,POS,Success,0,
979,979,4,59305.29,2025-05-02 20:27:00,979,4,5,RTGS,Success,1,Night Transaction
425,425,7,168759.02,2025-05-02 20:28:00,425,18,1,ATM,Success,0,
718,718,1,165285.65,2025-05-02 20:29:00,718,17,4,NEFT,Success,0,
282,282,8,52217.42,2025-05-02 20:30:00,282,12,7,ATM,Success,0,
603,603,10,64602.15,2025-05-02 20:31:00,603,6,8,NETBANKING,Success,0,
584,584,2,150796.51,2025-05-02 20:32:00,584,30,9,UPI,Success,0,
850,850,9,47286.99,2025-05-02 20:33:00,850,13,4,IMPS,Success,0,
882,882,4,135057.31,2025-05-02 20:34:00,882,8,10,POS,Success,0,
208,208,5,114810.62,2025-05-02 20:35:00,208,5,4,POS,Success,0,
925,925,10,106376.15,2025-05-02 20:36:00,925,11,5,IMPS,Success,0,
714,714,6,6343.11,2025-05-02 20:37:00,714,14,9,POS,Success,0,
315,315,7,66298.03,2025-05-02 20:38:00,315,29,5,ATM,Success,0,
540,540,8,129660.18,2025-05-02 20:39:00,540,24,10,NETBANKING,Success,0,
994,994,7,65144.68,2025-05-02 20:40:00,994,16,4,NETBANKING,Success,0,
237,237,6,114578.46,2025-05-02 20:41:00,237,28,4,IMPS,Success,0,
714,714,5,97106.42,2025-05-02 20:42:00,714,15,4,NEFT,Success,0,
781,781,6,79768.04,2025-05-02 20:43:00,781,7,5,POS,Success,0,
101,101,5,182552.22,2025-05-02 20:44:00,101,10,6,NEFT,Success,0,
761,761,3,81815.21,2025-05-02 20:45:00,761,28,2,RTGS,Success,0,
443,443,3,20453.76,2025-05-02 20:46:00,443,7,8,RTGS,Success,0,
256,256,3,148286.22,2025-05-02 20:47:00,256,18,4,IMPS,Success,0,
438,438,10,59647.47,2025-05-02 20:48:00,438,12,3,IMPS,Success,0,
303,303,4,17304.28,2025-05-02 20:49:00,303,18,9,POS,Success,0,
955,955,3,198530.86,2025-05-02 20:50:00,955,15,4,RTGS,Success,0,
251,251,4,19145.78,2025-05-02 20:51:00,251,15,10,NETBANKING,Success,0,
610,610,4,194970.22,2025-05-02 20:52:00,610,7,8,NETBANKING,Success,0,
200,200,4,184006.91,2025-05-02 20:53:00,200,10,2,NETBANKING,Success,0,
61,61,6,15280.38,2025-05-02 20:54:00,61,21,1,UPI,Success,0,
70,70,3,80708.15,2025-05-02 20:55:00,70,28,2,UPI,Success,0,
369,369,3,92151.55,2025-05-02 20:56:00,369,12,6,POS,Success,0,
698,698,3,175614.61,2025-05-02 20:57:00,698,10,4,ATM,Success,0,
703,703,7,72555.47,2025-05-02 20:58:00,703,11,2,UPI,Success,0,
59,59,9,56706.86,2025-05-02 20:59:00,59,22,4,RTGS,Success,0,
203,203,7,175416.04,2025-05-02 21:00:00,203,10,5,NEFT,Success,0,
949,949,6,55821.97,2025-05-02 21:01:00,949,4,8,POS,Success,0,
361,361,9,183831.62,2025-05-02 21:02:00,361,19,1,IMPS,Success,0,
391,391,6,46999.18,2025-05-02 21:03:00,391,6,9,ATM,Success,0,
207,207,10,107580.82,2025-05-02 21:04:00,207,27,4,UPI,Success,0,
633,633,5,58845.84,2025-05-02 21:05:00,633,16,8,UPI,Success,0,
860,860,10,101380.33,2025-05-02 21:06:00,860,19,10,NEFT,Success,0,
3,3,9,51360.53,2025-05-02 21:07:00,3,30,7,NETBANKING,Pending,0,
814,814,4,99099.35,2025-05-02 21:08:00,814,18,3,ATM,Success,0,
449,449,10,1056.66,2025-05-02 21:09:00,449,7,3,NETBANKING,Success,0,
288,288,7,186511.53,2025-05-02 21:10:00,288,1,5,NEFT,Success,0,
282,282,2,70528.88,2025-05-02 21:11:00,282,29,4,NEFT,Success,0,
496,496,6,154445.1,2025-05-02 21:12:00,496,1,4,RTGS,Pending,0,
671,671,8,155377.65,2025-05-02 21:13:00,671,1,7,NETBANKING,Success,0,
498,498,6,91123.4,2025-05-02 21:14:00,498,19,3,IMPS,Success,1,Night Transaction
356,356,8,104162.0,2025-05-02 21:15:00,356,19,8,IMPS,Success,0,
534,534,2,119794.9,2025-05-02 21:16:00,534,1,9,IMPS,Success,0,
120,120,4,41071.48,2025-05-02 21:17:00,120,17,7,NEFT,Success,0,
203,203,2,56147.07,2025-05-02 21:18:00,203,28,1,IMPS,Success,0,
479,479,1,50444.71,2025-05-02 21:19:00,479,23,8,NETBANKING,Success,0,
967,967,7,124980.58,2025-05-02 21:20:00,967,29,1,POS,Success,0,
655,655,4,124689.73,2025-05-02 21:21:00,655,8,6,ATM,Success,0,
482,482,4,175888.02,2025-05-02 21:22:00,482,12,4,POS,Success,1,Night Transaction
847,847,6,36871.48,2025-05-02 21:23:00,847,20,5,NEFT,Success,0,
657,657,10,179104.93,2025-05-02 21:24:00,657,20,7,RTGS,Success,0,
535,535,10,154048.03,2025-05-02 21:25:00,535,19,6,NEFT,Success,0,
85,85,3,69321.31,2025-05-02 21:26:00,85,10,6,IMPS,Success,0,
579,579,1,142532.1,2025-05-02 21:27:00,579,10,10,IMPS,Success,0,
360,360,3,156050.09,2025-05-02 21:28:00,360,25,1,UPI,Success,0,
218,218,2,179219.21,2025-05-02 21:29:00,218,14,9,NETBANKING,Success,0,
929,929,1,97248.31,2025-05-02 21:30:00,929,14,5,ATM,Failed,0,
864,864,3,145603.21,2025-05-02 21:31:00,864,26,10,UPI,Success,0,
471,471,5,167157.98,2025-05-02 21:32:00,471,22,8,NEFT,Pending,0,
960,960,2,164811.68,2025-05-02 21:33:00,960,3,4,IMPS,Success,0,
280,280,3,64024.82,2025-05-02 21:34:00,280,15,6,ATM,Success,0,
122,122,3,39924.95,2025-05-02 21:35:00,122,1,9,POS,Success,0,
467,467,10,38997.49,2025-05-02 21:36:00,467,6,5,ATM,Success,0,
630,630,9,96342.5,2025-05-02 21:37:00,630,3,9,ATM,Success,0,
361,361,10,76027.99,2025-05-02 21:38:00,361,17,5,RTGS,Success,0,
35,35,3,65787.96,2025-05-02 21:39:00,35,18,3,NETBANKING,Success,0,
707,707,10,35891.46,2025-05-02 21:40:00,707,9,3,NEFT,Success,0,
357,357,8,63710.72,2025-05-02 21:41:00,357,18,2,IMPS,Success,0,
601,601,6,8084.28,2025-05-02 21:42:00,601,5,7,RTGS,Success,0,
797,797,5,111436.84,2025-05-02 21:43:00,797,25,4,RTGS,Success,0,
27,27,10,82224.33,2025-05-02 21:44:00,27,30,4,POS,Success,0,
433,433,10,118542.77,2025-05-02 21:45:00,433,10,5,RTGS,Success,0,
213,213,9,177814.96,2025-05-02 21:46:00,213,16,3,UPI,Success,0,
344,344,6,58918.84,2025-05-02 21:47:00,344,2,9,POS,Success,0,
438,438,8,93124.62,2025-05-02 21:48:00,438,6,1,NETBANKING,Success,0,
365,365,6,65034.45,2025-05-02 21:49:00,365,11,1,NETBANKING,Success,0,
311,311,2,185347.77,2025-05-02 21:50:00,311,27,10,ATM,Failed,0,
812,812,10,63483.97,2025-05-02 21:51:00,812,18,3,RTGS,Failed,0,
753,753,10,69531.63,2025-05-02 21:52:00,753,1,9,RTGS,Success,0,
548,548,1,37169.55,2025-05-02 21:53:00,548,7,8,RTGS,Success,0,
136,136,9,181173.67,2025-05-02 21:54:00,136,14,2,POS,Success,0,
281,281,3,11179.69,2025-05-02 21:55:00,281,29,3,POS,Success,0,
897,897,3,154715.64,2025-05-02 21:56:00,897,3,8,UPI,Success,0,
856,856,3,157218.89,2025-05-02 21:57:00,856,7,6,NETBANKING,Success,0,
482,482,7,83891.25,2025-05-02 21:58:00,482,4,7,ATM,Success,0,
742,742,6,132707.08,2025-05-02 21:59:00,742,26,2,RTGS,Success,0,
150,150,9,27341.08,2025-05-02 22:00:00,150,24,9,NEFT,Success,0,
819,819,9,38701.83,2025-05-02 22:01:00,819,8,8,RTGS,Success,0,
891,891,9,91066.78,2025-05-02 22:02:00,891,15,9,POS,Success,0,
393,393,8,35285.27,2025-05-02 22:03:00,393,21,5,RTGS,Success,0,
792,792,4,171846.26,2025-05-02 22:04:00,792,26,8,NETBANKING,Success,0,
20,20,4,113777.82,2025-05-02 22:05:00,20,14,5,UPI,Success,0,
484,484,3,86627.9,2025-05-02 22:06:00,484,1,10,ATM,Success,0,
97,97,6,148067.35,2025-05-02 22:07:00,97,10,3,UPI,Success,0,
543,543,8,53497.84,2025-05-02 22:08:00,543,5,8,RTGS,Success,0,
957,957,10,13893.97,2025-05-02 22:09:00,957,29,10,POS,Success,0,
505,505,2,75607.29,2025-05-02 22:10:00,505,24,1,POS,Success,0,
263,263,1,192410.29,2025-05-02 22:11:00,263,22,5,POS,Success,0,
353,353,3,12373.29,2025-05-02 22:12:00,353,30,8,NETBANKING,Success,0,
828,828,2,73004.19,2025-05-02 22:13:00,828,23,6,IMPS,Success,0,
626,626,10,13790.96,2025-05-02 22:14:00,626,11,4,ATM,Success,0,
967,967,10,189573.79,2025-05-02 22:15:00,967,9,7,ATM,Success,0,
33,33,8,177121.76,2025-05-02 22:16:00,33,25,7,POS,Pending,0,
906,906,3,146882.79,2025-05-02 22:17:00,906,24,7,NEFT,Success,0,
155,155,6,34421.21,2025-05-02 22:18:00,155,14,6,ATM,Success,0,
824,824,2,171041.78,2025-05-02 22:19:00,824,18,5,POS,Pending,0,
627,627,3,33149.06,2025-05-02 22:20:00,627,8,6,NETBANKING,Success,0,
720,720,7,155509.58,2025-05-02 22:21:00,720,17,6,IMPS,Success,0,
907,907,7,76137.43,2025-05-02 22:22:00,907,10,7,NEFT,Success,0,
656,656,1,121684.55,2025-05-02 22:23:00,656,12,7,NETBANKING,Success,0,
788,788,7,63697.33,2025-05-02 22:24:00,788,10,6,RTGS,Success,0,
916,916,7,66437.53,2025-05-02 22:25:00,916,15,3,IMPS,Success,0,
317,317,1,146424.94,2025-05-02 22:26:00,317,1,10,NETBANKING,Pending,1,New Device Transaction
418,418,9,101139.99,2025-05-02 22:27:00,418,13,10,IMPS,Success,0,
414,414,10,165916.67,2025-05-02 22:28:00,414,24,6,POS,Success,0,
397,397,8,131327.36,2025-05-02 22:29:00,397,28,7,NEFT,Failed,0,
484,484,6,62183.57,2025-05-02 22:30:00,484,21,3,IMPS,Success,0,
338,338,9,51494.15,2025-05-02 22:31:00,338,23,4,NETBANKING,Success,0,
226,226,1,63483.59,2025-05-02 22:32:00,226,11,10,POS,Success,0,
323,323,9,195617.47,2025-05-02 22:33:00,323,17,8,IMPS,Success,0,
379,379,3,123917.81,2025-05-02 22:34:00,379,12,6,IMPS,Success,0,
7,7,4,60547.83,2025-05-02 22:35:00,7,26,8,RTGS,Success,0,
351,351,8,46528.4,2025-05-02 22:36:00,351,21,10,NETBANKING,Success,0,
994,994,5,114953.79,2025-05-02 22:37:00,994,5,1,NEFT,Success,0,
892,892,3,133994.9,2025-05-02 22:38:00,892,26,6,NETBANKING,Success,0,
437,437,6,147615.08,2025-05-02 22:39:00,437,6,10,NETBANKING,Success,0,
470,470,3,188527.92,2025-05-02 22:40:00,470,20,3,POS,Success,0,
539,539,8,168902.67,2025-05-02 22:41:00,539,21,1,UPI,Success,0,
999,999,10,18497.23,2025-05-02 22:42:00,999,23,10,RTGS,Success,0,
246,246,6,50467.34,2025-05-02 22:43:00,246,27,4,POS,Success,0,
889,889,3,153125.06,2025-05-02 22:44:00,889,10,4,NETBANKING,Success,0,
613,613,10,54956.0,2025-05-02 22:45:00,613,19,8,NEFT,Success,0,
64,64,6,43433.76,2025-05-02 22:46:00,64,29,5,RTGS,Success,0,
603,603,8,197563.64,2025-05-02 22:47:00,603,29,8,NETBANKING,Success,0,
641,641,1,145936.37,2025-05-02 22:48:00,641,14,8,UPI,Success,0,
998,998,5,153832.74,2025-05-02 22:49:00,998,18,10,RTGS,Success,0,
298,298,8,8475.98,2025-05-02 22:50:00,298,14,8,NEFT,Failed,0,
641,641,5,196866.91,2025-05-02 22:51:00,641,17,9,NEFT,Success,0,
778,778,3,155804.0,2025-05-02 22:52:00,778,11,9,IMPS,Pending,0,
136,136,7,21780.74,2025-05-02 22:53:00,136,13,10,NEFT,Success,0,
642,642,8,171072.11,2025-05-02 22:54:00,642,29,8,RTGS,Success,0,
437,437,6,168921.26,2025-05-02 22:55:00,437,19,4,NETBANKING,Success,0,
578,578,3,167054.39,2025-05-02 22:56:00,578,28,6,POS,Success,0,
309,309,8,33701.68,2025-05-02 22:57:00,309,4,2,UPI,Success,0,
458,458,2,53315.57,2025-05-02 22:58:00,458,1,1,IMPS,Success,0,
109,109,9,53739.54,2025-05-02 22:59:00,109,12,2,UPI,Success,0,
42,42,6,147934.17,2025-05-02 23:00:00,42,5,8,UPI,Success,0,
308,308,9,83594.33,2025-05-02 23:01:00,308,28,4,NETBANKING,Success,0,
491,491,1,88780.67,2025-05-02 23:02:00,491,27,3,IMPS,Success,0,
643,643,8,28422.35,2025-05-02 23:03:00,643,5,9,RTGS,Success,1,New Device Transaction
389,389,8,49686.55,2025-05-02 23:04:00,389,6,1,IMPS,Success,0,
915,915,5,126969.93,2025-05-02 23:05:00,915,8,10,UPI,Success,0,
942,942,4,106852.01,2025-05-02 23:06:00,942,17,3,POS,Failed,0,
902,902,5,148323.76,2025-05-02 23:07:00,902,12,1,NEFT,Failed,0,
348,348,4,152796.95,2025-05-02 23:08:00,348,30,7,POS,Pending,0,
605,605,7,133500.27,2025-05-02 23:09:00,605,21,3,ATM,Success,0,
180,180,4,73303.81,2025-05-02 23:10:00,180,15,7,RTGS,Success,1,Foreign Location
457,457,9,60425.42,2025-05-02 23:11:00,457,25,6,IMPS,Success,0,
728,728,1,186656.14,2025-05-02 23:12:00,728,5,5,UPI,Failed,0,
307,307,8,31535.84,2025-05-02 23:13:00,307,15,5,POS,Success,0,
556,556,7,114969.32,2025-05-02 23:14:00,556,28,7,UPI,Success,0,
641,641,2,92807.39,2025-05-02 23:15:00,641,15,8,UPI,Success,0,
572,572,10,121762.91,2025-05-02 23:16:00,572,14,9,UPI,Success,0,
423,423,9,48256.9,2025-05-02 23:17:00,423,25,7,UPI,Failed,1,Multiple Transactions
297,297,8,109546.88,2025-05-02 23:18:00,297,12,6,NEFT,Success,0,
445,445,1,155623.24,2025-05-02 23:19:00,445,2,5,ATM,Success,0,
170,170,3,94768.08,2025-05-02 23:20:00,170,18,3,RTGS,Success,0,
525,525,2,175164.43,2025-05-02 23:21:00,525,10,9,NEFT,Success,1,High Amount Transaction
408,408,2,55985.05,2025-05-02 23:22:00,408,28,3,NEFT,Success,0,
979,979,6,197451.0,2025-05-02 23:23:00,979,23,4,IMPS,Success,0,
910,910,9,185120.89,2025-05-02 23:24:00,910,3,1,POS,Success,0,
90,90,6,39477.38,2025-05-02 23:25:00,90,15,6,RTGS,Success,1,Night Transaction
401,401,8,173810.4,2025-05-02 23:26:00,401,6,5,NETBANKING,Success,0,
793,793,1,28261.11,2025-05-02 23:27:00,793,9,1,UPI,Success,0,
424,424,8,122443.95,2025-05-02 23:28:00,424,20,4,IMPS,Success,0,
812,812,2,149196.54,2025-05-02 23:29:00,812,30,5,UPI,Success,0,
986,986,6,54273.89,2025-05-02 23:30:00,986,5,7,NEFT,Success,0,
980,980,10,52885.27,2025-05-02 23:31:00,980,13,4,POS,Success,0,
563,563,10,188879.34,2025-05-02 23:32:00,563,26,7,POS,Success,0,
254,254,6,127999.75,2025-05-02 23:33:00,254,5,1,ATM,Success,0,
157,157,4,161181.0,2025-05-02 23:34:00,157,8,7,NEFT,Success,0,
962,962,9,157226.53,2025-05-02 23:35:00,962,21,8,UPI,Success,0,
329,329,2,37282.45,2025-05-02 23:36:00,329,1,7,NEFT,Success,0,
456,456,8,163186.75,2025-05-02 23:37:00,456,12,4,UPI,Success,0,
10,10,6,49716.81,2025-05-02 23:38:00,10,15,8,ATM,Success,0,
340,340,1,101283.18,2025-05-02 23:39:00,340,21,3,NETBANKING,Success,0,
662,662,3,88294.84,2025-05-02 23:40:00,662,9,1,NETBANKING,Success,0,
179,179,5,73864.6,2025-05-02 23:41:00,179,24,6,NEFT,Success,0,
111,111,4,48670.65,2025-05-02 23:42:00,111,17,9,NETBANKING,Success,0,
998,998,4,118.37,2025-05-02 23:43:00,998,5,8,UPI,Success,0,
214,214,4,62093.07,2025-05-02 23:44:00,214,9,1,UPI,Success,0,
300,300,3,191432.5,2025-05-02 23:45:00,300,24,9,UPI,Success,0,
853,853,5,102632.15,2025-05-02 23:46:00,853,14,9,ATM,Success,0,
285,285,2,169352.55,2025-05-02 23:47:00,285,21,2,NETBANKING,Success,0,
331,331,7,2234.87,2025-05-02 23:48:00,331,10,9,IMPS,Failed,0,
393,393,7,117564.18,2025-05-02 23:49:00,393,10,3,ATM,Success,0,
665,665,2,192669.09,2025-05-02 23:50:00,665,16,9,ATM,Success,0,
202,202,10,184438.94,2025-05-02 23:51:00,202,13,4,UPI,Success,0,
314,314,4,86436.89,2025-05-02 23:52:00,314,9,3,IMPS,Success,0,
747,747,4,70225.02,2025-05-02 23:53:00,747,20,5,ATM,Success,0,
967,967,3,189435.43,2025-05-02 23:54:00,967,19,1,UPI,Success,0,
745,745,3,80373.09,2025-05-02 23:55:00,745,17,7,UPI,Success,0,
512,512,4,95529.4,2025-05-02 23:56:00,512,28,6,NEFT,Success,0,
334,334,6,23591.41,2025-05-02 23:57:00,334,15,10,IMPS,Success,0,
533,533,3,173961.74,2025-05-02 23:58:00,533,9,7,UPI,Success,0,
385,385,3,125882.29,2025-05-02 23:59:00,385,27,10,POS,Success,0,
837,837,1,196747.21,2025-05-03 00:00:00,837,1,6,RTGS,Success,0,
956,956,10,48298.9,2025-05-03 00:01:00,956,20,10,NETBANKING,Success,0,
396,396,1,107873.92,2025-05-03 00:02:00,396,30,6,ATM,Pending,0,
437,437,5,127483.33,2025-05-03 00:03:00,437,14,7,POS,Success,1,Multiple Transactions
601,601,4,82877.14,2025-05-03 00:04:00,601,25,1,NETBANKING,Success,0,
109,109,6,150453.05,2025-05-03 00:05:00,109,27,4,IMPS,Pending,0,
396,396,2,54181.96,2025-05-03 00:06:00,396,28,4,ATM,Success,0,
912,912,7,109318.25,2025-05-03 00:07:00,912,13,10,RTGS,Success,0,
340,340,10,102387.94,2025-05-03 00:08:00,340,5,3,UPI,Failed,0,
4,4,5,110210.01,2025-05-03 00:09:00,4,5,7,NETBANKING,Success,0,
855,855,9,162729.38,2025-05-03 00:10:00,855,26,7,IMPS,Failed,0,
272,272,1,193911.93,2025-05-03 00:11:00,272,11,7,NEFT,Success,0,
167,167,10,102150.78,2025-05-03 00:12:00,167,17,1,RTGS,Success,0,
305,305,8,83665.18,2025-05-03 00:13:00,305,8,3,NEFT,Failed,0,
111,111,10,149284.44,2025-05-03 00:14:00,111,19,6,IMPS,Success,0,
512,512,8,106014.61,2025-05-03 00:15:00,512,15,7,NETBANKING,Success,0,
935,935,5,120379.43,2025-05-03 00:16:00,935,28,2,POS,Success,0,
415,415,7,28141.92,2025-05-03 00:17:00,415,4,1,UPI,Success,0,
59,59,3,89586.78,2025-05-03 00:18:00,59,3,9,IMPS,Success,0,
264,264,7,135379.03,2025-05-03 00:19:00,264,15,7,NETBANKING,Success,0,
574,574,4,81690.68,2025-05-03 00:20:00,574,1,6,NEFT,Success,0,
351,351,9,141415.49,2025-05-03 00:21:00,351,20,2,UPI,Success,0,
38,38,10,192072.27,2025-05-03 00:22:00,38,18,7,IMPS,Success,0,
969,969,9,143260.69,2025-05-03 00:23:00,969,21,6,UPI,Success,0,
76,76,4,104041.37,2025-05-03 00:24:00,76,2,4,IMPS,Success,0,
910,910,5,37619.7,2025-05-03 00:25:00,910,18,2,RTGS,Pending,0,
197,197,4,39721.57,2025-05-03 00:26:00,197,19,2,NETBANKING,Success,0,
523,523,6,29407.48,2025-05-03 00:27:00,523,26,8,NETBANKING,Success,0,
873,873,9,36735.56,2025-05-03 00:28:00,873,4,3,RTGS,Success,0,
750,750,2,198278.76,2025-05-03 00:29:00,750,5,1,ATM,Success,0,
621,621,6,41814.32,2025-05-03 00:30:00,621,15,2,UPI,Success,0,
236,236,3,36800.24,2025-05-03 00:31:00,236,30,9,UPI,Pending,0,
576,576,7,107648.97,2025-05-03 00:32:00,576,30,9,NEFT,Success,0,
755,755,9,154068.18,2025-05-03 00:33:00,755,24,10,POS,Success,0,
718,718,1,33186.45,2025-05-03 00:34:00,718,11,8,RTGS,Failed,0,
748,748,10,170353.43,2025-05-03 00:35:00,748,24,1,NETBANKING,Success,0,
808,808,8,99961.08,2025-05-03 00:36:00,808,19,2,NEFT,Success,0,
786,786,5,172013.1,2025-05-03 00:37:00,786,8,9,POS,Success,0,
995,995,5,81629.46,2025-05-03 00:38:00,995,6,5,POS,Success,1,Night Transaction
435,435,4,1815.31,2025-05-03 00:39:00,435,29,7,NEFT,Success,0,
451,451,1,99438.41,2025-05-03 00:40:00,451,29,6,NEFT,Success,0,
500,500,5,160852.91,2025-05-03 00:41:00,500,22,8,ATM,Success,0,
858,858,9,155493.12,2025-05-03 00:42:00,858,12,4,NETBANKING,Success,1,Foreign Location
680,680,8,39720.43,2025-05-03 00:43:00,680,18,7,IMPS,Success,0,
665,665,10,177246.15,2025-05-03 00:44:00,665,20,9,ATM,Success,0,
945,945,2,176147.6,2025-05-03 00:45:00,945,10,7,NEFT,Success,0,
63,63,9,47466.14,2025-05-03 00:46:00,63,28,10,ATM,Success,0,
480,480,10,153687.04,2025-05-03 00:47:00,480,30,1,NETBANKING,Failed,1,New Device Transaction
461,461,6,1396.39,2025-05-03 00:48:00,461,2,1,RTGS,Success,0,
138,138,3,165119.35,2025-05-03 00:49:00,138,13,8,NETBANKING,Success,0,
475,475,6,75769.67,2025-05-03 00:50:00,475,3,1,NETBANKING,Success,0,
51,51,9,159339.91,2025-05-03 00:51:00,51,3,6,POS,Success,0,
481,481,3,199701.72,2025-05-03 00:52:00,481,15,1,UPI,Success,0,
696,696,1,73676.29,2025-05-03 00:53:00,696,11,9,UPI,Success,0,
710,710,1,47242.12,2025-05-03 00:54:00,710,25,6,NEFT,Success,0,
585,585,2,183627.13,2025-05-03 00:55:00,585,6,3,IMPS,Success,0,
640,640,3,140679.85,2025-05-03 00:56:00,640,3,8,IMPS,Success,0,
480,480,8,126944.5,2025-05-03 00:57:00,480,2,4,IMPS,Success,0,
982,982,7,131377.33,2025-05-03 00:58:00,982,18,7,NEFT,Success,0,
21,21,1,709.38,2025-05-03 00:59:00,21,20,3,IMPS,Success,0,
365,365,6,74257.66,2025-05-03 01:00:00,365,12,6,IMPS,Success,0,
21,21,1,53552.25,2025-05-03 01:01:00,21,15,8,IMPS,Success,1,High Amount Transaction
608,608,7,194424.87,2025-05-03 01:02:00,608,10,10,NEFT,Success,0,
301,301,10,138252.55,2025-05-03 01:03:00,301,23,6,IMPS,Success,0,
117,117,2,139756.49,2025-05-03 01:04:00,117,9,5,RTGS,Success,0,
384,384,7,189700.74,2025-05-03 01:05:00,384,25,3,RTGS,Success,0,
527,527,3,72718.99,2025-05-03 01:06:00,527,18,3,UPI,Success,0,
64,64,1,17468.92,2025-05-03 01:07:00,64,9,2,NEFT,Success,0,
827,827,9,80500.25,2025-05-03 01:08:00,827,20,6,POS,Success,1,Night Transaction
135,135,8,135082.67,2025-05-03 01:09:00,135,2,2,POS,Success,0,
92,92,3,23178.32,2025-05-03 01:10:00,92,20,5,IMPS,Success,0,
717,717,4,84003.4,2025-05-03 01:11:00,717,15,6,ATM,Success,0,
808,808,1,167310.58,2025-05-03 01:12:00,808,16,2,POS,Success,0,
453,453,1,53576.86,2025-05-03 01:13:00,453,15,10,POS,Success,0,
319,319,2,122907.73,2025-05-03 01:14:00,319,2,8,NETBANKING,Success,0,
747,747,4,118303.55,2025-05-03 01:15:00,747,21,9,IMPS,Success,0,
228,228,4,17221.58,2025-05-03 01:16:00,228,28,6,NEFT,Success,1,Night Transaction
289,289,4,52941.75,2025-05-03 01:17:00,289,17,1,ATM,Success,0,
958,958,6,111761.62,2025-05-03 01:18:00,958,21,5,ATM,Success,0,
564,564,4,30332.15,2025-05-03 01:19:00,564,15,8,IMPS,Success,0,
226,226,9,163212.67,2025-05-03 01:20:00,226,12,7,NEFT,Success,0,
66,66,6,46644.09,2025-05-03 01:21:00,66,9,7,POS,Success,0,
652,652,8,95281.21,2025-05-03 01:22:00,652,17,2,NEFT,Failed,0,
838,838,6,108809.19,2025-05-03 01:23:00,838,25,9,POS,Success,0,
414,414,7,54018.07,2025-05-03 01:24:00,414,18,3,UPI,Success,0,
757,757,1,104655.06,2025-05-03 01:25:00,757,12,3,NETBANKING,Failed,0,
838,838,9,20223.51,2025-05-03 01:26:00,838,24,1,IMPS,Failed,1,Night Transaction
409,409,1,72654.48,2025-05-03 01:27:00,409,5,2,NETBANKING,Success,0,
725,725,3,188712.95,2025-05-03 01:28:00,725,22,7,NETBANKING,Success,0,
825,825,1,179093.15,2025-05-03 01:29:00,825,2,2,UPI,Pending,0,
644,644,3,77752.11,2025-05-03 01:30:00,644,17,3,UPI,Success,0,
693,693,2,2854.58,2025-05-03 01:31:00,693,15,10,UPI,Success,0,
68,68,8,17698.51,2025-05-03 01:32:00,68,5,1,POS,Success,0,
174,174,7,194868.48,2025-05-03 01:33:00,174,21,5,POS,Success,0,
795,795,4,70908.36,2025-05-03 01:34:00,795,27,9,ATM,Success,0,
410,410,9,187098.52,2025-05-03 01:35:00,410,1,10,IMPS,Success,0,
462,462,7,30382.56,2025-05-03 01:36:00,462,30,2,POS,Success,0,
110,110,10,180304.43,2025-05-03 01:37:00,110,22,4,UPI,Success,0,
600,600,4,44647.0,2025-05-03 01:38:00,600,18,2,RTGS,Success,0,
238,238,7,122669.0,2025-05-03 01:39:00,238,24,8,ATM,Success,0,
247,247,3,134720.99,2025-05-03 01:40:00,247,1,9,POS,Success,1,New Device Transaction
858,858,9,98244.92,2025-05-03 01:41:00,858,29,9,UPI,Success,0,
145,145,8,118665.65,2025-05-03 01:42:00,145,11,3,ATM,Success,0,
726,726,10,190184.43,2025-05-03 01:43:00,726,4,9,NETBANKING,Success,0,
969,969,8,36855.45,2025-05-03 01:44:00,969,8,7,UPI,Success,0,
659,659,7,55637.09,2025-05-03 01:45:00,659,20,2,UPI,Success,0,
550,550,3,31717.97,2025-05-03 01:46:00,550,12,10,RTGS,Success,0,
385,385,6,75898.57,2025-05-03 01:47:00,385,27,7,POS,Success,0,
755,755,7,19518.2,2025-05-03 01:48:00,755,5,8,POS,Success,0,
312,312,6,189416.43,2025-05-03 01:49:00,312,28,10,NETBANKING,Success,0,
929,929,5,161649.7,2025-05-03 01:50:00,929,27,10,IMPS,Success,0,
314,314,2,166580.0,2025-05-03 01:51:00,314,5,4,NEFT,Success,0,
446,446,5,50855.64,2025-05-03 01:52:00,446,15,7,NEFT,Success,0,
863,863,8,53157.98,2025-05-03 01:53:00,863,19,5,UPI,Success,0,
36,36,9,51813.98,2025-05-03 01:54:00,36,5,3,NETBANKING,Success,0,
649,649,9,23970.92,2025-05-03 01:55:00,649,8,6,RTGS,Success,0,
66,66,5,97380.4,2025-05-03 01:56:00,66,24,6,RTGS,Success,0,
397,397,5,147025.01,2025-05-03 01:57:00,397,20,9,NETBANKING,Success,0,
152,152,1,76853.36,2025-05-03 01:58:00,152,8,7,RTGS,Success,0,
859,859,7,80282.63,2025-05-03 01:59:00,859,27,1,IMPS,Success,0,
816,816,8,15689.42,2025-05-03 02:00:00,816,15,5,NETBANKING,Pending,0,
285,285,3,188671.86,2025-05-03 02:01:00,285,3,6,IMPS,Success,0,
556,556,3,111174.2,2025-05-03 02:02:00,556,16,9,POS,Success,0,
617,617,8,109096.18,2025-05-03 02:03:00,617,23,6,NEFT,Success,0,
438,438,2,172688.98,2025-05-03 02:04:00,438,18,6,POS,Success,0,
435,435,3,13970.52,2025-05-03 02:05:00,435,10,1,IMPS,Success,0,
806,806,8,17504.54,2025-05-03 02:06:00,806,2,1,IMPS,Success,0,
236,236,3,96024.35,2025-05-03 02:07:00,236,24,8,NEFT,Success,0,
424,424,10,75116.31,2025-05-03 02:08:00,424,3,5,UPI,Success,0,
457,457,3,67705.35,2025-05-03 02:09:00,457,17,8,ATM,Success,0,
263,263,7,159820.44,2025-05-03 02:10:00,263,3,6,ATM,Success,0,
407,407,3,94379.56,2025-05-03 02:11:00,407,29,9,UPI,Success,0,
36,36,6,37156.86,2025-05-03 02:12:00,36,13,9,POS,Success,0,
137,137,1,173444.74,2025-05-03 02:13:00,137,8,7,RTGS,Pending,0,
4,4,4,157263.82,2025-05-03 02:14:00,4,9,7,IMPS,Success,0,
628,628,6,105750.09,2025-05-03 02:15:00,628,14,2,IMPS,Success,0,
687,687,5,118764.65,2025-05-03 02:16:00,687,29,6,ATM,Success,0,
620,620,2,196633.09,2025-05-03 02:17:00,620,15,5,RTGS,Success,0,
229,229,5,187806.58,2025-05-03 02:18:00,229,6,8,IMPS,Pending,0,
195,195,2,144210.73,2025-05-03 02:19:00,195,7,1,NETBANKING,Success,0,
112,112,4,58283.94,2025-05-03 02:20:00,112,13,1,NEFT,Success,0,
390,390,1,46327.36,2025-05-03 02:21:00,390,17,8,UPI,Success,0,
89,89,9,118032.98,2025-05-03 02:22:00,89,10,1,POS,Success,0,
504,504,4,86179.81,2025-05-03 02:23:00,504,11,5,POS,Failed,0,
991,991,7,88685.18,2025-05-03 02:24:00,991,18,10,NETBANKING,Success,0,
940,940,10,67965.67,2025-05-03 02:25:00,940,15,8,RTGS,Success,0,
210,210,2,115783.02,2025-05-03 02:26:00,210,5,5,NEFT,Success,0,
152,152,10,152687.93,2025-05-03 02:27:00,152,27,5,ATM,Success,0,
227,227,6,127849.13,2025-05-03 02:28:00,227,2,4,NETBANKING,Success,1,Foreign Location
247,247,6,111035.13,2025-05-03 02:29:00,247,23,3,NETBANKING,Pending,0,
322,322,3,98559.71,2025-05-03 02:30:00,322,6,4,POS,Success,0,
411,411,3,30527.59,2025-05-03 02:31:00,411,11,5,ATM,Success,0,
223,223,7,58866.65,2025-05-03 02:32:00,223,24,2,NEFT,Success,1,Night Transaction
25,25,1,180658.69,2025-05-03 02:33:00,25,13,8,NETBANKING,Success,0,
893,893,6,5471.8,2025-05-03 02:34:00,893,12,7,IMPS,Success,0,
102,102,3,125248.67,2025-05-03 02:35:00,102,14,4,NEFT,Success,0,
849,849,6,58834.77,2025-05-03 02:36:00,849,28,7,NEFT,Success,0,
997,997,4,112578.97,2025-05-03 02:37:00,997,29,9,NEFT,Success,0,
125,125,2,154964.98,2025-05-03 02:38:00,125,27,5,ATM,Success,0,
119,119,6,17915.71,2025-05-03 02:39:00,119,28,3,NETBANKING,Success,1,High Amount Transaction
474,474,5,93448.79,2025-05-03 02:40:00,474,12,4,ATM,Success,0,
850,850,7,73711.57,2025-05-03 02:41:00,850,22,5,RTGS,Success,0,
308,308,3,139965.98,2025-05-03 02:42:00,308,20,6,NEFT,Failed,0,
758,758,1,114325.72,2025-05-03 02:43:00,758,27,4,POS,Success,0,
195,195,9,152863.75,2025-05-03 02:44:00,195,25,8,UPI,Pending,0,
423,423,5,158609.58,2025-05-03 02:45:00,423,21,10,RTGS,Success,0,
434,434,10,150994.34,2025-05-03 02:46:00,434,28,6,POS,Success,0,
375,375,1,28330.07,2025-05-03 02:47:00,375,2,3,ATM,Success,0,
489,489,9,88541.19,2025-05-03 02:48:00,489,29,5,ATM,Success,0,
201,201,8,159460.4,2025-05-03 02:49:00,201,11,1,POS,Success,0,
224,224,2,156540.59,2025-05-03 02:50:00,224,10,5,RTGS,Success,0,
547,547,6,167011.07,2025-05-03 02:51:00,547,28,3,RTGS,Success,0,
384,384,7,34365.23,2025-05-03 02:52:00,384,6,10,IMPS,Failed,0,
917,917,1,126775.17,2025-05-03 02:53:00,917,26,3,NEFT,Success,0,
204,204,7,438.92,2025-05-03 02:54:00,204,28,6,POS,Success,0,
744,744,10,57753.12,2025-05-03 02:55:00,744,6,8,NEFT,Success,0,
161,161,5,118371.48,2025-05-03 02:56:00,161,11,1,UPI,Success,0,
558,558,6,103682.32,2025-05-03 02:57:00,558,29,10,POS,Success,0,
926,926,10,93859.38,2025-05-03 02:58:00,926,2,3,NETBANKING,Success,0,
311,311,1,169480.37,2025-05-03 02:59:00,311,30,8,POS,Success,0,
924,924,5,156632.57,2025-05-03 03:00:00,924,8,10,RTGS,Success,0,
254,254,5,197896.58,2025-05-03 03:01:00,254,12,10,RTGS,Success,0,
208,208,3,62944.33,2025-05-03 03:02:00,208,4,9,NETBANKING,Success,0,
693,693,8,139097.18,2025-05-03 03:03:00,693,25,5,POS,Success,0,
143,143,2,150752.42,2025-05-03 03:04:00,143,9,9,NETBANKING,Success,0,
46,46,6,172110.8,2025-05-03 03:05:00,46,16,7,NEFT,Success,0,
549,549,3,36929.45,2025-05-03 03:06:00,549,7,6,IMPS,Success,0,
417,417,10,189428.58,2025-05-03 03:07:00,417,11,3,NEFT,Success,0,
682,682,2,105344.33,2025-05-03 03:08:00,682,20,8,UPI,Success,0,
843,843,1,93737.16,2025-05-03 03:09:00,843,21,8,UPI,Success,0,
311,311,4,18741.86,2025-05-03 03:10:00,311,29,4,POS,Success,1,New Device Transaction
733,733,8,44358.49,2025-05-03 03:11:00,733,10,5,NEFT,Success,0,
66,66,10,160248.44,2025-05-03 03:12:00,66,12,6,NEFT,Success,0,
11,11,3,127174.89,2025-05-03 03:13:00,11,25,9,IMPS,Success,0,
195,195,3,162128.2,2025-05-03 03:14:00,195,27,10,RTGS,Failed,0,
765,765,5,73774.75,2025-05-03 03:15:00,765,23,6,POS,Success,0,
483,483,1,132976.76,2025-05-03 03:16:00,483,26,5,POS,Success,0,
356,356,7,69060.54,2025-05-03 03:17:00,356,5,4,ATM,Success,0,
925,925,5,50912.46,2025-05-03 03:18:00,925,27,5,NETBANKING,Success,0,
243,243,1,12594.7,2025-05-03 03:19:00,243,7,10,NEFT,Success,0,
184,184,5,85439.57,2025-05-03 03:20:00,184,29,2,RTGS,Success,0,
978,978,4,80029.64,2025-05-03 03:21:00,978,6,4,ATM,Success,0,
476,476,7,184404.12,2025-05-03 03:22:00,476,4,2,UPI,Success,0,
287,287,1,120896.18,2025-05-03 03:23:00,287,22,3,IMPS,Success,0,
274,274,8,190302.11,2025-05-03 03:24:00,274,10,1,RTGS,Success,0,
741,741,8,26622.16,2025-05-03 03:25:00,741,25,8,POS,Success,0,
301,301,5,42927.5,2025-05-03 03:26:00,301,20,3,ATM,Pending,0,
356,356,10,125857.58,2025-05-03 03:27:00,356,5,10,UPI,Success,0,
648,648,1,129129.99,2025-05-03 03:28:00,648,18,9,UPI,Success,0,
830,830,9,177063.96,2025-05-03 03:29:00,830,29,10,UPI,Success,0,
829,829,1,92049.72,2025-05-03 03:30:00,829,8,10,UPI,Success,1,High Amount Transaction
933,933,5,142998.37,2025-05-03 03:31:00,933,26,4,UPI,Failed,0,
350,350,1,25097.59,2025-05-03 03:32:00,350,17,2,NEFT,Success,0,
34,34,8,43684.35,2025-05-03 03:33:00,34,28,6,UPI,Pending,0,
383,383,6,116558.19,2025-05-03 03:34:00,383,1,2,POS,Success,0,
582,582,8,156782.66,2025-05-03 03:35:00,582,18,1,ATM,Success,0,
831,831,9,178843.77,2025-05-03 03:36:00,831,20,2,ATM,Success,0,
33,33,5,114974.26,2025-05-03 03:37:00,33,27,3,UPI,Success,0,
637,637,7,94242.37,2025-05-03 03:38:00,637,17,10,ATM,Success,0,
798,798,7,93648.92,2025-05-03 03:39:00,798,4,4,NETBANKING,Success,0,
66,66,10,89459.44,2025-05-03 03:40:00,66,8,2,NEFT,Success,0,
407,407,6,54481.91,2025-05-03 03:41:00,407,12,10,ATM,Success,0,
891,891,10,23217.45,2025-05-03 03:42:00,891,16,2,NEFT,Success,1,New Device Transaction
519,519,4,15913.87,2025-05-03 03:43:00,519,5,4,POS,Pending,0,
223,223,9,198359.38,2025-05-03 03:44:00,223,6,4,POS,Pending,0,
861,861,1,8377.57,2025-05-03 03:45:00,861,11,3,POS,Success,0,
320,320,4,101071.18,2025-05-03 03:46:00,320,10,3,IMPS,Success,0,
243,243,10,113564.38,2025-05-03 03:47:00,243,1,3,NETBANKING,Success,0,
249,249,10,171586.83,2025-05-03 03:48:00,249,30,10,ATM,Success,0,
502,502,2,193793.43,2025-05-03 03:49:00,502,4,2,RTGS,Failed,0,
40,40,6,187388.75,2025-05-03 03:50:00,40,22,1,UPI,Success,0,
465,465,4,121083.03,2025-05-03 03:51:00,465,1,5,ATM,Success,0,
453,453,9,88517.29,2025-05-03 03:52:00,453,12,2,NETBANKING,Success,0,
810,810,4,41061.36,2025-05-03 03:53:00,810,6,5,NETBANKING,Success,0,
670,670,6,127943.36,2025-05-03 03:54:00,670,25,7,NEFT,Success,0,
196,196,6,166095.57,2025-05-03 03:55:00,196,7,2,IMPS,Failed,0,
101,101,2,158540.9,2025-05-03 03:56:00,101,29,4,UPI,Success,0,
199,199,5,116180.86,2025-05-03 03:57:00,199,23,2,POS,Success,0,
156,156,1,143935.35,2025-05-03 03:58:00,156,18,8,IMPS,Success,0,
285,285,1,131820.7,2025-05-03 03:59:00,285,19,3,NEFT,Success,0,
948,948,1,110188.07,2025-05-03 04:00:00,948,23,9,UPI,Success,0,
441,441,1,128293.05,2025-05-03 04:01:00,441,28,10,NEFT,Failed,0,
945,945,5,69838.29,2025-05-03 04:02:00,945,15,10,POS,Success,0,
701,701,3,79577.15,2025-05-03 04:03:00,701,15,7,UPI,Success,0,
478,478,8,124699.34,2025-05-03 04:04:00,478,16,9,ATM,Success,0,
891,891,10,126805.95,2025-05-03 04:05:00,891,15,3,ATM,Success,0,
485,485,8,100689.13,2025-05-03 04:06:00,485,4,6,POS,Success,0,
720,720,8,94704.36,2025-05-03 04:07:00,720,26,3,UPI,Success,0,
600,600,6,4691.4,2025-05-03 04:08:00,600,10,8,POS,Success,0,
501,501,5,13829.51,2025-05-03 04:09:00,501,2,8,ATM,Success,0,
960,960,8,104970.72,2025-05-03 04:10:00,960,11,4,NEFT,Success,0,
165,165,4,160501.56,2025-05-03 04:11:00,165,18,2,NEFT,Success,1,High Amount Transaction
3,3,1,79829.99,2025-05-03 04:12:00,3,16,3,RTGS,Success,0,
582,582,4,73436.77,2025-05-03 04:13:00,582,10,5,NEFT,Success,0,
716,716,6,166280.8,2025-05-03 04:14:00,716,27,1,RTGS,Failed,0,
253,253,10,132219.94,2025-05-03 04:15:00,253,24,8,ATM,Success,0,
42,42,7,6692.91,2025-05-03 04:16:00,42,22,9,NEFT,Failed,0,
422,422,7,14060.86,2025-05-03 04:17:00,422,4,10,NEFT,Success,0,
441,441,4,127158.73,2025-05-03 04:18:00,441,19,2,UPI,Success,0,
554,554,4,57592.67,2025-05-03 04:19:00,554,26,9,NETBANKING,Success,0,
766,766,6,31396.66,2025-05-03 04:20:00,766,8,9,RTGS,Success,0,
641,641,2,132156.84,2025-05-03 04:21:00,641,14,1,IMPS,Success,1,Foreign Location
272,272,4,198727.71,2025-05-03 04:22:00,272,21,2,NETBANKING,Success,0,
925,925,1,3092.41,2025-05-03 04:23:00,925,25,8,POS,Success,0,
151,151,7,31829.91,2025-05-03 04:24:00,151,26,5,IMPS,Success,0,
260,260,8,65593.04,2025-05-03 04:25:00,260,18,2,ATM,Failed,0,
592,592,7,85770.55,2025-05-03 04:26:00,592,9,3,ATM,Pending,0,
326,326,2,129705.04,2025-05-03 04:27:00,326,24,10,NETBANKING,Success,0,
38,38,10,184201.46,2025-05-03 04:28:00,38,6,5,IMPS,Success,0,
781,781,4,19744.6,2025-05-03 04:29:00,781,28,10,UPI,Success,0,
88,88,7,16371.73,2025-05-03 04:30:00,88,7,7,UPI,Success,0,
483,483,1,54635.4,2025-05-03 04:31:00,483,16,9,NETBANKING,Success,0,
68,68,10,62667.72,2025-05-03 04:32:00,68,14,6,RTGS,Success,0,
788,788,7,61665.51,2025-05-03 04:33:00,788,17,6,ATM,Success,0,
437,437,10,146263.81,2025-05-03 04:34:00,437,4,9,NEFT,Success,0,
979,979,1,122041.05,2025-05-03 04:35:00,979,28,5,UPI,Success,0,
125,125,4,63782.37,2025-05-03 04:36:00,125,24,6,NETBANKING,Pending,1,Night Transaction
607,607,5,167661.61,2025-05-03 04:37:00,607,6,4,NEFT,Pending,0,
863,863,6,140422.58,2025-05-03 04:38:00,863,18,7,UPI,Success,0,
158,158,5,129775.01,2025-05-03 04:39:00,158,8,10,POS,Success,0,
216,216,9,197798.62,2025-05-03 04:40:00,216,4,5,UPI,Success,0,
634,634,10,187501.22,2025-05-03 04:41:00,634,14,9,ATM,Success,0,
683,683,4,125478.14,2025-05-03 04:42:00,683,22,4,NEFT,Success,0,
462,462,9,174591.56,2025-05-03 04:43:00,462,16,10,ATM,Success,0,
812,812,1,98732.16,2025-05-03 04:44:00,812,20,2,ATM,Success,1,Multiple Transactions
572,572,1,182161.82,2025-05-03 04:45:00,572,5,5,RTGS,Success,1,High Amount Transaction
487,487,2,112317.03,2025-05-03 04:46:00,487,15,5,NEFT,Success,1,Night Transaction
425,425,7,52646.88,2025-05-03 04:47:00,425,8,7,UPI,Success,0,
94,94,2,6213.71,2025-05-03 04:48:00,94,24,5,NEFT,Success,0,
448,448,10,182378.45,2025-05-03 04:49:00,448,23,4,UPI,Success,0,
752,752,1,162276.41,2025-05-03 04:50:00,752,25,9,NETBANKING,Success,1,Foreign Location
73,73,6,8559.91,2025-05-03 04:51:00,73,22,3,NEFT,Success,0,
922,922,8,140402.34,2025-05-03 04:52:00,922,17,8,UPI,Success,0,
450,450,10,3750.83,2025-05-03 04:53:00,450,5,10,NETBANKING,Success,0,
949,949,2,94420.38,2025-05-03 04:54:00,949,6,6,RTGS,Success,0,
650,650,1,8688.34,2025-05-03 04:55:00,650,2,7,NEFT,Success,0,
141,141,6,10392.14,2025-05-03 04:56:00,141,9,8,NEFT,Failed,1,High Amount Transaction
72,72,5,98648.31,2025-05-03 04:57:00,72,15,8,ATM,Success,0,
525,525,8,194038.86,2025-05-03 04:58:00,525,24,10,NEFT,Success,0,
557,557,8,182282.28,2025-05-03 04:59:00,557,19,4,RTGS,Success,1,New Device Transaction
998,998,7,23070.72,2025-05-03 05:00:00,998,22,2,POS,Success,0,
14,14,5,46080.93,2025-05-03 05:01:00,14,17,2,UPI,Success,0,
247,247,1,35114.53,2025-05-03 05:02:00,247,19,9,POS,Pending,0,
83,83,6,150620.88,2025-05-03 05:03:00,83,20,8,POS,Success,0,
535,535,4,103961.25,2025-05-03 05:04:00,535,14,3,RTGS,Success,0,
19,19,4,192518.03,2025-05-03 05:05:00,19,9,8,UPI,Success,0,
145,145,2,63142.71,2025-05-03 05:06:00,145,19,10,ATM,Success,0,
672,672,8,155832.0,2025-05-03 05:07:00,672,10,9,NETBANKING,Success,0,
734,734,3,107756.45,2025-05-03 05:08:00,734,6,2,ATM,Success,0,
411,411,3,161546.66,2025-05-03 05:09:00,411,6,10,IMPS,Success,0,
444,444,4,93237.09,2025-05-03 05:10:00,444,11,6,UPI,Success,0,
174,174,4,14843.75,2025-05-03 05:11:00,174,26,1,UPI,Success,0,
734,734,4,100111.04,2025-05-03 05:12:00,734,11,8,ATM,Success,0,
253,253,2,5518.9,2025-05-03 05:13:00,253,28,10,RTGS,Pending,0,
219,219,5,171028.61,2025-05-03 05:14:00,219,8,4,NEFT,Success,0,
327,327,6,167080.88,2025-05-03 05:15:00,327,14,3,IMPS,Success,0,
738,738,3,94938.67,2025-05-03 05:16:00,738,25,1,NEFT,Success,1,Foreign Location
737,737,9,198821.86,2025-05-03 05:17:00,737,29,2,RTGS,Success,0,
188,188,4,61015.14,2025-05-03 05:18:00,188,8,5,UPI,Success,0,
514,514,10,128395.58,2025-05-03 05:19:00,514,28,4,RTGS,Success,0,
76,76,9,83885.13,2025-05-03 05:20:00,76,17,4,NETBANKING,Pending,0,
843,843,9,170800.57,2025-05-03 05:21:00,843,18,9,ATM,Success,1,High Amount Transaction
205,205,8,169322.75,2025-05-03 05:22:00,205,1,3,RTGS,Success,0,
873,873,6,95728.65,2025-05-03 05:23:00,873,17,2,UPI,Success,0,
422,422,2,14294.04,2025-05-03 05:24:00,422,19,7,IMPS,Success,1,Night Transaction
805,805,8,68743.35,2025-05-03 05:25:00,805,6,9,NEFT,Pending,0,
603,603,9,34745.36,2025-05-03 05:26:00,603,18,9,POS,Success,0,
260,260,8,83728.16,2025-05-03 05:27:00,260,24,9,NETBANKING,Success,0,
199,199,8,69097.7,2025-05-03 05:28:00,199,9,4,UPI,Success,1,High Amount Transaction
595,595,5,113380.44,2025-05-03 05:29:00,595,17,5,POS,Success,0,
161,161,3,45972.63,2025-05-03 05:30:00,161,17,4,POS,Success,0,
831,831,10,51436.5,2025-05-03 05:31:00,831,20,9,NEFT,Success,0,
364,364,2,185217.59,2025-05-03 05:32:00,364,30,6,UPI,Success,0,
99,99,9,130955.63,2025-05-03 05:33:00,99,19,6,IMPS,Success,0,
948,948,3,24029.34,2025-05-03 05:34:00,948,13,1,RTGS,Success,0,
398,398,9,149386.72,2025-05-03 05:35:00,398,10,1,UPI,Success,0,
341,341,8,196429.15,2025-05-03 05:36:00,341,19,4,IMPS,Success,1,Foreign Location
574,574,3,86663.06,2025-05-03 05:37:00,574,9,8,NEFT,Success,0,
448,448,10,141141.58,2025-05-03 05:38:00,448,16,6,POS,Success,0,
249,249,4,98700.68,2025-05-03 05:39:00,249,5,8,IMPS,Success,0,
437,437,8,102660.95,2025-05-03 05:40:00,437,9,1,POS,Failed,0,
418,418,10,164186.89,2025-05-03 05:41:00,418,8,2,NEFT,Success,0,
225,225,1,60137.35,2025-05-03 05:42:00,225,14,5,NEFT,Success,0,
49,49,1,49727.06,2025-05-03 05:43:00,49,22,9,IMPS,Success,0,
879,879,9,148563.77,2025-05-03 05:44:00,879,15,4,RTGS,Success,0,
867,867,5,26968.86,2025-05-03 05:45:00,867,16,5,NETBANKING,Success,0,
505,505,1,80585.98,2025-05-03 05:46:00,505,17,2,IMPS,Success,0,
994,994,3,9857.11,2025-05-03 05:47:00,994,29,2,NETBANKING,Success,0,
348,348,5,122366.35,2025-05-03 05:48:00,348,29,3,UPI,Success,0,
164,164,7,27220.71,2025-05-03 05:49:00,164,19,10,POS,Failed,0,
747,747,7,19311.69,2025-05-03 05:50:00,747,27,5,NEFT,Success,0,
982,982,1,103573.64,2025-05-03 05:51:00,982,4,10,UPI,Success,0,
379,379,6,182016.3,2025-05-03 05:52:00,379,1,2,UPI,Success,0,
376,376,7,190115.67,2025-05-03 05:53:00,376,23,7,POS,Success,0,
81,81,6,150565.83,2025-05-03 05:54:00,81,4,4,NETBANKING,Success,0,
76,76,2,116579.11,2025-05-03 05:55:00,76,7,4,IMPS,Success,0,
315,315,5,195635.52,2025-05-03 05:56:00,315,16,6,RTGS,Success,1,High Amount Transaction
891,891,4,134573.82,2025-05-03 05:57:00,891,13,10,ATM,Success,0,
163,163,1,171983.62,2025-05-03 05:58:00,163,11,2,ATM,Success,0,
344,344,6,186695.65,2025-05-03 05:59:00,344,20,1,UPI,Success,0,
409,409,10,140981.68,2025-05-03 06:00:00,409,12,10,RTGS,Success,0,
210,210,1,32341.16,2025-05-03 06:01:00,210,10,3,NEFT,Success,0,
26,26,8,198320.61,2025-05-03 06:02:00,26,25,7,POS,Success,1,New Device Transaction
223,223,7,94450.35,2025-05-03 06:03:00,223,12,10,UPI,Success,0,
163,163,2,163012.24,2025-05-03 06:04:00,163,3,2,NEFT,Failed,0,
4,4,8,115272.16,2025-05-03 06:05:00,4,30,7,NETBANKING,Success,0,
55,55,6,76335.19,2025-05-03 06:06:00,55,24,1,POS,Success,0,
346,346,2,114241.58,2025-05-03 06:07:00,346,1,3,UPI,Success,0,
555,555,9,139743.7,2025-05-03 06:08:00,555,22,10,NEFT,Success,0,
554,554,2,199120.88,2025-05-03 06:09:00,554,27,10,RTGS,Success,0,
988,988,2,164937.76,2025-05-03 06:10:00,988,7,2,ATM,Success,0,
672,672,2,95135.48,2025-05-03 06:11:00,672,19,10,POS,Success,0,
981,981,1,19293.3,2025-05-03 06:12:00,981,30,5,POS,Success,0,
340,340,2,149739.67,2025-05-03 06:13:00,340,11,10,NETBANKING,Success,1,Foreign Location
322,322,9,2334.25,2025-05-03 06:14:00,322,28,5,IMPS,Success,1,High Amount Transaction
70,70,5,176575.72,2025-05-03 06:15:00,70,3,5,UPI,Success,0,
934,934,3,140334.41,2025-05-03 06:16:00,934,14,7,NEFT,Success,0,
290,290,5,178783.01,2025-05-03 06:17:00,290,17,10,NEFT,Failed,0,
532,532,5,189135.71,2025-05-03 06:18:00,532,13,7,ATM,Success,0,
433,433,1,50202.02,2025-05-03 06:19:00,433,10,1,POS,Success,0,
313,313,6,37549.44,2025-05-03 06:20:00,313,15,10,UPI,Success,0,
694,694,3,149193.19,2025-05-03 06:21:00,694,13,1,IMPS,Success,0,
386,386,8,147333.24,2025-05-03 06:22:00,386,6,1,POS,Success,0,
180,180,2,110944.19,2025-05-03 06:23:00,180,8,9,RTGS,Success,0,
286,286,7,199681.71,2025-05-03 06:24:00,286,8,3,UPI,Success,0,
780,780,4,135428.06,2025-05-03 06:25:00,780,16,1,ATM,Success,0,
43,43,10,130720.44,2025-05-03 06:26:00,43,11,1,IMPS,Success,0,
328,328,2,170872.65,2025-05-03 06:27:00,328,20,6,UPI,Success,0,
592,592,7,46939.67,2025-05-03 06:28:00,592,19,6,NETBANKING,Success,0,
590,590,10,20439.15,2025-05-03 06:29:00,590,13,7,RTGS,Success,0,
831,831,9,113179.05,2025-05-03 06:30:00,831,15,1,ATM,Success,0,
496,496,8,22681.58,2025-05-03 06:31:00,496,11,8,NEFT,Success,0,
578,578,3,186636.21,2025-05-03 06:32:00,578,13,7,UPI,Success,0,
100,100,6,154787.42,2025-05-03 06:33:00,100,5,1,NEFT,Success,0,
819,819,4,86262.1,2025-05-03 06:34:00,819,11,6,IMPS,Success,0,
348,348,8,55712.28,2025-05-03 06:35:00,348,10,9,IMPS,Success,0,
845,845,9,84257.82,2025-05-03 06:36:00,845,27,7,RTGS,Success,0,
441,441,1,127713.72,2025-05-03 06:37:00,441,18,9,ATM,Success,0,
111,111,8,145809.03,2025-05-03 06:38:00,111,20,4,ATM,Failed,0,
668,668,4,96934.56,2025-05-03 06:39:00,668,11,6,POS,Success,0,
673,673,6,16330.28,2025-05-03 06:40:00,673,13,1,NETBANKING,Success,0,
67,67,3,85660.34,2025-05-03 06:41:00,67,23,3,RTGS,Success,0,
618,618,3,157672.21,2025-05-03 06:42:00,618,6,1,ATM,Success,0,
270,270,9,128174.99,2025-05-03 06:43:00,270,26,6,POS,Success,0,
461,461,6,94392.86,2025-05-03 06:44:00,461,30,7,POS,Success,0,
299,299,2,192438.57,2025-05-03 06:45:00,299,3,1,NETBANKING,Pending,0,
914,914,10,145901.34,2025-05-03 06:46:00,914,15,7,RTGS,Success,0,
58,58,9,176910.48,2025-05-03 06:47:00,58,20,9,NEFT,Success,0,
659,659,5,162219.19,2025-05-03 06:48:00,659,19,5,NETBANKING,Success,1,Multiple Transactions
816,816,3,190303.24,2025-05-03 06:49:00,816,10,4,NETBANKING,Success,0,
886,886,4,96526.05,2025-05-03 06:50:00,886,28,10,UPI,Success,1,New Device Transaction
554,554,3,179735.7,2025-05-03 06:51:00,554,5,8,NETBANKING,Success,0,
963,963,9,162227.54,2025-05-03 06:52:00,963,30,1,POS,Failed,0,
37,37,4,149431.08,2025-05-03 06:53:00,37,30,4,NEFT,Success,0,
35,35,8,169840.66,2025-05-03 06:54:00,35,9,1,UPI,Success,0,
133,133,8,120323.61,2025-05-03 06:55:00,133,11,8,NETBANKING,Success,0,
49,49,3,95432.73,2025-05-03 06:56:00,49,30,5,IMPS,Failed,0,
99,99,3,59691.37,2025-05-03 06:57:00,99,25,1,UPI,Success,0,
645,645,8,111185.64,2025-05-03 06:58:00,645,12,10,IMPS,Success,0,
87,87,8,50249.48,2025-05-03 06:59:00,87,8,7,UPI,Success,0,
915,915,8,121222.32,2025-05-03 07:00:00,915,7,2,RTGS,Success,0,
948,948,10,56814.69,2025-05-03 07:01:00,948,5,10,NETBANKING,Success,0,
475,475,7,56753.18,2025-05-03 07:02:00,475,15,3,UPI,Success,0,
122,122,7,32410.93,2025-05-03 07:03:00,122,30,9,POS,Success,0,
92,92,9,183830.41,2025-05-03 07:04:00,92,5,3,UPI,Success,0,
548,548,9,22194.19,2025-05-03 07:05:00,548,22,5,UPI,Success,0,
636,636,2,22182.32,2025-05-03 07:06:00,636,30,3,UPI,Success,0,
21,21,9,59413.85,2025-05-03 07:07:00,21,9,1,RTGS,Failed,0,
958,958,6,20865.67,2025-05-03 07:08:00,958,14,1,RTGS,Success,0,
952,952,8,132347.14,2025-05-03 07:09:00,952,19,9,ATM,Success,0,
198,198,10,176609.71,2025-05-03 07:10:00,198,14,10,NETBANKING,Success,0,
26,26,2,52966.1,2025-05-03 07:11:00,26,22,1,NETBANKING,Success,0,
929,929,4,98899.18,2025-05-03 07:12:00,929,25,8,UPI,Success,0,
495,495,6,19819.26,2025-05-03 07:13:00,495,8,7,ATM,Success,0,
816,816,2,125934.56,2025-05-03 07:14:00,816,21,8,RTGS,Success,0,
556,556,8,158593.66,2025-05-03 07:15:00,556,15,10,RTGS,Success,0,
607,607,1,65428.33,2025-05-03 07:16:00,607,4,1,IMPS,Success,0,
815,815,8,66032.0,2025-05-03 07:17:00,815,4,4,ATM,Failed,0,
494,494,6,25417.54,2025-05-03 07:18:00,494,27,6,NEFT,Pending,0,
472,472,9,199047.95,2025-05-03 07:19:00,472,9,2,UPI,Success,0,
289,289,10,161133.97,2025-05-03 07:20:00,289,15,7,RTGS,Success,0,
262,262,5,36863.16,2025-05-03 07:21:00,262,9,9,RTGS,Success,0,
879,879,10,83299.88,2025-05-03 07:22:00,879,12,6,RTGS,Success,0,
39,39,8,50901.31,2025-05-03 07:23:00,39,17,5,IMPS,Success,0,
970,970,7,115789.7,2025-05-03 07:24:00,970,27,2,POS,Success,0,
879,879,5,59031.89,2025-05-03 07:25:00,879,9,4,NEFT,Success,0,
169,169,2,18587.56,2025-05-03 07:26:00,169,21,9,RTGS,Success,0,
122,122,3,16001.07,2025-05-03 07:27:00,122,21,6,UPI,Success,0,
837,837,4,67726.8,2025-05-03 07:28:00,837,20,9,POS,Success,0,
588,588,4,23873.47,2025-05-03 07:29:00,588,30,7,ATM,Success,1,Foreign Location
927,927,1,101579.94,2025-05-03 07:30:00,927,30,6,IMPS,Success,0,
954,954,4,126342.87,2025-05-03 07:31:00,954,7,8,ATM,Success,0,
724,724,6,100527.03,2025-05-03 07:32:00,724,8,8,NETBANKING,Success,0,
259,259,1,125537.37,2025-05-03 07:33:00,259,7,4,UPI,Success,0,
385,385,7,23350.34,2025-05-03 07:34:00,385,3,2,POS,Success,0,
464,464,4,31343.64,2025-05-03 07:35:00,464,20,1,UPI,Success,0,
180,180,6,5634.42,2025-05-03 07:36:00,180,18,2,IMPS,Success,0,
254,254,6,110227.72,2025-05-03 07:37:00,254,24,7,UPI,Pending,0,
596,596,8,26872.82,2025-05-03 07:38:00,596,6,4,UPI,Success,0,
425,425,6,140459.17,2025-05-03 07:39:00,425,21,9,UPI,Success,0,
994,994,8,108599.09,2025-05-03 07:40:00,994,27,2,RTGS,Success,0,
174,174,6,173628.69,2025-05-03 07:41:00,174,11,9,ATM,Success,0,
712,712,3,146629.21,2025-05-03 07:42:00,712,16,2,ATM,Success,1,High Amount Transaction
334,334,7,143060.33,2025-05-03 07:43:00,334,11,9,NETBANKING,Failed,0,
325,325,5,62559.02,2025-05-03 07:44:00,325,21,6,ATM,Success,0,
523,523,6,63261.65,2025-05-03 07:45:00,523,22,3,ATM,Success,0,
735,735,6,47761.21,2025-05-03 07:46:00,735,7,5,RTGS,Success,0,
137,137,10,156689.89,2025-05-03 07:47:00,137,23,6,RTGS,Success,0,
404,404,3,55178.98,2025-05-03 07:48:00,404,12,8,POS,Success,0,
132,132,8,48197.61,2025-05-03 07:49:00,132,12,3,ATM,Success,0,
418,418,7,38259.74,2025-05-03 07:50:00,418,2,8,NEFT,Success,0,
269,269,9,91878.83,2025-05-03 07:51:00,269,7,2,RTGS,Success,0,
668,668,4,117233.44,2025-05-03 07:52:00,668,26,6,RTGS,Success,0,
390,390,1,161793.05,2025-05-03 07:53:00,390,11,8,POS,Pending,0,
640,640,1,194509.97,2025-05-03 07:54:00,640,1,9,POS,Pending,1,Multiple Transactions
326,326,7,26607.92,2025-05-03 07:55:00,326,22,1,ATM,Success,0,
5,5,7,64422.58,2025-05-03 07:56:00,5,16,9,POS,Failed,0,
993,993,1,31229.47,2025-05-03 07:57:00,993,10,9,RTGS,Success,0,
75,75,1,148139.64,2025-05-03 07:58:00,75,4,8,RTGS,Pending,0,
182,182,3,73874.4,2025-05-03 07:59:00,182,27,3,ATM,Failed,0,
416,416,7,189350.44,2025-05-03 08:00:00,416,12,5,RTGS,Success,0,
134,134,3,151661.72,2025-05-03 08:01:00,134,11,9,RTGS,Success,0,
591,591,2,67333.89,2025-05-03 08:02:00,591,21,7,RTGS,Success,0,
656,656,4,5266.96,2025-05-03 08:03:00,656,26,3,NEFT,Success,0,
390,390,2,133317.89,2025-05-03 08:04:00,390,23,10,NEFT,Success,0,
949,949,3,190574.73,2025-05-03 08:05:00,949,16,9,NETBANKING,Success,0,
405,405,3,171590.3,2025-05-03 08:06:00,405,30,1,NEFT,Success,0,
512,512,10,167284.12,2025-05-03 08:07:00,512,18,8,ATM,Success,0,
36,36,10,75061.92,2025-05-03 08:08:00,36,26,3,ATM,Success,0,
558,558,7,11295.73,2025-05-03 08:09:00,558,15,4,NETBANKING,Success,0,
738,738,2,155385.99,2025-05-03 08:10:00,738,25,2,NETBANKING,Pending,0,
491,491,2,165266.46,2025-05-03 08:11:00,491,23,10,ATM,Success,0,
191,191,4,137376.94,2025-05-03 08:12:00,191,8,9,UPI,Success,0,
451,451,3,191011.72,2025-05-03 08:13:00,451,16,8,UPI,Success,0,
437,437,3,117393.83,2025-05-03 08:14:00,437,13,4,RTGS,Success,0,
667,667,6,74000.16,2025-05-03 08:15:00,667,23,5,NEFT,Success,0,
823,823,6,52637.29,2025-05-03 08:16:00,823,22,9,NETBANKING,Success,0,
279,279,6,92870.71,2025-05-03 08:17:00,279,1,8,NEFT,Success,0,
534,534,9,129562.0,2025-05-03 08:18:00,534,19,8,POS,Success,0,
541,541,7,79757.62,2025-05-03 08:19:00,541,19,9,ATM,Success,1,High Amount Transaction
730,730,2,50718.36,2025-05-03 08:20:00,730,11,10,NETBANKING,Success,1,Multiple Transactions
732,732,6,109142.68,2025-05-03 08:21:00,732,9,2,NEFT,Success,0,
39,39,10,147251.02,2025-05-03 08:22:00,39,15,10,IMPS,Success,0,
78,78,8,9501.15,2025-05-03 08:23:00,78,11,6,UPI,Success,0,
468,468,8,191437.39,2025-05-03 08:24:00,468,14,6,IMPS,Success,0,
729,729,1,35920.45,2025-05-03 08:25:00,729,28,3,ATM,Success,0,
29,29,1,7044.37,2025-05-03 08:26:00,29,1,4,IMPS,Success,0,
958,958,3,176303.03,2025-05-03 08:27:00,958,20,2,ATM,Success,0,
621,621,8,140330.74,2025-05-03 08:28:00,621,3,8,NETBANKING,Success,0,
369,369,4,55134.88,2025-05-03 08:29:00,369,8,6,NETBANKING,Pending,0,
424,424,9,186641.04,2025-05-03 08:30:00,424,18,8,POS,Success,0,
955,955,10,147601.19,2025-05-03 08:31:00,955,7,9,RTGS,Success,0,
641,641,8,104350.0,2025-05-03 08:32:00,641,10,6,IMPS,Success,0,
377,377,7,146198.57,2025-05-03 08:33:00,377,12,7,UPI,Success,0,
985,985,10,108802.62,2025-05-03 08:34:00,985,11,2,NETBANKING,Success,0,
24,24,1,14405.49,2025-05-03 08:35:00,24,21,3,IMPS,Success,0,
244,244,1,26276.66,2025-05-03 08:36:00,244,22,5,NEFT,Failed,0,
496,496,5,124152.59,2025-05-03 08:37:00,496,18,6,ATM,Success,0,
575,575,10,85046.41,2025-05-03 08:38:00,575,29,8,ATM,Success,0,
443,443,7,148661.81,2025-05-03 08:39:00,443,4,9,ATM,Success,0,
426,426,9,186609.08,2025-05-03 08:40:00,426,12,7,NETBANKING,Success,0,
977,977,1,184664.64,2025-05-03 08:41:00,977,20,3,UPI,Success,0,
79,79,3,28669.11,2025-05-03 08:42:00,79,8,4,NEFT,Success,0,
429,429,1,64921.4,2025-05-03 08:43:00,429,10,2,NETBANKING,Success,0,
960,960,3,102489.1,2025-05-03 08:44:00,960,18,8,NETBANKING,Failed,0,
312,312,7,111187.49,2025-05-03 08:45:00,312,10,8,NETBANKING,Failed,0,
214,214,8,122113.83,2025-05-03 08:46:00,214,26,10,ATM,Success,0,
928,928,6,143137.53,2025-05-03 08:47:00,928,1,10,IMPS,Success,0,
396,396,2,119884.3,2025-05-03 08:48:00,396,12,1,POS,Success,0,
292,292,2,73114.91,2025-05-03 08:49:00,292,27,2,NETBANKING,Success,1,Multiple Transactions
164,164,1,171283.42,2025-05-03 08:50:00,164,28,7,UPI,Success,0,
550,550,6,8375.61,2025-05-03 08:51:00,550,11,6,NETBANKING,Success,0,
555,555,6,133402.96,2025-05-03 08:52:00,555,5,7,NEFT,Success,1,Foreign Location
919,919,4,2034.13,2025-05-03 08:53:00,919,11,4,ATM,Success,0,
319,319,2,15010.79,2025-05-03 08:54:00,319,26,1,RTGS,Success,0,
963,963,5,138437.81,2025-05-03 08:55:00,963,30,8,ATM,Success,0,
46,46,7,26642.37,2025-05-03 08:56:00,46,29,1,RTGS,Success,0,
545,545,6,150589.7,2025-05-03 08:57:00,545,30,9,ATM,Success,0,
762,762,3,183280.74,2025-05-03 08:58:00,762,17,9,POS,Success,0,
42,42,4,190099.0,2025-05-03 08:59:00,42,18,6,IMPS,Success,0,
758,758,4,121576.49,2025-05-03 09:00:00,758,1,6,IMPS,Success,0,
988,988,7,7630.3,2025-05-03 09:01:00,988,11,7,UPI,Success,0,
401,401,9,21350.63,2025-05-03 09:02:00,401,14,8,NEFT,Success,0,
750,750,10,51944.16,2025-05-03 09:03:00,750,23,2,NETBANKING,Failed,0,
473,473,9,68714.61,2025-05-03 09:04:00,473,23,3,NEFT,Success,0,
186,186,8,82922.6,2025-05-03 09:05:00,186,14,8,IMPS,Success,0,
155,155,2,43604.18,2025-05-03 09:06:00,155,19,4,POS,Success,0,
622,622,7,193615.97,2025-05-03 09:07:00,622,20,5,NEFT,Success,0,
189,189,2,74774.22,2025-05-03 09:08:00,189,20,5,NETBANKING,Success,0,
394,394,5,147190.51,2025-05-03 09:09:00,394,28,4,ATM,Failed,0,
239,239,2,51213.31,2025-05-03 09:10:00,239,8,8,POS,Success,0,
505,505,5,131998.25,2025-05-03 09:11:00,505,1,3,RTGS,Success,0,
233,233,3,23240.76,2025-05-03 09:12:00,233,28,8,POS,Success,0,
407,407,9,33659.37,2025-05-03 09:13:00,407,17,5,NETBANKING,Failed,0,
304,304,6,8627.3,2025-05-03 09:14:00,304,17,5,UPI,Success,0,
769,769,2,198226.68,2025-05-03 09:15:00,769,24,7,IMPS,Success,0,
817,817,3,71638.43,2025-05-03 09:16:00,817,4,1,IMPS,Success,1,Foreign Location
853,853,6,114534.48,2025-05-03 09:17:00,853,12,4,NEFT,Success,0,
269,269,3,95678.51,2025-05-03 09:18:00,269,22,7,IMPS,Success,1,Multiple Transactions
599,599,5,135052.7,2025-05-03 09:19:00,599,17,8,RTGS,Success,0,
658,658,6,90484.37,2025-05-03 09:20:00,658,29,3,IMPS,Success,0,
580,580,3,98541.45,2025-05-03 09:21:00,580,17,4,NETBANKING,Success,0,
954,954,9,197341.05,2025-05-03 09:22:00,954,1,2,UPI,Success,0,
757,757,2,71214.44,2025-05-03 09:23:00,757,14,1,UPI,Success,0,
845,845,2,131705.54,2025-05-03 09:24:00,845,20,2,POS,Success,0,
65,65,7,8436.23,2025-05-03 09:25:00,65,12,5,POS,Success,0,
285,285,2,98944.11,2025-05-03 09:26:00,285,6,9,POS,Success,0,
506,506,7,4082.01,2025-05-03 09:27:00,506,23,2,RTGS,Success,0,
298,298,4,161419.52,2025-05-03 09:28:00,298,12,5,POS,Success,0,
543,543,7,10718.73,2025-05-03 09:29:00,543,14,8,IMPS,Success,0,
819,819,10,165081.16,2025-05-03 09:30:00,819,13,7,IMPS,Success,0,
790,790,9,38712.4,2025-05-03 09:31:00,790,11,3,ATM,Success,0,
538,538,9,107513.76,2025-05-03 09:32:00,538,11,7,NEFT,Success,0,
69,69,4,67192.58,2025-05-03 09:33:00,69,15,6,NETBANKING,Success,0,
875,875,5,87187.87,2025-05-03 09:34:00,875,19,9,ATM,Success,0,
707,707,4,138053.0,2025-05-03 09:35:00,707,9,6,POS,Success,0,
591,591,10,86013.53,2025-05-03 09:36:00,591,1,2,UPI,Success,0,
901,901,4,197754.05,2025-05-03 09:37:00,901,5,9,NETBANKING,Success,0,
621,621,2,69381.52,2025-05-03 09:38:00,621,8,1,IMPS,Success,0,
806,806,5,177547.35,2025-05-03 09:39:00,806,20,9,IMPS,Success,0,
423,423,9,109120.37,2025-05-03 09:40:00,423,6,2,IMPS,Success,0,
241,241,2,183162.85,2025-05-03 09:41:00,241,4,6,NEFT,Success,0,
652,652,6,73864.64,2025-05-03 09:42:00,652,27,1,POS,Success,0,
467,467,4,142124.94,2025-05-03 09:43:00,467,23,3,POS,Success,0,
436,436,1,7196.99,2025-05-03 09:44:00,436,24,10,ATM,Success,0,
255,255,10,136439.3,2025-05-03 09:45:00,255,22,2,IMPS,Success,1,High Amount Transaction
71,71,9,84768.36,2025-05-03 09:46:00,71,15,2,NETBANKING,Success,0,
558,558,10,89775.63,2025-05-03 09:47:00,558,26,10,NETBANKING,Success,0,
971,971,5,137842.99,2025-05-03 09:48:00,971,4,8,RTGS,Success,0,
46,46,10,28476.75,2025-05-03 09:49:00,46,24,5,POS,Success,0,
115,115,10,3084.65,2025-05-03 09:50:00,115,7,2,IMPS,Success,0,
500,500,3,52227.74,2025-05-03 09:51:00,500,1,10,UPI,Success,0,
487,487,8,166690.99,2025-05-03 09:52:00,487,11,8,RTGS,Pending,0,
475,475,1,96907.7,2025-05-03 09:53:00,475,29,5,UPI,Success,0,
229,229,7,59181.83,2025-05-03 09:54:00,229,14,8,IMPS,Success,0,
774,774,3,88093.64,2025-05-03 09:55:00,774,30,9,NETBANKING,Success,0,
192,192,5,36662.01,2025-05-03 09:56:00,192,18,8,NETBANKING,Success,0,
642,642,6,110383.7,2025-05-03 09:57:00,642,11,6,ATM,Success,0,
146,146,4,177647.53,2025-05-03 09:58:00,146,27,9,UPI,Success,0,
192,192,4,115640.57,2025-05-03 09:59:00,192,17,8,NETBANKING,Success,0,
675,675,4,48901.54,2025-05-03 10:00:00,675,30,1,NETBANKING,Success,0,
184,184,6,44118.56,2025-05-03 10:01:00,184,13,9,ATM,Success,0,
343,343,1,120447.62,2025-05-03 10:02:00,343,10,5,NETBANKING,Failed,0,
441,441,3,142070.8,2025-05-03 10:03:00,441,24,8,NEFT,Success,0,
273,273,5,71206.51,2025-05-03 10:04:00,273,21,9,IMPS,Success,0,
185,185,2,15389.5,2025-05-03 10:05:00,185,28,9,POS,Success,0,
215,215,7,149435.12,2025-05-03 10:06:00,215,9,6,UPI,Success,0,
312,312,5,34210.31,2025-05-03 10:07:00,312,2,8,IMPS,Success,0,
770,770,6,136889.22,2025-05-03 10:08:00,770,23,9,IMPS,Success,0,
94,94,9,178406.85,2025-05-03 10:09:00,94,9,2,ATM,Success,0,
439,439,1,196487.97,2025-05-03 10:10:00,439,15,6,IMPS,Success,0,
670,670,5,1833.21,2025-05-03 10:11:00,670,11,5,IMPS,Success,0,
435,435,9,192131.0,2025-05-03 10:12:00,435,22,4,IMPS,Success,0,
8,8,4,125116.57,2025-05-03 10:13:00,8,26,8,UPI,Success,0,
981,981,8,85854.3,2025-05-03 10:14:00,981,1,1,ATM,Success,0,
664,664,3,195365.68,2025-05-03 10:15:00,664,10,4,RTGS,Success,0,
78,78,2,111337.25,2025-05-03 10:16:00,78,21,2,ATM,Success,0,
690,690,10,186115.91,2025-05-03 10:17:00,690,27,6,NETBANKING,Success,1,High Amount Transaction
894,894,6,40341.01,2025-05-03 10:18:00,894,15,8,ATM,Success,0,
861,861,2,45990.13,2025-05-03 10:19:00,861,2,3,UPI,Success,0,
459,459,4,189705.37,2025-05-03 10:20:00,459,24,6,UPI,Success,1,Multiple Transactions
831,831,2,45458.67,2025-05-03 10:21:00,831,10,7,POS,Success,0,
483,483,6,121061.49,2025-05-03 10:22:00,483,3,7,RTGS,Success,0,
94,94,6,122556.16,2025-05-03 10:23:00,94,3,9,NEFT,Success,0,
974,974,9,498.49,2025-05-03 10:24:00,974,16,9,RTGS,Success,0,
81,81,7,48281.71,2025-05-03 10:25:00,81,10,9,POS,Success,1,New Device Transaction
826,826,3,236.83,2025-05-03 10:26:00,826,18,7,RTGS,Success,0,
782,782,6,100904.5,2025-05-03 10:27:00,782,24,7,POS,Success,0,
501,501,9,43335.92,2025-05-03 10:28:00,501,18,4,RTGS,Success,0,
642,642,5,149610.55,2025-05-03 10:29:00,642,21,8,UPI,Success,0,
10,10,3,99832.11,2025-05-03 10:30:00,10,13,1,NEFT,Success,0,
179,179,2,147601.26,2025-05-03 10:31:00,179,19,2,NETBANKING,Pending,0,
921,921,9,78790.08,2025-05-03 10:32:00,921,21,6,ATM,Success,0,
404,404,7,155210.94,2025-05-03 10:33:00,404,13,7,POS,Success,0,
381,381,4,162182.46,2025-05-03 10:34:00,381,13,2,NETBANKING,Success,1,Night Transaction
82,82,1,83962.2,2025-05-03 10:35:00,82,23,6,NETBANKING,Failed,0,
879,879,7,169831.75,2025-05-03 10:36:00,879,4,8,ATM,Success,0,
648,648,10,27758.78,2025-05-03 10:37:00,648,15,6,NETBANKING,Success,0,
310,310,1,24895.65,2025-05-03 10:38:00,310,12,3,RTGS,Success,0,
63,63,9,111618.55,2025-05-03 10:39:00,63,19,2,RTGS,Success,0,
969,969,4,23649.42,2025-05-03 10:40:00,969,16,2,NEFT,Success,0,
259,259,8,19238.79,2025-05-03 10:41:00,259,8,2,NETBANKING,Success,0,
607,607,3,39720.91,2025-05-03 10:42:00,607,12,9,POS,Success,1,High Amount Transaction
417,417,6,60818.97,2025-05-03 10:43:00,417,13,9,NEFT,Success,0,
614,614,8,54347.51,2025-05-03 10:44:00,614,23,10,RTGS,Success,0,
371,371,4,97618.23,2025-05-03 10:45:00,371,26,5,ATM,Success,0,
153,153,4,14636.36,2025-05-03 10:46:00,153,12,10,POS,Success,1,Foreign Location
787,787,3,59986.86,2025-05-03 10:47:00,787,20,1,IMPS,Success,0,
345,345,2,32511.83,2025-05-03 10:48:00,345,8,4,RTGS,Success,0,
807,807,1,13839.4,2025-05-03 10:49:00,807,10,8,IMPS,Success,0,
971,971,5,144926.94,2025-05-03 10:50:00,971,9,5,RTGS,Success,0,
706,706,2,151473.93,2025-05-03 10:51:00,706,28,9,IMPS,Success,0,
448,448,3,53907.48,2025-05-03 10:52:00,448,23,4,RTGS,Success,0,
992,992,6,123845.99,2025-05-03 10:53:00,992,4,5,UPI,Success,0,
397,397,9,21452.54,2025-05-03 10:54:00,397,14,6,ATM,Success,0,
938,938,9,57230.99,2025-05-03 10:55:00,938,14,3,NEFT,Success,0,
6,6,9,28955.37,2025-05-03 10:56:00,6,26,9,IMPS,Success,0,
839,839,1,57211.76,2025-05-03 10:57:00,839,1,5,NEFT,Success,0,
717,717,6,132214.25,2025-05-03 10:58:00,717,25,6,POS,Failed,0,
106,106,4,185603.94,2025-05-03 10:59:00,106,16,10,NETBANKING,Success,0,
331,331,10,193064.87,2025-05-03 11:00:00,331,1,7,RTGS,Success,0,
379,379,5,35745.69,2025-05-03 11:01:00,379,19,5,RTGS,Success,0,
35,35,1,62168.61,2025-05-03 11:02:00,35,6,8,IMPS,Success,0,
967,967,1,110003.56,2025-05-03 11:03:00,967,9,9,NETBANKING,Success,0,
153,153,4,172618.34,2025-05-03 11:04:00,153,26,8,IMPS,Success,0,
146,146,3,89434.69,2025-05-03 11:05:00,146,26,5,UPI,Success,1,Multiple Transactions
829,829,9,34256.92,2025-05-03 11:06:00,829,12,4,NEFT,Success,0,
184,184,2,5557.17,2025-05-03 11:07:00,184,26,4,ATM,Success,0,
628,628,8,138381.26,2025-05-03 11:08:00,628,10,2,IMPS,Success,0,
374,374,9,98530.06,2025-05-03 11:09:00,374,29,2,UPI,Success,0,
773,773,3,164234.24,2025-05-03 11:10:00,773,3,6,POS,Success,0,
541,541,1,195467.36,2025-05-03 11:11:00,541,21,3,NETBANKING,Success,0,
2,2,4,38417.31,2025-05-03 11:12:00,2,25,8,RTGS,Success,0,
860,860,10,42908.52,2025-05-03 11:13:00,860,25,7,RTGS,Pending,1,Foreign Location
465,465,4,183332.12,2025-05-03 11:14:00,465,10,7,NEFT,Pending,0,
93,93,9,23644.95,2025-05-03 11:15:00,93,23,8,NEFT,Failed,0,
474,474,6,63557.6,2025-05-03 11:16:00,474,9,5,NETBANKING,Success,0,
853,853,9,56113.4,2025-05-03 11:17:00,853,25,3,ATM,Success,0,
876,876,6,45865.35,2025-05-03 11:18:00,876,1,3,ATM,Success,0,
347,347,4,31729.04,2025-05-03 11:19:00,347,22,1,RTGS,Success,0,
147,147,10,92334.8,2025-05-03 11:20:00,147,16,5,NETBANKING,Success,0,
530,530,5,163679.69,2025-05-03 11:21:00,530,6,7,NETBANKING,Success,0,
944,944,7,7737.55,2025-05-03 11:22:00,944,17,7,POS,Success,0,
78,78,8,52761.77,2025-05-03 11:23:00,78,4,5,UPI,Success,0,
515,515,4,196973.44,2025-05-03 11:24:00,515,2,8,RTGS,Success,0,
6,6,9,78217.8,2025-05-03 11:25:00,6,25,3,POS,Success,0,
223,223,1,17289.14,2025-05-03 11:26:00,223,27,10,IMPS,Success,0,
9,9,5,86798.19,2025-05-03 11:27:00,9,4,5,IMPS,Success,0,
994,994,9,31567.2,2025-05-03 11:28:00,994,30,9,POS,Success,0,
996,996,5,27245.54,2025-05-03 11:29:00,996,9,7,RTGS,Success,0,
656,656,6,187827.02,2025-05-03 11:30:00,656,8,9,POS,Success,0,
225,225,7,68726.69,2025-05-03 11:31:00,225,7,6,NETBANKING,Success,0,
995,995,9,124797.23,2025-05-03 11:32:00,995,1,6,RTGS,Success,0,
409,409,6,29347.51,2025-05-03 11:33:00,409,1,7,UPI,Success,0,
623,623,2,144369.91,2025-05-03 11:34:00,623,4,8,POS,Success,0,
48,48,10,66190.97,2025-05-03 11:35:00,48,16,10,UPI,Success,0,
940,940,4,95088.53,2025-05-03 11:36:00,940,5,3,POS,Success,0,
905,905,1,55272.8,2025-05-03 11:37:00,905,7,9,UPI,Success,0,
18,18,2,73403.8,2025-05-03 11:38:00,18,27,7,IMPS,Success,0,
633,633,2,132257.5,2025-05-03 11:39:00,633,18,7,NETBANKING,Success,0,
238,238,6,198332.53,2025-05-03 11:40:00,238,23,4,NETBANKING,Success,0,
72,72,5,66760.93,2025-05-03 11:41:00,72,11,2,NETBANKING,Success,0,
337,337,7,4120.36,2025-05-03 11:42:00,337,18,6,NETBANKING,Success,0,
887,887,3,153858.81,2025-05-03 11:43:00,887,16,5,NEFT,Success,0,
9,9,7,5624.45,2025-05-03 11:44:00,9,23,5,NEFT,Success,0,
964,964,9,15728.85,2025-05-03 11:45:00,964,10,4,RTGS,Success,0,
567,567,10,188769.08,2025-05-03 11:46:00,567,23,7,IMPS,Success,0,
272,272,4,168515.68,2025-05-03 11:47:00,272,14,4,UPI,Success,0,
276,276,10,83358.34,2025-05-03 11:48:00,276,21,5,POS,Success,0,
926,926,8,47768.65,2025-05-03 11:49:00,926,3,5,IMPS,Success,0,
525,525,9,187276.75,2025-05-03 11:50:00,525,24,4,UPI,Success,0,
140,140,8,27719.06,2025-05-03 11:51:00,140,12,8,RTGS,Success,0,
738,738,3,138200.65,2025-05-03 11:52:00,738,19,5,ATM,Success,0,
559,559,1,33351.51,2025-05-03 11:53:00,559,12,10,POS,Success,0,
689,689,8,169429.67,2025-05-03 11:54:00,689,30,7,RTGS,Success,0,
706,706,5,71912.9,2025-05-03 11:55:00,706,30,1,IMPS,Success,0,
823,823,3,123797.06,2025-05-03 11:56:00,823,10,3,ATM,Success,0,
632,632,2,102979.2,2025-05-03 11:57:00,632,21,1,ATM,Success,0,
983,983,5,145363.36,2025-05-03 11:58:00,983,20,7,IMPS,Success,0,
973,973,2,58481.87,2025-05-03 11:59:00,973,30,5,NETBANKING,Success,0,
864,864,8,155429.64,2025-05-03 12:00:00,864,21,6,RTGS,Pending,0,
514,514,9,157067.78,2025-05-03 12:01:00,514,24,7,ATM,Success,0,
457,457,9,151515.11,2025-05-03 12:02:00,457,6,3,POS,Success,0,
583,583,6,139651.06,2025-05-03 12:03:00,583,27,8,POS,Success,0,
362,362,8,179317.42,2025-05-03 12:04:00,362,29,8,POS,Success,0,
938,938,9,81501.24,2025-05-03 12:05:00,938,19,1,NETBANKING,Success,0,
753,753,8,39035.21,2025-05-03 12:06:00,753,22,6,IMPS,Success,1,Multiple Transactions
8,8,6,86165.0,2025-05-03 12:07:00,8,24,8,IMPS,Success,0,
408,408,4,175520.73,2025-05-03 12:08:00,408,22,1,IMPS,Success,0,
427,427,2,89612.83,2025-05-03 12:09:00,427,30,7,NEFT,Pending,0,
693,693,5,192231.4,2025-05-03 12:10:00,693,17,5,POS,Success,0,
569,569,9,68254.04,2025-05-03 12:11:00,569,20,9,NEFT,Failed,0,
34,34,8,100580.7,2025-05-03 12:12:00,34,9,6,UPI,Success,0,
679,679,9,120207.64,2025-05-03 12:13:00,679,10,1,NETBANKING,Success,0,
351,351,5,105977.27,2025-05-03 12:14:00,351,6,5,IMPS,Success,0,
869,869,8,61794.48,2025-05-03 12:15:00,869,17,10,ATM,Success,0,
865,865,8,181950.56,2025-05-03 12:16:00,865,15,4,NEFT,Success,0,
18,18,5,133188.33,2025-05-03 12:17:00,18,11,9,RTGS,Success,0,
927,927,7,62185.07,2025-05-03 12:18:00,927,9,8,NETBANKING,Success,0,
33,33,3,198602.44,2025-05-03 12:19:00,33,25,4,POS,Success,0,
476,476,9,189528.28,2025-05-03 12:20:00,476,4,10,UPI,Success,0,
754,754,1,82510.14,2025-05-03 12:21:00,754,11,8,ATM,Success,0,
62,62,2,62980.67,2025-05-03 12:22:00,62,2,3,NETBANKING,Success,0,
205,205,1,59800.34,2025-05-03 12:23:00,205,29,2,NEFT,Success,0,
721,721,4,96730.93,2025-05-03 12:24:00,721,25,1,ATM,Success,0,
527,527,3,118328.43,2025-05-03 12:25:00,527,17,8,NEFT,Success,0,
88,88,10,181729.15,2025-05-03 12:26:00,88,27,6,RTGS,Success,0,
726,726,5,165653.0,2025-05-03 12:27:00,726,27,6,IMPS,Success,0,
189,189,7,40956.56,2025-05-03 12:28:00,189,5,6,ATM,Success,0,
852,852,7,74957.14,2025-05-03 12:29:00,852,16,6,NEFT,Failed,0,
698,698,2,127126.99,2025-05-03 12:30:00,698,26,3,POS,Success,0,
837,837,9,114925.84,2025-05-03 12:31:00,837,17,7,UPI,Success,0,
783,783,6,170378.96,2025-05-03 12:32:00,783,23,8,POS,Success,0,
357,357,6,93148.84,2025-05-03 12:33:00,357,2,5,IMPS,Success,0,
178,178,2,136203.31,2025-05-03 12:34:00,178,22,5,UPI,Success,0,
80,80,1,50661.86,2025-05-03 12:35:00,80,16,1,ATM,Success,0,
507,507,9,73430.88,2025-05-03 12:36:00,507,8,6,RTGS,Success,0,
984,984,2,84152.59,2025-05-03 12:37:00,984,24,2,NEFT,Pending,0,
733,733,7,140831.33,2025-05-03 12:38:00,733,2,5,IMPS,Success,0,
86,86,3,88258.06,2025-05-03 12:39:00,86,6,5,NETBANKING,Success,0,
59,59,10,124426.77,2025-05-03 12:40:00,59,25,9,NEFT,Success,0,
695,695,2,193435.48,2025-05-03 12:41:00,695,25,6,NEFT,Success,0,
304,304,7,110758.91,2025-05-03 12:42:00,304,3,9,IMPS,Success,0,
326,326,5,85282.85,2025-05-03 12:43:00,326,2,1,NETBANKING,Success,0,
158,158,4,90190.94,2025-05-03 12:44:00,158,18,9,NEFT,Success,0,
604,604,1,7865.98,2025-05-03 12:45:00,604,7,3,UPI,Success,0,
791,791,5,149220.03,2025-05-03 12:46:00,791,8,6,IMPS,Success,0,
222,222,5,117327.56,2025-05-03 12:47:00,222,9,4,UPI,Success,0,
614,614,2,148101.83,2025-05-03 12:48:00,614,13,5,ATM,Success,0,
776,776,7,42573.34,2025-05-03 12:49:00,776,2,7,IMPS,Success,0,
262,262,7,86136.2,2025-05-03 12:50:00,262,14,3,RTGS,Success,0,
78,78,2,145935.37,2025-05-03 12:51:00,78,16,9,NETBANKING,Success,0,
442,442,8,189395.52,2025-05-03 12:52:00,442,10,8,NEFT,Success,0,
543,543,2,100964.02,2025-05-03 12:53:00,543,17,10,UPI,Pending,0,
143,143,3,42781.15,2025-05-03 12:54:00,143,25,10,IMPS,Success,0,
329,329,2,166780.94,2025-05-03 12:55:00,329,23,1,POS,Success,0,
549,549,8,127522.54,2025-05-03 12:56:00,549,17,7,NEFT,Success,0,
700,700,9,113904.58,2025-05-03 12:57:00,700,4,4,RTGS,Success,1,High Amount Transaction
418,418,7,153991.09,2025-05-03 12:58:00,418,29,3,IMPS,Success,0,
34,34,5,33668.2,2025-05-03 12:59:00,34,13,6,POS,Success,1,New Device Transaction
928,928,7,109664.7,2025-05-03 13:00:00,928,3,8,NEFT,Success,0,
797,797,2,1087.26,2025-05-03 13:01:00,797,18,10,NETBANKING,Success,1,High Amount Transaction
530,530,9,145471.22,2025-05-03 13:02:00,530,25,5,NEFT,Success,0,
897,897,8,100634.94,2025-05-03 13:03:00,897,2,2,POS,Success,0,
189,189,10,162446.01,2025-05-03 13:04:00,189,27,2,UPI,Pending,0,
580,580,3,119721.53,2025-05-03 13:05:00,580,22,1,NETBANKING,Success,0,
92,92,9,28512.94,2025-05-03 13:06:00,92,15,5,NETBANKING,Success,0,
503,503,6,122337.06,2025-05-03 13:07:00,503,20,1,UPI,Success,0,
339,339,6,163160.97,2025-05-03 13:08:00,339,23,5,ATM,Success,0,
309,309,2,1481.27,2025-05-03 13:09:00,309,4,3,IMPS,Success,0,
374,374,2,128902.19,2025-05-03 13:10:00,374,7,5,UPI,Success,0,
649,649,9,4332.07,2025-05-03 13:11:00,649,28,2,IMPS,Success,0,
168,168,1,48156.92,2025-05-03 13:12:00,168,23,4,ATM,Success,0,
592,592,1,155969.46,2025-05-03 13:13:00,592,18,4,UPI,Success,0,
389,389,7,56443.51,2025-05-03 13:14:00,389,24,9,IMPS,Success,0,
28,28,9,89020.16,2025-05-03 13:15:00,28,16,4,IMPS,Success,0,
296,296,4,15950.24,2025-05-03 13:16:00,296,27,4,NEFT,Success,0,
487,487,5,146114.31,2025-05-03 13:17:00,487,9,7,IMPS,Failed,0,
797,797,3,196685.13,2025-05-03 13:18:00,797,18,2,NETBANKING,Success,0,
834,834,2,30352.78,2025-05-03 13:19:00,834,1,1,IMPS,Success,0,
925,925,10,148311.17,2025-05-03 13:20:00,925,7,5,NETBANKING,Failed,0,
964,964,9,184836.43,2025-05-03 13:21:00,964,28,7,ATM,Success,0,
991,991,4,44088.24,2025-05-03 13:22:00,991,27,10,IMPS,Success,0,
828,828,1,177321.31,2025-05-03 13:23:00,828,19,2,NEFT,Success,0,
20,20,4,6185.56,2025-05-03 13:24:00,20,20,7,POS,Success,0,
635,635,4,41162.62,2025-05-03 13:25:00,635,25,10,NETBANKING,Success,0,
836,836,10,65661.82,2025-05-03 13:26:00,836,23,2,POS,Success,0,
183,183,2,187380.04,2025-05-03 13:27:00,183,5,10,UPI,Success,0,
663,663,7,156983.54,2025-05-03 13:28:00,663,10,2,RTGS,Failed,0,
918,918,3,9686.31,2025-05-03 13:29:00,918,30,2,UPI,Success,0,
363,363,6,54824.9,2025-05-03 13:30:00,363,15,5,IMPS,Success,0,
61,61,6,119124.51,2025-05-03 13:31:00,61,21,10,NEFT,Success,0,
403,403,8,22177.27,2025-05-03 13:32:00,403,15,6,IMPS,Success,0,
193,193,2,138703.3,2025-05-03 13:33:00,193,1,5,RTGS,Success,0,
760,760,2,60646.14,2025-05-03 13:34:00,760,29,10,ATM,Success,0,
455,455,7,88405.11,2025-05-03 13:35:00,455,9,5,ATM,Success,0,
16,16,10,14145.8,2025-05-03 13:36:00,16,17,3,IMPS,Success,1,Multiple Transactions
910,910,4,110014.49,2025-05-03 13:37:00,910,8,10,POS,Success,0,
118,118,8,18643.26,2025-05-03 13:38:00,118,29,1,NETBANKING,Pending,0,
205,205,2,104284.2,2025-05-03 13:39:00,205,4,6,UPI,Success,0,
864,864,9,143980.29,2025-05-03 13:40:00,864,7,8,NEFT,Success,0,
679,679,9,70266.05,2025-05-03 13:41:00,679,15,7,NEFT,Pending,0,
173,173,8,199506.68,2025-05-03 13:42:00,173,6,10,NETBANKING,Success,0,
958,958,4,20318.61,2025-05-03 13:43:00,958,14,10,NETBANKING,Success,1,New Device Transaction
730,730,1,91815.49,2025-05-03 13:44:00,730,17,2,ATM,Success,0,
306,306,9,174451.17,2025-05-03 13:45:00,306,27,10,UPI,Success,0,
222,222,5,167584.22,2025-05-03 13:46:00,222,18,5,UPI,Success,1,Foreign Location
661,661,1,199618.37,2025-05-03 13:47:00,661,30,8,NETBANKING,Success,0,
347,347,9,178665.87,2025-05-03 13:48:00,347,21,4,ATM,Success,0,
277,277,9,53800.82,2025-05-03 13:49:00,277,15,10,IMPS,Success,0,
204,204,8,111579.48,2025-05-03 13:50:00,204,7,10,IMPS,Success,0,
565,565,5,167341.44,2025-05-03 13:51:00,565,16,1,POS,Success,0,
97,97,4,144460.4,2025-05-03 13:52:00,97,29,6,IMPS,Failed,0,
902,902,6,111854.37,2025-05-03 13:53:00,902,4,2,UPI,Success,0,
967,967,10,60234.28,2025-05-03 13:54:00,967,29,6,ATM,Success,0,
212,212,8,18448.81,2025-05-03 13:55:00,212,10,3,POS,Success,0,
284,284,2,92130.0,2025-05-03 13:56:00,284,9,4,IMPS,Success,0,
369,369,4,139977.2,2025-05-03 13:57:00,369,8,5,UPI,Failed,0,
91,91,1,40366.51,2025-05-03 13:58:00,91,2,3,POS,Success,1,Foreign Location
37,37,1,5726.45,2025-05-03 13:59:00,37,28,3,ATM,Success,0,
734,734,1,139296.16,2025-05-03 14:00:00,734,4,10,POS,Success,0,
325,325,6,38275.91,2025-05-03 14:01:00,325,17,2,NETBANKING,Success,0,
208,208,2,41596.33,2025-05-03 14:02:00,208,10,8,NETBANKING,Success,0,
651,651,7,120324.74,2025-05-03 14:03:00,651,15,3,RTGS,Success,0,
184,184,8,38359.34,2025-05-03 14:04:00,184,15,10,UPI,Success,0,
419,419,4,87928.32,2025-05-03 14:05:00,419,22,2,ATM,Success,0,
423,423,2,88089.44,2025-05-03 14:06:00,423,18,3,ATM,Success,0,
606,606,4,39021.0,2025-05-03 14:07:00,606,7,6,NEFT,Success,0,
751,751,2,155428.76,2025-05-03 14:08:00,751,21,6,UPI,Success,1,Foreign Location
809,809,3,86945.47,2025-05-03 14:09:00,809,12,1,RTGS,Success,0,
296,296,10,44257.5,2025-05-03 14:10:00,296,21,3,NETBANKING,Success,0,
901,901,6,179818.02,2025-05-03 14:11:00,901,11,10,RTGS,Success,0,
401,401,9,93036.72,2025-05-03 14:12:00,401,26,2,UPI,Success,0,
266,266,3,178155.75,2025-05-03 14:13:00,266,24,7,ATM,Success,0,
360,360,3,26326.71,2025-05-03 14:14:00,360,13,7,IMPS,Success,0,
491,491,3,166131.31,2025-05-03 14:15:00,491,14,7,IMPS,Success,0,
526,526,4,8181.84,2025-05-03 14:16:00,526,22,9,NETBANKING,Success,0,
806,806,9,121169.73,2025-05-03 14:17:00,806,13,5,RTGS,Success,0,
779,779,9,199677.94,2025-05-03 14:18:00,779,20,6,IMPS,Success,0,
827,827,6,141774.65,2025-05-03 14:19:00,827,23,8,UPI,Success,0,
958,958,3,193337.36,2025-05-03 14:20:00,958,2,2,NEFT,Success,0,
155,155,5,24067.09,2025-05-03 14:21:00,155,2,3,IMPS,Success,0,
18,18,8,4374.73,2025-05-03 14:22:00,18,16,2,POS,Success,0,
116,116,7,13609.45,2025-05-03 14:23:00,116,3,2,IMPS,Success,0,
479,479,7,85641.14,2025-05-03 14:24:00,479,11,9,IMPS,Success,0,
266,266,8,149158.88,2025-05-03 14:25:00,266,10,10,ATM,Success,0,
686,686,6,169705.66,2025-05-03 14:26:00,686,30,3,IMPS,Success,0,
642,642,2,78771.06,2025-05-03 14:27:00,642,22,5,UPI,Success,0,
261,261,7,44985.95,2025-05-03 14:28:00,261,5,5,NEFT,Pending,0,
203,203,6,2445.07,2025-05-03 14:29:00,203,25,5,NEFT,Success,0,
63,63,5,147709.28,2025-05-03 14:30:00,63,30,10,IMPS,Failed,0,
524,524,1,21958.78,2025-05-03 14:31:00,524,8,2,NETBANKING,Success,0,
402,402,8,112532.97,2025-05-03 14:32:00,402,20,9,UPI,Success,0,
352,352,2,148641.23,2025-05-03 14:33:00,352,19,7,POS,Success,0,
905,905,9,77755.83,2025-05-03 14:34:00,905,29,3,ATM,Failed,1,Night Transaction
967,967,1,181907.75,2025-05-03 14:35:00,967,17,10,NEFT,Success,0,
847,847,1,14234.24,2025-05-03 14:36:00,847,20,1,RTGS,Pending,0,
219,219,7,175256.9,2025-05-03 14:37:00,219,25,3,NETBANKING,Success,0,
171,171,4,145604.93,2025-05-03 14:38:00,171,4,2,RTGS,Success,0,
441,441,2,195953.1,2025-05-03 14:39:00,441,16,1,ATM,Success,0,
402,402,7,80602.77,2025-05-03 14:40:00,402,6,5,IMPS,Pending,0,
457,457,8,165878.21,2025-05-03 14:41:00,457,4,10,POS,Success,0,
503,503,3,32283.03,2025-05-03 14:42:00,503,1,7,RTGS,Success,1,Foreign Location
41,41,1,46778.93,2025-05-03 14:43:00,41,18,5,RTGS,Success,0,
333,333,1,123152.26,2025-05-03 14:44:00,333,26,7,IMPS,Success,0,
29,29,9,5036.22,2025-05-03 14:45:00,29,26,2,NETBANKING,Success,0,
999,999,5,155486.21,2025-05-03 14:46:00,999,10,10,UPI,Success,0,
782,782,5,104289.16,2025-05-03 14:47:00,782,11,7,UPI,Success,0,
411,411,9,5523.69,2025-05-03 14:48:00,411,12,9,IMPS,Success,0,
619,619,2,65960.75,2025-05-03 14:49:00,619,17,1,RTGS,Success,0,
289,289,3,109845.04,2025-05-03 14:50:00,289,25,5,NEFT,Success,0,
163,163,7,156041.3,2025-05-03 14:51:00,163,24,6,RTGS,Success,0,
773,773,5,103916.76,2025-05-03 14:52:00,773,29,5,POS,Success,0,
662,662,1,79287.72,2025-05-03 14:53:00,662,24,2,IMPS,Success,0,
863,863,6,100670.5,2025-05-03 14:54:00,863,14,7,POS,Failed,0,
712,712,1,59701.8,2025-05-03 14:55:00,712,19,2,UPI,Success,0,
172,172,3,161298.58,2025-05-03 14:56:00,172,9,8,NEFT,Success,0,
338,338,10,14184.64,2025-05-03 14:57:00,338,21,2,RTGS,Success,0,
761,761,4,100902.82,2025-05-03 14:58:00,761,5,10,ATM,Failed,0,
41,41,6,11768.89,2025-05-03 14:59:00,41,4,5,IMPS,Success,0,
653,653,2,196201.51,2025-05-03 15:00:00,653,28,7,IMPS,Success,0,
158,158,3,155743.2,2025-05-03 15:01:00,158,21,2,NETBANKING,Success,1,Multiple Transactions
354,354,5,72682.88,2025-05-03 15:02:00,354,20,10,RTGS,Failed,1,High Amount Transaction
146,146,10,120262.16,2025-05-03 15:03:00,146,28,1,POS,Pending,0,
57,57,5,99594.73,2025-05-03 15:04:00,57,23,3,UPI,Success,0,
45,45,3,113543.65,2025-05-03 15:05:00,45,28,5,IMPS,Success,1,New Device Transaction
945,945,6,146834.11,2025-05-03 15:06:00,945,19,2,NETBANKING,Success,0,
664,664,2,121531.42,2025-05-03 15:07:00,664,15,10,RTGS,Success,0,
236,236,9,72346.01,2025-05-03 15:08:00,236,28,4,ATM,Success,0,
185,185,5,131144.64,2025-05-03 15:09:00,185,28,5,UPI,Success,0,
444,444,1,88395.63,2025-05-03 15:10:00,444,21,10,POS,Success,0,
595,595,2,16179.6,2025-05-03 15:11:00,595,9,5,IMPS,Success,0,
370,370,1,196925.22,2025-05-03 15:12:00,370,9,4,RTGS,Failed,0,
678,678,6,63430.64,2025-05-03 15:13:00,678,17,8,POS,Success,0,
989,989,1,146105.36,2025-05-03 15:14:00,989,17,1,RTGS,Pending,0,
827,827,8,83281.9,2025-05-03 15:15:00,827,20,2,UPI,Failed,0,
329,329,3,40658.93,2025-05-03 15:16:00,329,5,8,ATM,Success,1,Night Transaction
409,409,9,181524.25,2025-05-03 15:17:00,409,19,1,NETBANKING,Failed,0,
657,657,2,53678.9,2025-05-03 15:18:00,657,12,9,IMPS,Success,0,
71,71,4,7356.29,2025-05-03 15:19:00,71,13,9,RTGS,Success,0,
716,716,6,180708.5,2025-05-03 15:20:00,716,10,7,NETBANKING,Success,0,
470,470,7,160374.69,2025-05-03 15:21:00,470,17,9,POS,Failed,0,
485,485,6,107151.3,2025-05-03 15:22:00,485,21,3,IMPS,Success,0,
119,119,5,23380.74,2025-05-03 15:23:00,119,17,8,NEFT,Success,0,
185,185,6,49491.0,2025-05-03 15:24:00,185,30,9,POS,Success,0,
559,559,9,72908.59,2025-05-03 15:25:00,559,24,8,UPI,Success,0,
961,961,3,169397.61,2025-05-03 15:26:00,961,25,4,NETBANKING,Success,0,
343,343,4,140764.8,2025-05-03 15:27:00,343,4,6,ATM,Success,0,
441,441,7,100406.64,2025-05-03 15:28:00,441,14,7,UPI,Success,0,
360,360,9,28203.38,2025-05-03 15:29:00,360,12,6,ATM,Success,0,
715,715,9,67340.09,2025-05-03 15:30:00,715,25,6,UPI,Success,0,
557,557,1,66197.26,2025-05-03 15:31:00,557,11,2,IMPS,Success,0,
461,461,3,86720.42,2025-05-03 15:32:00,461,19,1,POS,Success,0,
939,939,9,137350.18,2025-05-03 15:33:00,939,26,2,ATM,Success,0,
249,249,7,165605.99,2025-05-03 15:34:00,249,6,2,IMPS,Pending,1,Multiple Transactions
565,565,7,36161.69,2025-05-03 15:35:00,565,24,4,IMPS,Success,0,
878,878,8,28737.49,2025-05-03 15:36:00,878,24,9,POS,Pending,0,
746,746,10,70305.85,2025-05-03 15:37:00,746,13,6,NETBANKING,Success,0,
929,929,4,110062.15,2025-05-03 15:38:00,929,21,2,ATM,Pending,0,
715,715,6,148836.08,2025-05-03 15:39:00,715,17,1,NEFT,Success,1,Foreign Location
653,653,1,50137.24,2025-05-03 15:40:00,653,11,5,NEFT,Success,0,
312,312,2,13693.62,2025-05-03 15:41:00,312,22,3,NEFT,Success,0,
760,760,4,124923.81,2025-05-03 15:42:00,760,11,6,POS,Success,0,
663,663,9,159742.79,2025-05-03 15:43:00,663,5,1,RTGS,Success,0,
127,127,6,164175.35,2025-05-03 15:44:00,127,25,9,RTGS,Success,0,
701,701,5,127316.1,2025-05-03 15:45:00,701,23,2,UPI,Success,0,
105,105,10,57263.48,2025-05-03 15:46:00,105,30,10,NETBANKING,Success,0,
988,988,6,102017.45,2025-05-03 15:47:00,988,18,9,NETBANKING,Success,0,
561,561,4,170350.78,2025-05-03 15:48:00,561,3,9,IMPS,Success,0,
467,467,10,98061.01,2025-05-03 15:49:00,467,12,8,ATM,Pending,0,
408,408,3,3773.75,2025-05-03 15:50:00,408,12,1,NETBANKING,Success,0,
108,108,4,157759.98,2025-05-03 15:51:00,108,28,7,NETBANKING,Success,0,
406,406,3,139598.64,2025-05-03 15:52:00,406,1,7,UPI,Pending,0,
299,299,10,118329.86,2025-05-03 15:53:00,299,28,6,IMPS,Success,0,
364,364,2,196367.23,2025-05-03 15:54:00,364,6,2,IMPS,Success,0,
866,866,1,104501.07,2025-05-03 15:55:00,866,8,2,NEFT,Failed,0,
38,38,10,89024.47,2025-05-03 15:56:00,38,10,5,ATM,Success,0,
67,67,10,109122.14,2025-05-03 15:57:00,67,2,3,POS,Success,0,
794,794,10,87318.61,2025-05-03 15:58:00,794,18,3,POS,Success,0,
997,997,5,100670.08,2025-05-03 15:59:00,997,5,3,POS,Success,0,
838,838,9,64357.8,2025-05-03 16:00:00,838,10,8,POS,Success,0,
827,827,1,151092.77,2025-05-03 16:01:00,827,20,7,IMPS,Success,0,
918,918,6,94102.95,2025-05-03 16:02:00,918,8,4,NETBANKING,Success,0,
862,862,4,5487.97,2025-05-03 16:03:00,862,16,8,ATM,Success,0,
746,746,3,65348.2,2025-05-03 16:04:00,746,23,1,POS,Success,0,
885,885,1,69773.48,2025-05-03 16:05:00,885,6,2,ATM,Success,0,
239,239,7,133625.94,2025-05-03 16:06:00,239,8,9,POS,Success,0,
694,694,5,62162.13,2025-05-03 16:07:00,694,22,1,RTGS,Failed,0,
240,240,8,194018.32,2025-05-03 16:08:00,240,20,1,NETBANKING,Success,0,
434,434,8,107879.84,2025-05-03 16:09:00,434,30,1,NEFT,Success,0,
516,516,9,110848.72,2025-05-03 16:10:00,516,10,7,NEFT,Success,0,
434,434,10,183547.48,2025-05-03 16:11:00,434,24,1,NEFT,Success,0,
689,689,9,120026.58,2025-05-03 16:12:00,689,7,6,NEFT,Success,0,
37,37,1,60511.96,2025-05-03 16:13:00,37,16,9,ATM,Success,0,
943,943,9,68993.67,2025-05-03 16:14:00,943,5,6,ATM,Success,0,
519,519,8,73740.37,2025-05-03 16:15:00,519,28,10,POS,Success,0,
223,223,4,17791.4,2025-05-03 16:16:00,223,29,5,POS,Success,0,
983,983,8,101152.37,2025-05-03 16:17:00,983,24,1,ATM,Success,0,
727,727,7,122421.77,2025-05-03 16:18:00,727,16,6,ATM,Success,0,
657,657,1,31659.61,2025-05-03 16:19:00,657,21,1,ATM,Failed,0,
766,766,1,118954.94,2025-05-03 16:20:00,766,26,6,POS,Success,0,
44,44,1,18623.96,2025-05-03 16:21:00,44,19,10,IMPS,Success,0,
426,426,4,60358.4,2025-05-03 16:22:00,426,9,10,NEFT,Failed,0,
223,223,2,140147.94,2025-05-03 16:23:00,223,2,5,NETBANKING,Success,0,
476,476,7,41273.88,2025-05-03 16:24:00,476,19,4,RTGS,Success,0,
871,871,4,79155.35,2025-05-03 16:25:00,871,7,7,RTGS,Success,0,
66,66,7,164461.63,2025-05-03 16:26:00,66,16,7,IMPS,Success,0,
816,816,4,17177.64,2025-05-03 16:27:00,816,14,8,ATM,Success,0,
395,395,3,181553.43,2025-05-03 16:28:00,395,17,2,ATM,Success,1,New Device Transaction
967,967,10,34544.66,2025-05-03 16:29:00,967,1,9,UPI,Success,0,
794,794,2,113616.94,2025-05-03 16:30:00,794,25,4,RTGS,Success,0,
16,16,1,147802.52,2025-05-03 16:31:00,16,18,3,IMPS,Success,0,
637,637,10,22818.65,2025-05-03 16:32:00,637,5,10,UPI,Success,0,
883,883,9,83362.68,2025-05-03 16:33:00,883,23,8,UPI,Success,0,
357,357,7,139827.43,2025-05-03 16:34:00,357,5,6,RTGS,Success,0,
991,991,7,4380.57,2025-05-03 16:35:00,991,14,3,POS,Success,0,
266,266,9,54827.29,2025-05-03 16:36:00,266,23,10,POS,Pending,0,
663,663,7,47880.28,2025-05-03 16:37:00,663,17,5,NEFT,Success,0,
733,733,7,104359.62,2025-05-03 16:38:00,733,12,9,POS,Success,0,
185,185,5,126009.29,2025-05-03 16:39:00,185,18,4,IMPS,Success,0,
985,985,10,7105.74,2025-05-03 16:40:00,985,15,3,POS,Success,0,
526,526,8,4822.73,2025-05-03 16:41:00,526,12,2,NETBANKING,Success,0,
200,200,4,176300.9,2025-05-03 16:42:00,200,6,4,NEFT,Success,0,
965,965,7,6703.25,2025-05-03 16:43:00,965,8,6,RTGS,Pending,0,
81,81,2,98207.43,2025-05-03 16:44:00,81,21,3,POS,Success,0,
301,301,10,156387.27,2025-05-03 16:45:00,301,27,1,ATM,Success,0,
973,973,1,86310.99,2025-05-03 16:46:00,973,5,1,RTGS,Success,0,
867,867,4,68528.64,2025-05-03 16:47:00,867,24,2,NEFT,Success,0,
441,441,6,63543.89,2025-05-03 16:48:00,441,5,6,NEFT,Success,0,
475,475,3,126122.55,2025-05-03 16:49:00,475,16,2,NEFT,Success,1,Foreign Location
43,43,4,196293.1,2025-05-03 16:50:00,43,2,10,NEFT,Failed,0,
751,751,3,63603.12,2025-05-03 16:51:00,751,4,1,ATM,Success,0,
691,691,7,87391.72,2025-05-03 16:52:00,691,17,8,RTGS,Success,0,
150,150,2,88588.14,2025-05-03 16:53:00,150,18,5,ATM,Success,0,
832,832,1,7972.67,2025-05-03 16:54:00,832,26,9,NETBANKING,Success,0,
300,300,5,90117.34,2025-05-03 16:55:00,300,14,6,NEFT,Success,0,
652,652,9,1982.84,2025-05-03 16:56:00,652,18,8,UPI,Success,0,
281,281,5,75481.4,2025-05-03 16:57:00,281,12,9,RTGS,Success,1,High Amount Transaction
815,815,4,90583.27,2025-05-03 16:58:00,815,27,2,RTGS,Success,0,
181,181,9,157794.37,2025-05-03 16:59:00,181,14,8,POS,Success,0,
601,601,10,47580.9,2025-05-03 17:00:00,601,1,2,POS,Success,0,
106,106,2,175645.67,2025-05-03 17:01:00,106,19,2,ATM,Success,0,
172,172,9,62196.61,2025-05-03 17:02:00,172,17,1,RTGS,Failed,0,
6,6,1,130487.21,2025-05-03 17:03:00,6,12,3,IMPS,Success,0,
632,632,9,111606.01,2025-05-03 17:04:00,632,28,10,IMPS,Success,0,
532,532,3,183320.75,2025-05-03 17:05:00,532,14,6,POS,Success,0,
881,881,5,99296.11,2025-05-03 17:06:00,881,6,5,NETBANKING,Success,0,
368,368,4,80178.86,2025-05-03 17:07:00,368,20,10,IMPS,Success,0,
330,330,7,69129.88,2025-05-03 17:08:00,330,28,8,POS,Success,1,Night Transaction
756,756,8,66003.59,2025-05-03 17:09:00,756,5,9,IMPS,Success,0,
473,473,2,31508.11,2025-05-03 17:10:00,473,14,3,RTGS,Success,0,
363,363,6,48714.73,2025-05-03 17:11:00,363,30,3,NETBANKING,Failed,0,
973,973,4,183650.57,2025-05-03 17:12:00,973,16,4,NETBANKING,Success,0,
617,617,8,40927.7,2025-05-03 17:13:00,617,4,4,IMPS,Success,0,
83,83,2,134548.61,2025-05-03 17:14:00,83,12,6,NEFT,Success,0,
577,577,1,198519.51,2025-05-03 17:15:00,577,25,7,IMPS,Success,0,
358,358,10,145328.33,2025-05-03 17:16:00,358,19,10,UPI,Success,0,
288,288,9,47711.07,2025-05-03 17:17:00,288,8,5,RTGS,Success,0,
40,40,2,144752.29,2025-05-03 17:18:00,40,26,7,POS,Failed,0,
528,528,5,33511.89,2025-05-03 17:19:00,528,23,2,NEFT,Success,0,
355,355,2,12072.72,2025-05-03 17:20:00,355,15,1,UPI,Success,0,
562,562,7,170486.22,2025-05-03 17:21:00,562,27,2,UPI,Success,0,
556,556,6,40218.68,2025-05-03 17:22:00,556,12,9,NEFT,Success,0,
5,5,6,111208.17,2025-05-03 17:23:00,5,30,5,UPI,Success,0,
337,337,6,161492.77,2025-05-03 17:24:00,337,30,9,NETBANKING,Pending,0,
608,608,5,147119.82,2025-05-03 17:25:00,608,3,8,POS,Failed,0,
727,727,10,97375.81,2025-05-03 17:26:00,727,12,10,POS,Success,0,
408,408,10,32814.56,2025-05-03 17:27:00,408,11,2,NEFT,Success,0,
160,160,7,4499.59,2025-05-03 17:28:00,160,29,7,RTGS,Pending,0,
817,817,7,18099.98,2025-05-03 17:29:00,817,18,6,NETBANKING,Success,0,
25,25,7,121976.47,2025-05-03 17:30:00,25,19,7,UPI,Success,0,
65,65,4,195324.21,2025-05-03 17:31:00,65,20,8,NEFT,Success,0,
821,821,7,49727.82,2025-05-03 17:32:00,821,13,8,ATM,Success,0,
578,578,5,156466.98,2025-05-03 17:33:00,578,4,6,RTGS,Success,1,New Device Transaction
355,355,3,198890.25,2025-05-03 17:34:00,355,3,4,NETBANKING,Success,0,
619,619,10,157084.45,2025-05-03 17:35:00,619,4,10,RTGS,Success,0,
962,962,3,169935.55,2025-05-03 17:36:00,962,29,10,POS,Success,0,
36,36,7,197572.31,2025-05-03 17:37:00,36,30,6,IMPS,Success,0,
804,804,2,85441.93,2025-05-03 17:38:00,804,19,10,NETBANKING,Pending,0,
555,555,10,191557.51,2025-05-03 17:39:00,555,2,1,POS,Success,0,
859,859,4,70586.33,2025-05-03 17:40:00,859,19,4,RTGS,Success,0,
601,601,5,127567.82,2025-05-03 17:41:00,601,30,1,RTGS,Failed,0,
770,770,7,42078.96,2025-05-03 17:42:00,770,27,4,ATM,Pending,0,
793,793,4,161586.68,2025-05-03 17:43:00,793,26,5,RTGS,Pending,0,
811,811,4,112985.89,2025-05-03 17:44:00,811,4,6,UPI,Success,0,
565,565,3,130851.04,2025-05-03 17:45:00,565,4,1,UPI,Success,0,
827,827,5,86253.87,2025-05-03 17:46:00,827,10,10,NEFT,Pending,0,
160,160,1,95627.68,2025-05-03 17:47:00,160,5,1,NETBANKING,Success,0,
27,27,8,62620.11,2025-05-03 17:48:00,27,27,10,IMPS,Success,0,
258,258,9,78315.04,2025-05-03 17:49:00,258,26,9,NEFT,Success,0,
868,868,6,88023.1,2025-05-03 17:50:00,868,27,9,NEFT,Failed,0,
547,547,10,162575.8,2025-05-03 17:51:00,547,20,4,IMPS,Success,0,
276,276,5,37372.4,2025-05-03 17:52:00,276,19,7,NETBANKING,Success,0,
62,62,7,130079.03,2025-05-03 17:53:00,62,17,5,RTGS,Success,0,
335,335,4,59542.31,2025-05-03 17:54:00,335,28,6,NEFT,Success,0,
912,912,9,49276.26,2025-05-03 17:55:00,912,20,2,NEFT,Success,0,
890,890,2,48444.44,2025-05-03 17:56:00,890,11,1,RTGS,Success,0,
111,111,7,35994.91,2025-05-03 17:57:00,111,12,5,POS,Pending,0,
754,754,7,65569.61,2025-05-03 17:58:00,754,27,8,RTGS,Success,0,
950,950,7,96192.51,2025-05-03 17:59:00,950,20,4,NEFT,Success,0,
208,208,7,171123.48,2025-05-03 18:00:00,208,8,3,ATM,Pending,0,
640,640,4,130944.56,2025-05-03 18:01:00,640,24,2,POS,Success,0,
85,85,10,169168.39,2025-05-03 18:02:00,85,15,1,IMPS,Success,0,
428,428,4,13983.37,2025-05-03 18:03:00,428,15,7,NETBANKING,Success,0,
321,321,10,197998.09,2025-05-03 18:04:00,321,6,7,NETBANKING,Success,0,
340,340,3,4228.57,2025-05-03 18:05:00,340,8,4,ATM,Success,0,
535,535,3,187764.48,2025-05-03 18:06:00,535,9,2,ATM,Success,0,
769,769,1,35233.83,2025-05-03 18:07:00,769,21,4,POS,Success,0,
968,968,5,187251.43,2025-05-03 18:08:00,968,1,2,IMPS,Success,0,
929,929,3,127857.92,2025-05-03 18:09:00,929,25,5,RTGS,Success,0,
854,854,5,105951.71,2025-05-03 18:10:00,854,14,7,RTGS,Success,1,New Device Transaction
895,895,10,199902.28,2025-05-03 18:11:00,895,8,7,POS,Success,0,
805,805,3,177342.27,2025-05-03 18:12:00,805,19,10,POS,Success,0,
539,539,7,66132.19,2025-05-03 18:13:00,539,13,5,IMPS,Success,0,
588,588,8,113056.47,2025-05-03 18:14:00,588,29,4,RTGS,Success,0,
743,743,3,118636.21,2025-05-03 18:15:00,743,28,6,UPI,Success,0,
473,473,7,44831.22,2025-05-03 18:16:00,473,9,3,RTGS,Success,0,
265,265,8,90377.46,2025-05-03 18:17:00,265,8,9,POS,Success,0,
649,649,5,29107.35,2025-05-03 18:18:00,649,14,3,NEFT,Success,0,
359,359,9,69372.87,2025-05-03 18:19:00,359,28,5,POS,Success,0,
296,296,4,71592.25,2025-05-03 18:20:00,296,14,2,ATM,Success,0,
758,758,2,133380.05,2025-05-03 18:21:00,758,26,7,UPI,Success,0,
93,93,10,13118.81,2025-05-03 18:22:00,93,29,1,UPI,Success,0,
761,761,7,93262.49,2025-05-03 18:23:00,761,8,3,NETBANKING,Success,0,
924,924,8,181606.34,2025-05-03 18:24:00,924,23,5,NETBANKING,Success,0,
584,584,8,34129.23,2025-05-03 18:25:00,584,24,4,NETBANKING,Success,0,
744,744,10,62649.94,2025-05-03 18:26:00,744,30,7,UPI,Success,0,
587,587,5,174385.14,2025-05-03 18:27:00,587,16,5,RTGS,Success,0,
905,905,9,174707.38,2025-05-03 18:28:00,905,20,7,ATM,Success,0,
315,315,7,38521.85,2025-05-03 18:29:00,315,11,6,NETBANKING,Success,0,
790,790,2,75099.22,2025-05-03 18:30:00,790,4,10,NETBANKING,Success,0,
466,466,9,189557.88,2025-05-03 18:31:00,466,5,4,NEFT,Success,0,
483,483,5,2199.56,2025-05-03 18:32:00,483,26,10,ATM,Success,0,
57,57,9,152298.59,2025-05-03 18:33:00,57,8,3,POS,Failed,0,
163,163,2,149407.72,2025-05-03 18:34:00,163,8,9,NEFT,Success,0,
394,394,7,137767.73,2025-05-03 18:35:00,394,30,4,IMPS,Success,0,
200,200,1,195089.66,2025-05-03 18:36:00,200,3,4,NETBANKING,Success,0,
315,315,10,119248.65,2025-05-03 18:37:00,315,25,9,NETBANKING,Success,0,
453,453,4,101696.2,2025-05-03 18:38:00,453,3,8,NEFT,Success,0,
778,778,10,179901.39,2025-05-03 18:39:00,778,25,2,ATM,Success,0,
659,659,1,5301.3,2025-05-03 18:40:00,659,22,9,IMPS,Pending,0,
270,270,8,100298.57,2025-05-03 18:41:00,270,25,6,NETBANKING,Success,0,
214,214,4,184122.21,2025-05-03 18:42:00,214,28,10,UPI,Success,0,
147,147,7,130892.97,2025-05-03 18:43:00,147,16,10,RTGS,Success,0,
929,929,9,197886.5,2025-05-03 18:44:00,929,17,2,NEFT,Success,0,
556,556,9,104190.09,2025-05-03 18:45:00,556,27,10,RTGS,Success,0,
358,358,4,2445.62,2025-05-03 18:46:00,358,15,9,RTGS,Success,0,
120,120,7,29093.09,2025-05-03 18:47:00,120,17,2,ATM,Success,0,
108,108,9,22402.48,2025-05-03 18:48:00,108,3,4,POS,Success,1,Foreign Location
356,356,10,73371.44,2025-05-03 18:49:00,356,26,2,ATM,Failed,0,
329,329,1,84705.74,2025-05-03 18:50:00,329,15,10,ATM,Success,0,
128,128,5,31067.59,2025-05-03 18:51:00,128,2,7,POS,Success,0,
286,286,4,161906.37,2025-05-03 18:52:00,286,9,4,UPI,Pending,0,
444,444,8,178382.78,2025-05-03 18:53:00,444,13,3,NEFT,Failed,0,
636,636,6,73318.16,2025-05-03 18:54:00,636,6,6,ATM,Pending,0,
778,778,6,196237.33,2025-05-03 18:55:00,778,13,3,IMPS,Success,0,
457,457,8,198371.39,2025-05-03 18:56:00,457,1,3,POS,Success,0,
203,203,3,9093.14,2025-05-03 18:57:00,203,21,5,POS,Success,0,
73,73,4,35041.91,2025-05-03 18:58:00,73,8,9,NEFT,Success,0,
256,256,4,141045.19,2025-05-03 18:59:00,256,4,5,RTGS,Success,0,
759,759,6,184850.22,2025-05-03 19:00:00,759,4,9,POS,Success,0,
821,821,5,16971.77,2025-05-03 19:01:00,821,18,2,NEFT,Success,0,
349,349,3,33164.33,2025-05-03 19:02:00,349,13,1,IMPS,Success,0,
594,594,10,199620.3,2025-05-03 19:03:00,594,6,7,IMPS,Pending,0,
740,740,4,115630.22,2025-05-03 19:04:00,740,24,9,RTGS,Success,0,
810,810,8,102157.22,2025-05-03 19:05:00,810,15,4,RTGS,Success,0,
825,825,10,72213.46,2025-05-03 19:06:00,825,14,10,ATM,Success,0,
600,600,5,133897.39,2025-05-03 19:07:00,600,28,10,UPI,Success,1,High Amount Transaction
845,845,4,17899.59,2025-05-03 19:08:00,845,26,9,UPI,Success,0,
646,646,3,37578.13,2025-05-03 19:09:00,646,26,1,NEFT,Success,0,
159,159,1,65979.89,2025-05-03 19:10:00,159,4,8,UPI,Success,0,
719,719,4,162226.92,2025-05-03 19:11:00,719,27,8,NETBANKING,Success,0,
764,764,9,82823.65,2025-05-03 19:12:00,764,11,6,RTGS,Success,0,
35,35,6,32703.92,2025-05-03 19:13:00,35,10,10,NETBANKING,Success,0,
607,607,9,135494.61,2025-05-03 19:14:00,607,1,3,RTGS,Success,0,
700,700,6,57349.04,2025-05-03 19:15:00,700,17,8,NEFT,Success,0,
566,566,4,158192.26,2025-05-03 19:16:00,566,18,7,UPI,Success,1,High Amount Transaction
745,745,3,46720.43,2025-05-03 19:17:00,745,14,3,POS,Success,0,
588,588,9,54004.55,2025-05-03 19:18:00,588,1,7,IMPS,Failed,0,
990,990,4,6023.92,2025-05-03 19:19:00,990,14,4,IMPS,Success,0,
227,227,10,100895.43,2025-05-03 19:20:00,227,17,3,POS,Success,0,
511,511,3,155377.46,2025-05-03 19:21:00,511,18,10,POS,Success,0,
630,630,6,25203.82,2025-05-03 19:22:00,630,30,7,UPI,Success,0,
946,946,7,119406.35,2025-05-03 19:23:00,946,27,4,ATM,Success,0,
461,461,1,86215.68,2025-05-03 19:24:00,461,7,8,IMPS,Success,0,
859,859,7,52906.33,2025-05-03 19:25:00,859,3,10,POS,Success,0,
172,172,5,170782.84,2025-05-03 19:26:00,172,14,4,NETBANKING,Success,0,
785,785,5,135251.25,2025-05-03 19:27:00,785,2,8,ATM,Success,0,
723,723,6,159179.35,2025-05-03 19:28:00,723,19,7,POS,Success,0,
967,967,9,113089.79,2025-05-03 19:29:00,967,26,10,UPI,Success,0,
506,506,7,155617.69,2025-05-03 19:30:00,506,21,4,NETBANKING,Success,0,
366,366,10,14497.93,2025-05-03 19:31:00,366,30,9,NEFT,Success,0,
273,273,8,117036.49,2025-05-03 19:32:00,273,15,6,POS,Success,0,
702,702,3,133081.98,2025-05-03 19:33:00,702,23,9,NETBANKING,Failed,0,
363,363,3,26630.3,2025-05-03 19:34:00,363,2,5,IMPS,Success,0,
413,413,7,141490.34,2025-05-03 19:35:00,413,10,7,UPI,Success,1,New Device Transaction
934,934,9,54131.61,2025-05-03 19:36:00,934,19,2,POS,Success,0,
125,125,5,17298.6,2025-05-03 19:37:00,125,10,9,ATM,Success,0,
442,442,2,38112.79,2025-05-03 19:38:00,442,25,5,NEFT,Success,1,New Device Transaction
96,96,7,108983.11,2025-05-03 19:39:00,96,27,5,RTGS,Success,0,
430,430,10,174915.36,2025-05-03 19:40:00,430,9,2,UPI,Success,0,
151,151,7,62237.66,2025-05-03 19:41:00,151,23,4,RTGS,Pending,0,
38,38,10,6922.48,2025-05-03 19:42:00,38,7,6,ATM,Success,0,
984,984,6,40235.37,2025-05-03 19:43:00,984,11,2,ATM,Success,0,
984,984,6,185056.25,2025-05-03 19:44:00,984,23,7,UPI,Success,1,Multiple Transactions
767,767,9,8340.1,2025-05-03 19:45:00,767,12,1,NEFT,Failed,0,
772,772,1,110050.29,2025-05-03 19:46:00,772,5,5,RTGS,Success,0,
37,37,9,9060.53,2025-05-03 19:47:00,37,3,7,POS,Success,0,
534,534,8,79701.27,2025-05-03 19:48:00,534,6,9,POS,Pending,0,
300,300,6,180219.48,2025-05-03 19:49:00,300,16,2,ATM,Success,0,
503,503,2,161798.25,2025-05-03 19:50:00,503,27,3,ATM,Success,0,
663,663,10,9339.57,2025-05-03 19:51:00,663,30,10,UPI,Success,0,
682,682,2,82068.29,2025-05-03 19:52:00,682,14,5,POS,Success,1,Multiple Transactions
919,919,4,103263.16,2025-05-03 19:53:00,919,12,1,ATM,Success,0,
442,442,8,5730.49,2025-05-03 19:54:00,442,22,3,ATM,Success,0,
567,567,9,51317.99,2025-05-03 19:55:00,567,25,7,RTGS,Failed,0,
595,595,4,173944.2,2025-05-03 19:56:00,595,2,6,UPI,Success,0,
321,321,8,91891.76,2025-05-03 19:57:00,321,6,1,NEFT,Success,0,
90,90,6,177550.61,2025-05-03 19:58:00,90,5,10,POS,Success,0,
162,162,9,62348.8,2025-05-03 19:59:00,162,16,9,IMPS,Success,0,
334,334,6,137375.17,2025-05-03 20:00:00,334,14,3,NETBANKING,Success,0,
866,866,2,29150.32,2025-05-03 20:01:00,866,7,9,NETBANKING,Success,0,
479,479,2,96068.65,2025-05-03 20:02:00,479,19,9,ATM,Success,0,
689,689,8,126994.26,2025-05-03 20:03:00,689,29,7,IMPS,Success,0,
266,266,2,170152.32,2025-05-03 20:04:00,266,10,8,POS,Success,0,
92,92,8,10829.45,2025-05-03 20:05:00,92,28,2,RTGS,Success,0,
306,306,4,140562.06,2025-05-03 20:06:00,306,2,10,IMPS,Success,1,Foreign Location
854,854,10,142561.69,2025-05-03 20:07:00,854,2,6,NETBANKING,Success,0,
984,984,4,188564.29,2025-05-03 20:08:00,984,25,2,UPI,Success,0,
870,870,6,98588.15,2025-05-03 20:09:00,870,13,1,ATM,Success,0,
602,602,3,9938.32,2025-05-03 20:10:00,602,17,1,RTGS,Success,0,
395,395,9,61436.09,2025-05-03 20:11:00,395,3,9,POS,Success,0,
297,297,6,116716.82,2025-05-03 20:12:00,297,12,3,NEFT,Success,0,
573,573,6,67790.91,2025-05-03 20:13:00,573,17,10,ATM,Success,0,
967,967,6,104432.36,2025-05-03 20:14:00,967,6,7,IMPS,Success,0,
645,645,9,67777.95,2025-05-03 20:15:00,645,28,5,RTGS,Success,0,
456,456,4,193359.54,2025-05-03 20:16:00,456,10,9,NEFT,Success,1,New Device Transaction
244,244,2,14328.39,2025-05-03 20:17:00,244,16,7,RTGS,Success,0,
355,355,5,131909.47,2025-05-03 20:18:00,355,14,7,ATM,Success,0,
665,665,6,58106.41,2025-05-03 20:19:00,665,16,4,POS,Success,0,
989,989,5,20827.96,2025-05-03 20:20:00,989,30,4,IMPS,Success,0,
113,113,6,156153.42,2025-05-03 20:21:00,113,12,4,IMPS,Success,0,
350,350,10,48880.42,2025-05-03 20:22:00,350,27,6,NEFT,Success,0,
546,546,9,123052.21,2025-05-03 20:23:00,546,1,6,ATM,Success,0,
30,30,8,48179.56,2025-05-03 20:24:00,30,12,8,POS,Success,1,High Amount Transaction
133,133,4,144123.22,2025-05-03 20:25:00,133,16,1,RTGS,Success,0,
56,56,2,20021.51,2025-05-03 20:26:00,56,19,2,UPI,Success,0,
351,351,9,125824.33,2025-05-03 20:27:00,351,6,9,RTGS,Success,0,
144,144,6,120795.67,2025-05-03 20:28:00,144,12,3,RTGS,Success,1,Multiple Transactions
874,874,10,37296.25,2025-05-03 20:29:00,874,26,6,POS,Success,0,
592,592,1,111162.73,2025-05-03 20:30:00,592,4,5,NETBANKING,Pending,0,
625,625,9,62168.9,2025-05-03 20:31:00,625,11,7,RTGS,Success,0,
654,654,4,134509.85,2025-05-03 20:32:00,654,15,10,POS,Success,0,
779,779,5,96692.54,2025-05-03 20:33:00,779,2,1,IMPS,Failed,0,
620,620,3,3657.54,2025-05-03 20:34:00,620,30,6,IMPS,Success,0,
16,16,4,44395.5,2025-05-03 20:35:00,16,28,3,POS,Success,0,
498,498,6,193282.23,2025-05-03 20:36:00,498,19,7,NEFT,Success,0,
338,338,2,121839.02,2025-05-03 20:37:00,338,11,1,IMPS,Success,0,
97,97,5,3237.94,2025-05-03 20:38:00,97,28,2,ATM,Success,0,
110,110,4,44293.32,2025-05-03 20:39:00,110,3,6,UPI,Success,0,
645,645,1,29124.92,2025-05-03 20:40:00,645,19,7,NETBANKING,Success,0,
794,794,2,78164.87,2025-05-03 20:41:00,794,5,1,ATM,Success,0,
492,492,7,131481.9,2025-05-03 20:42:00,492,3,1,UPI,Success,0,
706,706,6,148405.52,2025-05-03 20:43:00,706,11,9,UPI,Success,0,
62,62,9,150022.84,2025-05-03 20:44:00,62,27,7,POS,Success,0,
905,905,4,159275.86,2025-05-03 20:45:00,905,2,10,IMPS,Success,0,
286,286,7,130859.85,2025-05-03 20:46:00,286,2,2,NETBANKING,Success,0,
386,386,10,67152.02,2025-05-03 20:47:00,386,11,2,UPI,Success,0,
579,579,5,180334.4,2025-05-03 20:48:00,579,6,8,RTGS,Success,0,
196,196,1,76603.31,2025-05-03 20:49:00,196,17,10,UPI,Success,0,
583,583,5,136376.44,2025-05-03 20:50:00,583,8,3,NETBANKING,Pending,0,
694,694,3,180060.49,2025-05-03 20:51:00,694,23,5,NETBANKING,Success,0,
364,364,3,79379.97,2025-05-03 20:52:00,364,3,8,UPI,Success,0,
923,923,3,117319.31,2025-05-03 20:53:00,923,2,1,ATM,Success,0,
584,584,1,145941.43,2025-05-03 20:54:00,584,3,8,NEFT,Success,0,
379,379,8,10036.19,2025-05-03 20:55:00,379,29,6,NEFT,Pending,0,
434,434,10,168547.13,2025-05-03 20:56:00,434,1,4,RTGS,Success,1,Foreign Location
647,647,10,181615.28,2025-05-03 20:57:00,647,27,3,RTGS,Success,1,New Device Transaction
999,999,7,189686.32,2025-05-03 20:58:00,999,12,1,ATM,Success,0,
543,543,8,161287.69,2025-05-03 20:59:00,543,25,8,ATM,Failed,0,
160,160,10,63844.19,2025-05-03 21:00:00,160,22,1,ATM,Success,0,
252,252,6,155889.19,2025-05-03 21:01:00,252,1,2,ATM,Success,0,
773,773,6,189368.27,2025-05-03 21:02:00,773,24,7,NETBANKING,Success,0,
444,444,2,108724.1,2025-05-03 21:03:00,444,9,9,IMPS,Pending,0,
632,632,5,61290.16,2025-05-03 21:04:00,632,27,10,ATM,Success,0,
472,472,5,54335.98,2025-05-03 21:05:00,472,28,7,RTGS,Success,0,
874,874,10,157285.07,2025-05-03 21:06:00,874,18,7,NEFT,Success,0,
845,845,3,190925.0,2025-05-03 21:07:00,845,3,8,ATM,Failed,0,
149,149,4,120868.74,2025-05-03 21:08:00,149,13,2,NETBANKING,Success,0,
300,300,10,145771.51,2025-05-03 21:09:00,300,14,2,IMPS,Success,0,
29,29,8,21852.5,2025-05-03 21:10:00,29,4,3,POS,Success,0,
851,851,6,717.9,2025-05-03 21:11:00,851,9,3,NETBANKING,Success,0,
571,571,6,42076.65,2025-05-03 21:12:00,571,14,3,NETBANKING,Success,0,
254,254,6,122789.44,2025-05-03 21:13:00,254,25,1,NEFT,Success,0,
58,58,6,105486.4,2025-05-03 21:14:00,58,22,3,NEFT,Success,0,
448,448,3,32029.29,2025-05-03 21:15:00,448,17,1,UPI,Success,0,
972,972,3,132401.57,2025-05-03 21:16:00,972,9,1,NEFT,Success,0,
252,252,7,107213.6,2025-05-03 21:17:00,252,18,8,NETBANKING,Success,1,Night Transaction
233,233,10,195475.6,2025-05-03 21:18:00,233,23,3,UPI,Success,0,
769,769,3,199671.52,2025-05-03 21:19:00,769,3,9,NEFT,Success,0,
160,160,10,108553.01,2025-05-03 21:20:00,160,19,9,NEFT,Success,1,New Device Transaction
72,72,7,167296.75,2025-05-03 21:21:00,72,20,2,IMPS,Failed,0,
822,822,1,51338.34,2025-05-03 21:22:00,822,7,5,POS,Success,0,
729,729,6,123514.89,2025-05-03 21:23:00,729,29,4,POS,Success,0,
600,600,6,9112.32,2025-05-03 21:24:00,600,30,5,NEFT,Success,0,
987,987,10,110789.43,2025-05-03 21:25:00,987,1,4,ATM,Success,0,
423,423,1,28798.29,2025-05-03 21:26:00,423,3,9,IMPS,Success,0,
45,45,8,174086.56,2025-05-03 21:27:00,45,7,3,RTGS,Success,0,
711,711,2,149969.31,2025-05-03 21:28:00,711,17,10,NETBANKING,Success,0,
833,833,4,90310.74,2025-05-03 21:29:00,833,9,6,NEFT,Success,0,
632,632,9,122957.52,2025-05-03 21:30:00,632,24,8,IMPS,Success,0,
871,871,4,190560.71,2025-05-03 21:31:00,871,25,4,NEFT,Success,0,
774,774,10,122435.83,2025-05-03 21:32:00,774,13,6,RTGS,Success,0,
150,150,10,42734.17,2025-05-03 21:33:00,150,24,9,IMPS,Success,1,Night Transaction
862,862,8,2304.63,2025-05-03 21:34:00,862,16,7,NETBANKING,Success,0,
699,699,9,102698.42,2025-05-03 21:35:00,699,17,1,UPI,Success,0,
556,556,1,179008.71,2025-05-03 21:36:00,556,3,4,RTGS,Success,0,
597,597,6,198324.99,2025-05-03 21:37:00,597,10,4,UPI,Pending,0,
57,57,5,157642.01,2025-05-03 21:38:00,57,18,7,NEFT,Success,0,
643,643,1,16213.69,2025-05-03 21:39:00,643,16,5,POS,Success,0,
44,44,5,74749.42,2025-05-03 21:40:00,44,20,9,NETBANKING,Success,0,
844,844,8,95221.51,2025-05-03 21:41:00,844,21,7,POS,Success,0,
932,932,5,95787.34,2025-05-03 21:42:00,932,21,3,IMPS,Success,0,
855,855,2,57064.37,2025-05-03 21:43:00,855,17,6,NEFT,Success,0,
404,404,10,3861.96,2025-05-03 21:44:00,404,23,6,UPI,Success,0,
915,915,5,42762.08,2025-05-03 21:45:00,915,28,5,ATM,Success,0,
242,242,10,16775.4,2025-05-03 21:46:00,242,11,3,ATM,Success,0,
953,953,10,168530.62,2025-05-03 21:47:00,953,12,9,UPI,Success,0,
210,210,1,190418.59,2025-05-03 21:48:00,210,28,5,NEFT,Success,0,
922,922,4,94557.39,2025-05-03 21:49:00,922,1,1,NETBANKING,Success,1,High Amount Transaction
844,844,2,139418.92,2025-05-03 21:50:00,844,26,7,IMPS,Failed,0,
200,200,5,5677.46,2025-05-03 21:51:00,200,18,8,IMPS,Success,0,
293,293,6,59768.95,2025-05-03 21:52:00,293,9,4,POS,Success,0,
835,835,3,104899.31,2025-05-03 21:53:00,835,23,3,POS,Success,0,
533,533,8,98088.54,2025-05-03 21:54:00,533,22,5,ATM,Success,0,
980,980,6,167779.59,2025-05-03 21:55:00,980,24,8,NEFT,Success,0,
882,882,7,143795.5,2025-05-03 21:56:00,882,22,9,RTGS,Success,0,
997,997,10,105892.76,2025-05-03 21:57:00,997,6,4,UPI,Failed,0,
836,836,8,190405.18,2025-05-03 21:58:00,836,2,3,POS,Failed,0,
27,27,9,117501.03,2025-05-03 21:59:00,27,21,2,RTGS,Success,0,
396,396,10,82080.94,2025-05-03 22:00:00,396,3,7,NEFT,Success,0,
374,374,7,166166.23,2025-05-03 22:01:00,374,11,5,RTGS,Success,0,
723,723,8,136286.33,2025-05-03 22:02:00,723,2,2,RTGS,Success,0,
496,496,6,153732.19,2025-05-03 22:03:00,496,22,7,RTGS,Success,0,
869,869,4,46261.36,2025-05-03 22:04:00,869,5,3,POS,Pending,0,
71,71,5,149859.95,2025-05-03 22:05:00,71,11,5,NETBANKING,Success,0,
27,27,7,171864.38,2025-05-03 22:06:00,27,3,10,NETBANKING,Success,1,Multiple Transactions
851,851,2,6102.47,2025-05-03 22:07:00,851,10,6,ATM,Pending,0,
934,934,1,27837.19,2025-05-03 22:08:00,934,8,4,UPI,Success,0,
176,176,7,8408.94,2025-05-03 22:09:00,176,12,3,POS,Success,0,
792,792,5,29726.97,2025-05-03 22:10:00,792,27,8,NETBANKING,Success,0,
427,427,3,82661.44,2025-05-03 22:11:00,427,22,3,RTGS,Success,0,
506,506,2,89777.77,2025-05-03 22:12:00,506,5,4,IMPS,Success,0,
589,589,8,80461.48,2025-05-03 22:13:00,589,28,5,IMPS,Failed,0,
902,902,2,121852.7,2025-05-03 22:14:00,902,17,4,NEFT,Success,0,
203,203,8,164271.87,2025-05-03 22:15:00,203,1,5,ATM,Success,0,
920,920,7,182182.43,2025-05-03 22:16:00,920,11,7,RTGS,Success,0,
467,467,9,33296.24,2025-05-03 22:17:00,467,14,3,ATM,Success,0,
498,498,7,5597.63,2025-05-03 22:18:00,498,29,2,RTGS,Success,0,
514,514,10,133699.14,2025-05-03 22:19:00,514,12,2,UPI,Success,0,
334,334,8,51349.52,2025-05-03 22:20:00,334,20,2,UPI,Success,0,
290,290,10,148048.07,2025-05-03 22:21:00,290,9,5,NEFT,Success,0,
44,44,6,42170.38,2025-05-03 22:22:00,44,27,9,NEFT,Success,0,
545,545,2,58226.47,2025-05-03 22:23:00,545,13,3,IMPS,Success,0,
218,218,2,175151.54,2025-05-03 22:24:00,218,20,8,ATM,Success,0,
957,957,9,155754.58,2025-05-03 22:25:00,957,28,3,NEFT,Success,0,
363,363,10,112674.46,2025-05-03 22:26:00,363,5,10,RTGS,Pending,0,
272,272,7,168495.4,2025-05-03 22:27:00,272,14,10,NETBANKING,Success,0,
429,429,6,35503.66,2025-05-03 22:28:00,429,16,10,POS,Success,0,
112,112,2,88291.16,2025-05-03 22:29:00,112,12,5,IMPS,Success,0,
340,340,10,36499.6,2025-05-03 22:30:00,340,4,8,UPI,Success,0,
933,933,7,99976.78,2025-05-03 22:31:00,933,23,4,NETBANKING,Success,0,
411,411,7,95155.55,2025-05-03 22:32:00,411,3,8,POS,Success,0,
776,776,10,98912.66,2025-05-03 22:33:00,776,1,8,NETBANKING,Success,0,
987,987,3,174824.0,2025-05-03 22:34:00,987,21,3,POS,Success,0,
507,507,10,29716.53,2025-05-03 22:35:00,507,27,2,NETBANKING,Success,0,
709,709,10,58154.37,2025-05-03 22:36:00,709,8,4,UPI,Pending,0,
404,404,3,127412.3,2025-05-03 22:37:00,404,1,6,RTGS,Success,1,Multiple Transactions
196,196,9,50457.77,2025-05-03 22:38:00,196,10,1,UPI,Success,0,
353,353,3,39895.78,2025-05-03 22:39:00,353,19,8,ATM,Success,0,
229,229,8,28247.74,2025-05-03 22:40:00,229,6,6,POS,Success,1,New Device Transaction
971,971,5,146390.59,2025-05-03 22:41:00,971,1,7,UPI,Failed,0,
624,624,10,142843.79,2025-05-03 22:42:00,624,2,3,UPI,Success,0,
430,430,3,23635.81,2025-05-03 22:43:00,430,18,5,NEFT,Success,0,
792,792,9,188352.68,2025-05-03 22:44:00,792,21,5,UPI,Success,0,
405,405,2,96942.02,2025-05-03 22:45:00,405,7,7,POS,Success,0,
24,24,5,93620.97,2025-05-03 22:46:00,24,27,6,POS,Success,0,
326,326,9,84208.29,2025-05-03 22:47:00,326,20,2,NEFT,Success,0,
43,43,2,186995.39,2025-05-03 22:48:00,43,10,4,RTGS,Success,0,
485,485,7,78134.29,2025-05-03 22:49:00,485,6,5,RTGS,Success,0,
130,130,6,116824.52,2025-05-03 22:50:00,130,21,10,ATM,Success,0,
638,638,5,126621.97,2025-05-03 22:51:00,638,25,4,ATM,Success,0,
366,366,7,103991.9,2025-05-03 22:52:00,366,19,1,UPI,Success,0,
549,549,7,118460.99,2025-05-03 22:53:00,549,25,4,POS,Success,0,
870,870,4,174487.56,2025-05-03 22:54:00,870,4,1,NETBANKING,Success,0,
388,388,8,147279.28,2025-05-03 22:55:00,388,12,3,POS,Success,0,
91,91,5,199525.16,2025-05-03 22:56:00,91,17,3,NEFT,Success,0,
275,275,6,98259.76,2025-05-03 22:57:00,275,10,5,IMPS,Success,0,
593,593,9,97683.27,2025-05-03 22:58:00,593,4,7,RTGS,Success,0,
79,79,3,65355.78,2025-05-03 22:59:00,79,13,3,NETBANKING,Success,0,
553,553,4,185949.34,2025-05-03 23:00:00,553,15,2,ATM,Success,0,
752,752,8,96691.45,2025-05-03 23:01:00,752,25,2,IMPS,Success,0,
214,214,5,82006.11,2025-05-03 23:02:00,214,16,8,ATM,Success,0,
555,555,4,85490.1,2025-05-03 23:03:00,555,12,9,UPI,Pending,0,
116,116,9,64931.35,2025-05-03 23:04:00,116,6,10,NETBANKING,Success,0,
306,306,4,193300.88,2025-05-03 23:05:00,306,28,8,RTGS,Success,0,
482,482,10,47237.76,2025-05-03 23:06:00,482,19,4,IMPS,Success,0,
274,274,3,170688.5,2025-05-03 23:07:00,274,18,8,RTGS,Success,0,
277,277,10,135964.34,2025-05-03 23:08:00,277,15,8,NETBANKING,Failed,0,
950,950,3,12447.25,2025-05-03 23:09:00,950,18,8,NETBANKING,Failed,0,
711,711,5,138203.02,2025-05-03 23:10:00,711,1,3,ATM,Success,0,
598,598,7,180777.0,2025-05-03 23:11:00,598,6,3,NETBANKING,Success,0,
341,341,10,180670.92,2025-05-03 23:12:00,341,26,8,NEFT,Success,0,
778,778,1,167149.66,2025-05-03 23:13:00,778,5,2,RTGS,Success,0,
404,404,8,78756.6,2025-05-03 23:14:00,404,17,1,ATM,Success,0,
702,702,2,65835.31,2025-05-03 23:15:00,702,30,3,RTGS,Success,1,Multiple Transactions
493,493,2,149140.41,2025-05-03 23:16:00,493,21,3,POS,Success,0,
918,918,7,136564.55,2025-05-03 23:17:00,918,1,4,UPI,Success,0,
257,257,8,16909.01,2025-05-03 23:18:00,257,1,4,RTGS,Success,0,
290,290,5,196869.28,2025-05-03 23:19:00,290,29,9,UPI,Success,0,
691,691,10,163649.03,2025-05-03 23:20:00,691,8,8,RTGS,Success,0,
992,992,9,193251.4,2025-05-03 23:21:00,992,19,6,NEFT,Success,0,
224,224,7,178028.19,2025-05-03 23:22:00,224,24,6,IMPS,Success,0,
302,302,7,47701.87,2025-05-03 23:23:00,302,15,1,POS,Success,0,
607,607,5,420.16,2025-05-03 23:24:00,607,9,9,RTGS,Success,0,
482,482,1,56925.39,2025-05-03 23:25:00,482,9,1,RTGS,Pending,0,
785,785,7,18738.29,2025-05-03 23:26:00,785,8,1,RTGS,Success,0,
695,695,10,46529.48,2025-05-03 23:27:00,695,6,10,IMPS,Success,0,
858,858,7,38288.88,2025-05-03 23:28:00,858,12,7,POS,Failed,0,
720,720,10,160830.92,2025-05-03 23:29:00,720,11,5,UPI,Success,0,
693,693,6,150555.66,2025-05-03 23:30:00,693,17,6,NETBANKING,Success,0,
422,422,2,101134.31,2025-05-03 23:31:00,422,24,6,POS,Success,0,
424,424,1,25718.98,2025-05-03 23:32:00,424,15,7,IMPS,Success,0,
342,342,6,143807.26,2025-05-03 23:33:00,342,10,5,IMPS,Success,0,
396,396,5,149063.6,2025-05-03 23:34:00,396,9,10,ATM,Failed,0,
846,846,8,55997.96,2025-05-03 23:35:00,846,29,5,POS,Success,1,Night Transaction
421,421,2,190411.21,2025-05-03 23:36:00,421,24,8,RTGS,Success,0,
407,407,8,5880.88,2025-05-03 23:37:00,407,28,6,ATM,Success,0,
871,871,10,160584.69,2025-05-03 23:38:00,871,29,10,POS,Success,0,
816,816,4,176158.78,2025-05-03 23:39:00,816,8,3,IMPS,Success,0,
707,707,2,151628.61,2025-05-03 23:40:00,707,15,8,POS,Success,0,
329,329,3,67539.54,2025-05-03 23:41:00,329,14,3,NETBANKING,Success,0,
920,920,6,42965.49,2025-05-03 23:42:00,920,24,1,NEFT,Success,0,
674,674,4,167141.11,2025-05-03 23:43:00,674,21,10,POS,Success,1,Night Transaction
158,158,8,55125.15,2025-05-03 23:44:00,158,25,7,NEFT,Success,0,
869,869,3,149624.84,2025-05-03 23:45:00,869,1,10,NEFT,Success,0,
66,66,1,51668.73,2025-05-03 23:46:00,66,15,6,POS,Success,0,
940,940,3,74277.7,2025-05-03 23:47:00,940,2,8,IMPS,Success,0,
133,133,7,50350.05,2025-05-03 23:48:00,133,28,9,RTGS,Success,0,
88,88,5,89234.62,2025-05-03 23:49:00,88,26,2,NEFT,Success,0,
569,569,10,189220.9,2025-05-03 23:50:00,569,24,10,IMPS,Success,0,
760,760,2,77456.95,2025-05-03 23:51:00,760,22,3,ATM,Success,0,
242,242,2,13417.81,2025-05-03 23:52:00,242,26,9,UPI,Success,0,
967,967,7,149637.59,2025-05-03 23:53:00,967,29,1,NETBANKING,Success,0,
60,60,5,83546.42,2025-05-03 23:54:00,60,11,5,ATM,Success,0,
548,548,2,121169.76,2025-05-03 23:55:00,548,12,10,NETBANKING,Success,0,
253,253,9,32620.44,2025-05-03 23:56:00,253,14,3,IMPS,Pending,0,
531,531,7,95084.89,2025-05-03 23:57:00,531,21,2,IMPS,Success,0,
1,1,3,184393.78,2025-05-03 23:58:00,1,16,10,POS,Success,0,
632,632,2,96237.81,2025-05-03 23:59:00,632,25,9,NEFT,Success,0,
964,964,5,112356.01,2025-05-04 00:00:00,964,30,3,UPI,Success,0,
889,889,3,63977.58,2025-05-04 00:01:00,889,22,4,RTGS,Success,0,
43,43,5,177920.88,2025-05-04 00:02:00,43,29,7,RTGS,Success,0,
677,677,1,31146.57,2025-05-04 00:03:00,677,13,2,UPI,Success,0,
72,72,8,111937.22,2025-05-04 00:04:00,72,30,4,NETBANKING,Success,0,
931,931,9,1746.3,2025-05-04 00:05:00,931,7,5,ATM,Success,0,
973,973,8,73612.3,2025-05-04 00:06:00,973,1,7,UPI,Success,0,
430,430,7,19294.84,2025-05-04 00:07:00,430,16,6,NETBANKING,Success,0,
387,387,9,93005.48,2025-05-04 00:08:00,387,29,5,NETBANKING,Pending,0,
390,390,3,157362.45,2025-05-04 00:09:00,390,28,9,NEFT,Success,0,
314,314,3,48279.83,2025-05-04 00:10:00,314,11,8,RTGS,Success,0,
892,892,1,71547.95,2025-05-04 00:11:00,892,3,2,NEFT,Success,0,
884,884,3,62173.34,2025-05-04 00:12:00,884,14,9,NETBANKING,Success,0,
393,393,6,130244.23,2025-05-04 00:13:00,393,25,6,RTGS,Success,0,
398,398,1,170996.21,2025-05-04 00:14:00,398,24,10,NEFT,Success,0,
521,521,1,10283.91,2025-05-04 00:15:00,521,10,6,UPI,Success,0,
220,220,5,95742.61,2025-05-04 00:16:00,220,18,6,POS,Success,1,Night Transaction
878,878,8,103237.89,2025-05-04 00:17:00,878,22,10,RTGS,Success,0,
890,890,5,127091.4,2025-05-04 00:18:00,890,30,5,NETBANKING,Success,0,
75,75,5,112213.44,2025-05-04 00:19:00,75,19,2,NEFT,Success,0,
893,893,1,186816.25,2025-05-04 00:20:00,893,12,3,ATM,Success,0,
374,374,7,165725.23,2025-05-04 00:21:00,374,29,2,IMPS,Success,0,
265,265,2,157858.12,2025-05-04 00:22:00,265,28,7,IMPS,Failed,0,
482,482,5,132601.53,2025-05-04 00:23:00,482,9,6,IMPS,Success,0,
19,19,6,108456.03,2025-05-04 00:24:00,19,15,2,IMPS,Success,0,
11,11,5,172209.44,2025-05-04 00:25:00,11,16,4,NEFT,Success,0,
832,832,8,149507.11,2025-05-04 00:26:00,832,19,8,NEFT,Success,0,
684,684,10,64920.88,2025-05-04 00:27:00,684,17,1,POS,Success,0,
195,195,7,142582.23,2025-05-04 00:28:00,195,18,1,IMPS,Success,0,
546,546,4,154006.3,2025-05-04 00:29:00,546,1,1,RTGS,Success,0,
441,441,4,175673.86,2025-05-04 00:30:00,441,14,8,ATM,Success,0,
236,236,4,28546.51,2025-05-04 00:31:00,236,17,7,IMPS,Success,0,
521,521,7,17333.35,2025-05-04 00:32:00,521,25,2,RTGS,Success,0,
55,55,9,117529.83,2025-05-04 00:33:00,55,20,7,IMPS,Success,0,
81,81,4,116365.3,2025-05-04 00:34:00,81,11,1,ATM,Success,0,
226,226,2,99890.06,2025-05-04 00:35:00,226,29,3,POS,Success,0,
379,379,4,106197.42,2025-05-04 00:36:00,379,25,6,NETBANKING,Success,0,
407,407,8,193482.88,2025-05-04 00:37:00,407,6,8,UPI,Success,0,
301,301,10,85533.9,2025-05-04 00:38:00,301,19,7,UPI,Success,0,
463,463,1,149486.98,2025-05-04 00:39:00,463,22,9,IMPS,Success,0,
169,169,3,179549.82,2025-05-04 00:40:00,169,26,2,UPI,Success,0,
529,529,10,183026.28,2025-05-04 00:41:00,529,26,7,ATM,Success,0,
409,409,10,140885.82,2025-05-04 00:42:00,409,7,1,POS,Pending,0,
861,861,6,58241.77,2025-05-04 00:43:00,861,28,3,NETBANKING,Success,0,
275,275,4,88695.47,2025-05-04 00:44:00,275,29,2,ATM,Success,0,
779,779,8,124349.73,2025-05-04 00:45:00,779,18,2,POS,Success,0,
954,954,3,25816.46,2025-05-04 00:46:00,954,23,6,RTGS,Success,0,
846,846,2,159762.77,2025-05-04 00:47:00,846,7,4,IMPS,Success,0,
474,474,9,65253.13,2025-05-04 00:48:00,474,22,9,UPI,Success,1,Multiple Transactions
945,945,6,16560.73,2025-05-04 00:49:00,945,18,3,NETBANKING,Success,0,
526,526,4,69726.74,2025-05-04 00:50:00,526,4,6,NETBANKING,Success,0,
834,834,8,177601.1,2025-05-04 00:51:00,834,22,9,UPI,Pending,0,
191,191,5,76027.93,2025-05-04 00:52:00,191,12,4,RTGS,Success,0,
792,792,2,139694.39,2025-05-04 00:53:00,792,9,9,NEFT,Success,0,
980,980,1,180748.88,2025-05-04 00:54:00,980,26,9,UPI,Success,0,
931,931,3,131351.64,2025-05-04 00:55:00,931,30,3,NEFT,Success,1,High Amount Transaction
279,279,9,121063.09,2025-05-04 00:56:00,279,9,10,POS,Success,0,
327,327,1,90838.61,2025-05-04 00:57:00,327,23,1,ATM,Success,0,
406,406,10,124309.92,2025-05-04 00:58:00,406,4,4,UPI,Success,0,
512,512,9,20902.75,2025-05-04 00:59:00,512,14,5,UPI,Success,0,
608,608,7,143401.96,2025-05-04 01:00:00,608,21,8,NEFT,Success,0,
602,602,7,18661.95,2025-05-04 01:01:00,602,2,6,UPI,Success,0,
632,632,4,82200.99,2025-05-04 01:02:00,632,28,9,POS,Success,0,
416,416,6,80904.06,2025-05-04 01:03:00,416,17,6,POS,Success,0,
752,752,8,93391.69,2025-05-04 01:04:00,752,23,4,UPI,Failed,0,
297,297,9,2000.9,2025-05-04 01:05:00,297,9,2,NETBANKING,Success,0,
710,710,2,89787.6,2025-05-04 01:06:00,710,9,6,UPI,Success,0,
942,942,6,199116.09,2025-05-04 01:07:00,942,20,3,NEFT,Success,0,
948,948,1,16185.2,2025-05-04 01:08:00,948,3,1,ATM,Success,0,
278,278,4,75177.09,2025-05-04 01:09:00,278,8,7,ATM,Success,0,
108,108,10,159862.9,2025-05-04 01:10:00,108,6,4,NETBANKING,Success,0,
728,728,5,46376.07,2025-05-04 01:11:00,728,25,9,POS,Pending,0,
203,203,6,164331.16,2025-05-04 01:12:00,203,12,1,ATM,Success,0,
138,138,3,147237.3,2025-05-04 01:13:00,138,23,9,UPI,Success,0,
534,534,1,193642.71,2025-05-04 01:14:00,534,12,8,NETBANKING,Success,1,Multiple Transactions
399,399,3,33918.87,2025-05-04 01:15:00,399,6,9,NETBANKING,Success,0,
656,656,2,74437.86,2025-05-04 01:16:00,656,25,2,POS,Success,0,
482,482,8,125739.75,2025-05-04 01:17:00,482,4,10,IMPS,Success,0,
23,23,10,199575.99,2025-05-04 01:18:00,23,11,8,NETBANKING,Success,0,
516,516,9,147310.32,2025-05-04 01:19:00,516,19,10,ATM,Success,0,
67,67,10,71836.96,2025-05-04 01:20:00,67,13,6,ATM,Success,0,
22,22,8,146215.77,2025-05-04 01:21:00,22,17,8,RTGS,Failed,0,
423,423,9,139091.89,2025-05-04 01:22:00,423,22,6,IMPS,Success,1,Foreign Location
164,164,1,145231.24,2025-05-04 01:23:00,164,13,5,NETBANKING,Success,0,
375,375,7,153040.6,2025-05-04 01:24:00,375,22,2,NEFT,Success,0,
324,324,2,146751.77,2025-05-04 01:25:00,324,19,6,NETBANKING,Success,0,
460,460,3,137921.5,2025-05-04 01:26:00,460,5,9,IMPS,Success,0,
154,154,5,197359.93,2025-05-04 01:27:00,154,16,5,POS,Success,1,Night Transaction
328,328,7,76070.84,2025-05-04 01:28:00,328,6,9,POS,Success,1,Night Transaction
253,253,4,20907.7,2025-05-04 01:29:00,253,23,6,ATM,Success,0,
547,547,1,175510.34,2025-05-04 01:30:00,547,28,10,IMPS,Success,0,
567,567,9,134961.35,2025-05-04 01:31:00,567,8,9,NETBANKING,Success,0,
138,138,5,39462.64,2025-05-04 01:32:00,138,12,9,NEFT,Failed,0,
444,444,7,1050.86,2025-05-04 01:33:00,444,7,8,NETBANKING,Success,1,Foreign Location
88,88,1,54080.66,2025-05-04 01:34:00,88,9,4,NEFT,Success,0,
377,377,3,78855.36,2025-05-04 01:35:00,377,3,1,NEFT,Success,0,
766,766,2,60746.04,2025-05-04 01:36:00,766,7,2,UPI,Success,0,
295,295,7,72622.38,2025-05-04 01:37:00,295,15,3,ATM,Success,0,
776,776,6,66439.36,2025-05-04 01:38:00,776,21,5,RTGS,Success,0,
622,622,7,144897.07,2025-05-04 01:39:00,622,6,4,RTGS,Success,0,
552,552,8,26639.09,2025-05-04 01:40:00,552,8,9,POS,Success,0,
827,827,1,152756.32,2025-05-04 01:41:00,827,15,5,ATM,Success,0,
526,526,6,117545.3,2025-05-04 01:42:00,526,1,10,NEFT,Success,0,
967,967,1,154424.33,2025-05-04 01:43:00,967,27,2,ATM,Success,0,
494,494,4,1886.59,2025-05-04 01:44:00,494,2,1,POS,Success,0,
947,947,4,72269.42,2025-05-04 01:45:00,947,27,3,POS,Success,0,
404,404,6,96433.28,2025-05-04 01:46:00,404,17,10,NEFT,Success,0,
89,89,2,98497.45,2025-05-04 01:47:00,89,14,8,UPI,Failed,0,
907,907,6,193828.68,2025-05-04 01:48:00,907,9,5,RTGS,Pending,0,
128,128,6,48427.46,2025-05-04 01:49:00,128,9,9,UPI,Success,0,
506,506,5,12689.8,2025-05-04 01:50:00,506,6,9,ATM,Success,0,
551,551,6,187792.79,2025-05-04 01:51:00,551,29,9,IMPS,Success,0,
87,87,4,180111.92,2025-05-04 01:52:00,87,18,3,IMPS,Success,0,
952,952,10,63292.66,2025-05-04 01:53:00,952,28,7,NETBANKING,Success,0,
836,836,5,170135.99,2025-05-04 01:54:00,836,5,3,RTGS,Success,0,
784,784,3,96910.51,2025-05-04 01:55:00,784,17,8,NEFT,Success,0,
520,520,8,20280.58,2025-05-04 01:56:00,520,6,6,NETBANKING,Success,0,
28,28,6,195869.88,2025-05-04 01:57:00,28,25,2,POS,Failed,0,
609,609,8,56507.45,2025-05-04 01:58:00,609,2,9,UPI,Success,0,
773,773,8,111056.29,2025-05-04 01:59:00,773,22,4,ATM,Success,0,
543,543,2,172532.68,2025-05-04 02:00:00,543,30,10,NEFT,Success,0,
974,974,5,1525.43,2025-05-04 02:01:00,974,7,8,POS,Success,0,
196,196,9,126858.39,2025-05-04 02:02:00,196,2,2,ATM,Pending,0,
855,855,7,14469.6,2025-05-04 02:03:00,855,3,5,IMPS,Success,0,
988,988,8,16677.9,2025-05-04 02:04:00,988,7,4,NEFT,Success,0,
296,296,6,88436.85,2025-05-04 02:05:00,296,29,3,UPI,Success,0,
645,645,2,7639.79,2025-05-04 02:06:00,645,6,5,RTGS,Success,0,
410,410,9,138630.7,2025-05-04 02:07:00,410,9,3,RTGS,Success,0,
252,252,7,8321.0,2025-05-04 02:08:00,252,10,4,NETBANKING,Success,0,
935,935,2,75028.24,2025-05-04 02:09:00,935,9,6,NEFT,Success,0,
310,310,2,73917.6,2025-05-04 02:10:00,310,18,2,NEFT,Pending,0,
716,716,1,176443.69,2025-05-04 02:11:00,716,18,6,NETBANKING,Success,0,
481,481,6,51778.72,2025-05-04 02:12:00,481,22,3,RTGS,Success,0,
439,439,3,154713.94,2025-05-04 02:13:00,439,19,5,UPI,Success,0,
595,595,9,22650.85,2025-05-04 02:14:00,595,20,3,POS,Success,0,
73,73,6,32008.65,2025-05-04 02:15:00,73,9,10,UPI,Success,0,
434,434,7,69435.48,2025-05-04 02:16:00,434,29,6,IMPS,Success,0,
618,618,9,50459.0,2025-05-04 02:17:00,618,3,7,POS,Success,0,
755,755,5,173316.95,2025-05-04 02:18:00,755,14,6,UPI,Success,0,
595,595,1,96503.58,2025-05-04 02:19:00,595,26,9,NEFT,Success,0,
931,931,3,39263.26,2025-05-04 02:20:00,931,20,10,NEFT,Success,0,
578,578,8,151421.7,2025-05-04 02:21:00,578,16,3,ATM,Success,0,
501,501,2,51366.04,2025-05-04 02:22:00,501,10,5,UPI,Success,0,
743,743,10,73198.11,2025-05-04 02:23:00,743,20,1,UPI,Success,0,
75,75,1,55423.23,2025-05-04 02:24:00,75,29,6,UPI,Success,0,
295,295,7,142766.61,2025-05-04 02:25:00,295,17,10,RTGS,Success,0,
372,372,9,173030.72,2025-05-04 02:26:00,372,2,10,ATM,Failed,0,
581,581,8,130663.29,2025-05-04 02:27:00,581,10,5,ATM,Success,0,
717,717,1,148480.72,2025-05-04 02:28:00,717,16,4,NETBANKING,Success,0,
843,843,7,175904.6,2025-05-04 02:29:00,843,16,7,ATM,Success,0,
247,247,7,194755.37,2025-05-04 02:30:00,247,12,6,UPI,Success,0,
777,777,9,111379.05,2025-05-04 02:31:00,777,29,8,ATM,Success,0,
474,474,9,44829.34,2025-05-04 02:32:00,474,5,8,UPI,Success,0,
855,855,1,199365.83,2025-05-04 02:33:00,855,12,5,UPI,Success,0,
625,625,1,103531.28,2025-05-04 02:34:00,625,12,5,RTGS,Success,0,
806,806,8,145998.34,2025-05-04 02:35:00,806,2,8,NETBANKING,Success,0,
551,551,6,136163.0,2025-05-04 02:36:00,551,28,10,UPI,Pending,0,
239,239,4,33781.09,2025-05-04 02:37:00,239,21,4,IMPS,Success,0,
693,693,1,140785.05,2025-05-04 02:38:00,693,6,6,ATM,Failed,0,
997,997,6,159369.6,2025-05-04 02:39:00,997,5,10,ATM,Success,1,Foreign Location
888,888,4,99892.64,2025-05-04 02:40:00,888,30,6,IMPS,Success,0,
202,202,3,92582.82,2025-05-04 02:41:00,202,3,1,IMPS,Success,0,
842,842,4,29605.12,2025-05-04 02:42:00,842,7,4,NEFT,Success,0,
59,59,3,192690.52,2025-05-04 02:43:00,59,10,10,UPI,Success,0,
402,402,3,82193.73,2025-05-04 02:44:00,402,1,9,POS,Success,0,
552,552,6,113434.82,2025-05-04 02:45:00,552,24,4,UPI,Success,0,
313,313,8,120899.74,2025-05-04 02:46:00,313,6,5,NETBANKING,Success,0,
17,17,4,177576.17,2025-05-04 02:47:00,17,29,8,NEFT,Success,0,
765,765,3,66123.66,2025-05-04 02:48:00,765,8,6,ATM,Success,0,
829,829,6,120873.71,2025-05-04 02:49:00,829,16,5,NETBANKING,Pending,0,
297,297,6,83370.33,2025-05-04 02:50:00,297,9,2,IMPS,Success,1,New Device Transaction
402,402,3,192528.45,2025-05-04 02:51:00,402,18,9,IMPS,Success,0,
172,172,4,156323.08,2025-05-04 02:52:00,172,27,4,UPI,Success,0,
437,437,9,192693.31,2025-05-04 02:53:00,437,5,5,POS,Success,0,
540,540,3,193838.68,2025-05-04 02:54:00,540,16,10,NEFT,Success,0,
227,227,5,198573.21,2025-05-04 02:55:00,227,17,2,UPI,Success,0,
305,305,1,129170.12,2025-05-04 02:56:00,305,29,6,ATM,Success,0,
573,573,1,133372.05,2025-05-04 02:57:00,573,9,10,NEFT,Success,0,
375,375,5,168922.42,2025-05-04 02:58:00,375,30,4,NETBANKING,Success,0,
331,331,1,96929.06,2025-05-04 02:59:00,331,7,2,IMPS,Success,0,
632,632,9,101972.96,2025-05-04 03:00:00,632,18,5,NEFT,Success,1,Multiple Transactions
641,641,5,178962.83,2025-05-04 03:01:00,641,28,4,NETBANKING,Success,1,Multiple Transactions
748,748,7,2394.9,2025-05-04 03:02:00,748,29,10,UPI,Success,1,Night Transaction
782,782,2,10187.08,2025-05-04 03:03:00,782,28,8,NETBANKING,Success,0,
34,34,7,166742.0,2025-05-04 03:04:00,34,27,2,NEFT,Success,0,
610,610,5,146377.77,2025-05-04 03:05:00,610,16,1,NETBANKING,Success,0,
959,959,1,89976.48,2025-05-04 03:06:00,959,4,3,POS,Success,0,
436,436,8,112392.82,2025-05-04 03:07:00,436,20,2,IMPS,Success,0,
161,161,5,37100.04,2025-05-04 03:08:00,161,3,8,NEFT,Success,0,
643,643,2,171819.84,2025-05-04 03:09:00,643,16,1,NETBANKING,Success,1,Multiple Transactions
740,740,4,95543.64,2025-05-04 03:10:00,740,22,7,NETBANKING,Failed,0,
483,483,7,98500.41,2025-05-04 03:11:00,483,26,5,IMPS,Success,0,
733,733,10,192587.52,2025-05-04 03:12:00,733,27,5,RTGS,Success,0,
29,29,1,7122.9,2025-05-04 03:13:00,29,12,6,POS,Failed,0,
485,485,8,49137.35,2025-05-04 03:14:00,485,24,6,ATM,Success,0,
235,235,4,22309.95,2025-05-04 03:15:00,235,5,10,NEFT,Success,0,
728,728,2,64538.73,2025-05-04 03:16:00,728,1,9,RTGS,Success,0,
429,429,9,156818.75,2025-05-04 03:17:00,429,19,5,IMPS,Success,0,
982,982,6,148771.31,2025-05-04 03:18:00,982,12,2,RTGS,Success,0,
292,292,2,191130.69,2025-05-04 03:19:00,292,16,2,NETBANKING,Success,0,
641,641,10,75829.99,2025-05-04 03:20:00,641,17,6,IMPS,Success,0,
431,431,4,6784.11,2025-05-04 03:21:00,431,13,2,UPI,Success,0,
520,520,3,55798.54,2025-05-04 03:22:00,520,17,4,RTGS,Success,0,
529,529,7,149474.83,2025-05-04 03:23:00,529,5,3,RTGS,Success,0,
594,594,3,121110.27,2025-05-04 03:24:00,594,10,9,POS,Success,0,
228,228,1,71740.29,2025-05-04 03:25:00,228,3,8,POS,Success,0,
498,498,8,197077.29,2025-05-04 03:26:00,498,13,6,NEFT,Success,0,
72,72,3,54974.54,2025-05-04 03:27:00,72,26,3,IMPS,Success,0,
654,654,8,118994.29,2025-05-04 03:28:00,654,11,10,POS,Success,0,
554,554,7,151509.75,2025-05-04 03:29:00,554,11,9,ATM,Success,0,
590,590,6,168902.46,2025-05-04 03:30:00,590,25,4,POS,Success,0,
163,163,6,50903.12,2025-05-04 03:31:00,163,2,10,UPI,Success,0,
145,145,2,52881.69,2025-05-04 03:32:00,145,19,7,POS,Success,0,
241,241,9,161498.59,2025-05-04 03:33:00,241,12,6,NETBANKING,Success,0,
794,794,8,112608.36,2025-05-04 03:34:00,794,1,7,NETBANKING,Success,0,
736,736,2,96118.81,2025-05-04 03:35:00,736,4,5,UPI,Success,0,
427,427,8,166721.27,2025-05-04 03:36:00,427,18,6,NEFT,Success,0,
433,433,7,145616.14,2025-05-04 03:37:00,433,5,10,NEFT,Success,0,
956,956,8,27184.47,2025-05-04 03:38:00,956,22,8,NETBANKING,Success,0,
675,675,3,26666.89,2025-05-04 03:39:00,675,13,3,NETBANKING,Failed,0,
227,227,10,83009.1,2025-05-04 03:40:00,227,22,3,POS,Success,0,
189,189,4,50840.52,2025-05-04 03:41:00,189,10,7,POS,Success,0,
388,388,3,26297.38,2025-05-04 03:42:00,388,16,7,POS,Pending,0,
118,118,6,98727.74,2025-05-04 03:43:00,118,27,10,IMPS,Success,0,
804,804,1,160230.85,2025-05-04 03:44:00,804,27,5,NEFT,Success,0,
833,833,6,68179.7,2025-05-04 03:45:00,833,11,10,ATM,Success,0,
691,691,3,113955.68,2025-05-04 03:46:00,691,3,7,NETBANKING,Success,1,Foreign Location
819,819,5,137745.11,2025-05-04 03:47:00,819,23,7,NEFT,Success,0,
563,563,7,135421.3,2025-05-04 03:48:00,563,27,8,NETBANKING,Success,0,
497,497,3,163087.78,2025-05-04 03:49:00,497,21,4,NETBANKING,Success,0,
608,608,3,79505.89,2025-05-04 03:50:00,608,11,10,POS,Success,0,
447,447,5,8938.37,2025-05-04 03:51:00,447,21,4,IMPS,Success,0,
795,795,8,40935.17,2025-05-04 03:52:00,795,12,8,IMPS,Failed,0,
152,152,7,16512.12,2025-05-04 03:53:00,152,9,5,NETBANKING,Success,0,
293,293,6,68034.54,2025-05-04 03:54:00,293,7,3,NEFT,Success,0,
125,125,6,141695.35,2025-05-04 03:55:00,125,22,8,ATM,Success,0,
239,239,6,50272.18,2025-05-04 03:56:00,239,9,6,UPI,Success,0,
836,836,5,191504.9,2025-05-04 03:57:00,836,12,6,UPI,Success,0,
292,292,3,23875.66,2025-05-04 03:58:00,292,19,1,POS,Success,0,
732,732,3,178528.8,2025-05-04 03:59:00,732,30,7,POS,Success,0,
545,545,10,28989.37,2025-05-04 04:00:00,545,22,1,NETBANKING,Success,1,New Device Transaction
755,755,10,856.65,2025-05-04 04:01:00,755,1,8,IMPS,Success,0,
861,861,6,22705.42,2025-05-04 04:02:00,861,28,7,POS,Success,0,
531,531,8,153517.35,2025-05-04 04:03:00,531,15,10,NETBANKING,Success,0,
781,781,2,106494.07,2025-05-04 04:04:00,781,8,1,NEFT,Success,0,
210,210,4,42352.67,2025-05-04 04:05:00,210,17,10,NETBANKING,Success,1,High Amount Transaction
894,894,8,115619.37,2025-05-04 04:06:00,894,29,1,NETBANKING,Success,0,
367,367,5,51987.96,2025-05-04 04:07:00,367,21,5,NEFT,Success,0,
230,230,9,91345.73,2025-05-04 04:08:00,230,26,8,RTGS,Success,0,
830,830,7,155197.71,2025-05-04 04:09:00,830,6,5,POS,Success,0,
559,559,9,107813.07,2025-05-04 04:10:00,559,28,4,POS,Success,0,
597,597,2,13203.08,2025-05-04 04:11:00,597,20,9,UPI,Success,0,
393,393,1,121395.23,2025-05-04 04:12:00,393,30,5,UPI,Success,0,
429,429,1,128314.14,2025-05-04 04:13:00,429,14,6,NETBANKING,Success,0,
929,929,4,16433.07,2025-05-04 04:14:00,929,24,9,NEFT,Success,0,
520,520,1,88570.35,2025-05-04 04:15:00,520,5,3,NEFT,Failed,0,
890,890,5,92452.09,2025-05-04 04:16:00,890,16,8,UPI,Success,0,
525,525,8,21300.52,2025-05-04 04:17:00,525,25,10,POS,Success,0,
915,915,1,142922.66,2025-05-04 04:18:00,915,8,1,RTGS,Success,0,
349,349,10,36867.23,2025-05-04 04:19:00,349,12,8,NEFT,Success,0,
472,472,6,163417.77,2025-05-04 04:20:00,472,29,1,NEFT,Success,0,
16,16,2,76013.39,2025-05-04 04:21:00,16,22,3,IMPS,Failed,0,
795,795,7,61622.61,2025-05-04 04:22:00,795,15,9,NEFT,Success,0,
974,974,2,110298.61,2025-05-04 04:23:00,974,27,8,RTGS,Success,0,
801,801,9,97981.74,2025-05-04 04:24:00,801,5,2,NETBANKING,Failed,0,
853,853,5,87375.52,2025-05-04 04:25:00,853,17,9,IMPS,Success,0,
764,764,10,102960.24,2025-05-04 04:26:00,764,12,7,NEFT,Success,0,
11,11,4,82465.5,2025-05-04 04:27:00,11,10,3,UPI,Success,1,High Amount Transaction
991,991,2,151187.38,2025-05-04 04:28:00,991,15,3,ATM,Success,0,
834,834,8,102674.56,2025-05-04 04:29:00,834,16,4,RTGS,Success,0,
717,717,6,8634.02,2025-05-04 04:30:00,717,29,8,POS,Success,0,
955,955,2,115856.49,2025-05-04 04:31:00,955,28,5,NETBANKING,Success,0,
187,187,5,31517.1,2025-05-04 04:32:00,187,28,7,POS,Success,0,
902,902,4,141732.1,2025-05-04 04:33:00,902,23,2,UPI,Success,0,
239,239,4,97486.33,2025-05-04 04:34:00,239,5,9,POS,Success,1,Multiple Transactions
603,603,7,139682.56,2025-05-04 04:35:00,603,11,6,NEFT,Success,0,
957,957,1,3856.17,2025-05-04 04:36:00,957,25,8,POS,Success,0,
705,705,6,140370.03,2025-05-04 04:37:00,705,15,5,ATM,Success,0,
293,293,1,72106.76,2025-05-04 04:38:00,293,21,5,RTGS,Pending,0,
627,627,7,101163.69,2025-05-04 04:39:00,627,16,8,UPI,Success,0,
555,555,4,13907.4,2025-05-04 04:40:00,555,13,1,NEFT,Success,0,
420,420,10,36145.01,2025-05-04 04:41:00,420,20,5,IMPS,Success,0,
230,230,6,19297.89,2025-05-04 04:42:00,230,16,10,NETBANKING,Success,0,
790,790,7,191620.68,2025-05-04 04:43:00,790,24,4,NEFT,Success,0,
746,746,1,139521.27,2025-05-04 04:44:00,746,15,3,NEFT,Success,0,
258,258,7,139047.26,2025-05-04 04:45:00,258,28,8,UPI,Failed,0,
896,896,9,175228.6,2025-05-04 04:46:00,896,20,9,NETBANKING,Success,0,
272,272,2,176211.64,2025-05-04 04:47:00,272,9,3,UPI,Success,0,
154,154,8,84406.86,2025-05-04 04:48:00,154,11,4,NETBANKING,Success,0,
525,525,2,107182.0,2025-05-04 04:49:00,525,16,6,NEFT,Success,0,
13,13,10,120606.56,2025-05-04 04:50:00,13,28,8,IMPS,Success,0,
943,943,3,53247.68,2025-05-04 04:51:00,943,13,4,NEFT,Success,0,
202,202,2,82333.45,2025-05-04 04:52:00,202,6,10,NETBANKING,Success,0,
890,890,3,132297.81,2025-05-04 04:53:00,890,5,7,RTGS,Success,0,
175,175,7,120719.14,2025-05-04 04:54:00,175,22,9,UPI,Success,0,
511,511,7,195376.5,2025-05-04 04:55:00,511,7,5,NETBANKING,Success,0,
42,42,7,162899.44,2025-05-04 04:56:00,42,17,3,IMPS,Success,0,
421,421,6,121320.27,2025-05-04 04:57:00,421,26,6,UPI,Success,0,
132,132,2,164182.34,2025-05-04 04:58:00,132,11,2,IMPS,Success,1,Multiple Transactions
473,473,3,78728.48,2025-05-04 04:59:00,473,4,8,POS,Success,0,
864,864,7,71109.09,2025-05-04 05:00:00,864,10,2,NEFT,Success,0,
753,753,10,160365.55,2025-05-04 05:01:00,753,14,4,POS,Failed,0,
567,567,7,159764.95,2025-05-04 05:02:00,567,29,4,RTGS,Pending,0,
646,646,10,77599.2,2025-05-04 05:03:00,646,21,9,IMPS,Success,0,
731,731,5,113646.08,2025-05-04 05:04:00,731,20,6,RTGS,Success,0,
149,149,8,64748.42,2025-05-04 05:05:00,149,13,3,UPI,Success,0,
82,82,8,73879.28,2025-05-04 05:06:00,82,15,2,RTGS,Success,0,
724,724,5,187375.03,2025-05-04 05:07:00,724,20,3,IMPS,Success,0,
526,526,2,89336.91,2025-05-04 05:08:00,526,10,10,ATM,Success,0,
666,666,7,94999.83,2025-05-04 05:09:00,666,1,10,IMPS,Success,0,
78,78,2,76417.17,2025-05-04 05:10:00,78,5,9,UPI,Success,0,
60,60,9,65655.74,2025-05-04 05:11:00,60,28,2,NEFT,Success,0,
373,373,10,71933.59,2025-05-04 05:12:00,373,28,3,RTGS,Success,0,
435,435,9,62178.9,2025-05-04 05:13:00,435,29,3,NETBANKING,Success,0,
489,489,9,40193.64,2025-05-04 05:14:00,489,12,8,ATM,Success,0,
379,379,5,111424.7,2025-05-04 05:15:00,379,22,2,POS,Success,0,
955,955,5,71011.83,2025-05-04 05:16:00,955,15,9,POS,Pending,0,
820,820,7,71300.76,2025-05-04 05:17:00,820,24,3,POS,Success,0,
463,463,9,183528.14,2025-05-04 05:18:00,463,14,2,UPI,Success,0,
490,490,8,92947.26,2025-05-04 05:19:00,490,27,4,POS,Failed,0,
640,640,4,70845.43,2025-05-04 05:20:00,640,14,8,UPI,Success,0,
130,130,9,189278.76,2025-05-04 05:21:00,130,17,4,RTGS,Success,1,Night Transaction
31,31,9,31684.24,2025-05-04 05:22:00,31,7,9,POS,Success,0,
83,83,10,53158.77,2025-05-04 05:23:00,83,28,3,IMPS,Success,0,
252,252,4,119500.2,2025-05-04 05:24:00,252,25,9,NEFT,Success,0,
923,923,2,141574.53,2025-05-04 05:25:00,923,27,10,ATM,Failed,0,
7,7,8,166513.73,2025-05-04 05:26:00,7,8,3,ATM,Success,0,
842,842,4,45542.34,2025-05-04 05:27:00,842,21,3,ATM,Success,0,
859,859,1,110167.2,2025-05-04 05:28:00,859,29,7,NETBANKING,Success,0,
127,127,1,67935.48,2025-05-04 05:29:00,127,4,5,NEFT,Success,0,
411,411,1,101814.6,2025-05-04 05:30:00,411,6,8,POS,Success,0,
445,445,3,56260.02,2025-05-04 05:31:00,445,17,7,RTGS,Success,0,
338,338,3,151814.93,2025-05-04 05:32:00,338,7,6,NEFT,Success,0,
179,179,7,94174.64,2025-05-04 05:33:00,179,17,2,UPI,Success,0,
431,431,2,103146.21,2025-05-04 05:34:00,431,5,8,ATM,Success,0,
796,796,3,35942.92,2025-05-04 05:35:00,796,4,6,NEFT,Success,0,
554,554,8,68243.93,2025-05-04 05:36:00,554,26,9,UPI,Success,0,
324,324,5,151797.62,2025-05-04 05:37:00,324,8,6,NEFT,Failed,0,
186,186,1,51526.89,2025-05-04 05:38:00,186,13,9,RTGS,Success,0,
982,982,1,175259.87,2025-05-04 05:39:00,982,5,5,RTGS,Success,0,
987,987,7,136620.99,2025-05-04 05:40:00,987,5,9,NEFT,Pending,0,
188,188,4,160137.97,2025-05-04 05:41:00,188,3,2,UPI,Success,0,
567,567,4,90460.57,2025-05-04 05:42:00,567,19,5,IMPS,Success,0,
433,433,5,125341.18,2025-05-04 05:43:00,433,22,6,UPI,Success,0,
536,536,4,44533.24,2025-05-04 05:44:00,536,18,3,NEFT,Success,0,
593,593,3,11073.36,2025-05-04 05:45:00,593,24,4,IMPS,Success,0,
453,453,7,85907.01,2025-05-04 05:46:00,453,8,3,UPI,Success,0,
267,267,7,74478.56,2025-05-04 05:47:00,267,6,3,NEFT,Pending,0,
933,933,4,172200.12,2025-05-04 05:48:00,933,5,2,NEFT,Pending,0,
277,277,6,13474.36,2025-05-04 05:49:00,277,8,2,RTGS,Success,1,Foreign Location
757,757,10,37679.2,2025-05-04 05:50:00,757,7,4,UPI,Success,0,
487,487,10,188157.97,2025-05-04 05:51:00,487,20,6,RTGS,Pending,0,
59,59,10,31889.38,2025-05-04 05:52:00,59,8,10,NETBANKING,Success,0,
167,167,9,124337.82,2025-05-04 05:53:00,167,30,4,UPI,Success,0,
955,955,4,66845.46,2025-05-04 05:54:00,955,6,3,RTGS,Success,0,
804,804,7,135030.45,2025-05-04 05:55:00,804,28,3,NETBANKING,Success,0,
227,227,6,170097.78,2025-05-04 05:56:00,227,28,10,ATM,Success,0,
666,666,8,90563.95,2025-05-04 05:57:00,666,6,3,UPI,Success,0,
726,726,2,45193.63,2025-05-04 05:58:00,726,19,9,IMPS,Success,0,
288,288,1,77526.65,2025-05-04 05:59:00,288,28,4,NEFT,Success,0,
90,90,7,99356.92,2025-05-04 06:00:00,90,25,6,POS,Success,1,Foreign Location
285,285,1,51825.98,2025-05-04 06:01:00,285,28,1,RTGS,Pending,0,
846,846,7,189624.41,2025-05-04 06:02:00,846,18,1,ATM,Success,0,
139,139,9,51832.09,2025-05-04 06:03:00,139,5,5,NETBANKING,Success,0,
508,508,1,33152.09,2025-05-04 06:04:00,508,13,3,POS,Success,0,
651,651,4,63590.77,2025-05-04 06:05:00,651,5,1,ATM,Success,0,
746,746,4,102501.77,2025-05-04 06:06:00,746,3,4,NEFT,Failed,0,
691,691,3,7661.67,2025-05-04 06:07:00,691,28,2,RTGS,Failed,0,
325,325,6,69595.83,2025-05-04 06:08:00,325,23,6,ATM,Failed,0,
810,810,7,22719.0,2025-05-04 06:09:00,810,1,10,NETBANKING,Success,0,
579,579,2,148533.5,2025-05-04 06:10:00,579,25,1,NEFT,Success,0,
400,400,1,198915.0,2025-05-04 06:11:00,400,20,3,ATM,Success,0,
260,260,5,132820.16,2025-05-04 06:12:00,260,28,10,UPI,Pending,0,
179,179,8,199555.44,2025-05-04 06:13:00,179,22,7,IMPS,Success,0,
112,112,8,194073.76,2025-05-04 06:14:00,112,1,8,IMPS,Success,0,
722,722,6,11566.16,2025-05-04 06:15:00,722,14,9,NETBANKING,Success,0,
190,190,8,196017.86,2025-05-04 06:16:00,190,24,1,POS,Success,0,
837,837,6,131103.93,2025-05-04 06:17:00,837,17,6,IMPS,Success,0,
412,412,10,196691.84,2025-05-04 06:18:00,412,19,7,UPI,Success,0,
633,633,6,126203.09,2025-05-04 06:19:00,633,26,3,NEFT,Success,0,
716,716,5,131798.38,2025-05-04 06:20:00,716,30,2,NETBANKING,Pending,0,
340,340,8,158876.18,2025-05-04 06:21:00,340,26,10,RTGS,Success,0,
500,500,9,124555.52,2025-05-04 06:22:00,500,29,6,ATM,Success,1,Night Transaction
306,306,8,160615.77,2025-05-04 06:23:00,306,9,1,RTGS,Success,0,
872,872,6,122463.48,2025-05-04 06:24:00,872,11,6,ATM,Success,0,
724,724,10,38998.16,2025-05-04 06:25:00,724,9,9,NETBANKING,Pending,0,
734,734,4,9068.4,2025-05-04 06:26:00,734,13,2,NETBANKING,Success,0,
529,529,1,46537.5,2025-05-04 06:27:00,529,14,4,RTGS,Success,0,
740,740,1,181088.43,2025-05-04 06:28:00,740,17,7,NETBANKING,Failed,0,
413,413,2,124952.15,2025-05-04 06:29:00,413,28,6,IMPS,Success,0,
68,68,8,198516.56,2025-05-04 06:30:00,68,5,2,IMPS,Success,0,
898,898,4,71498.05,2025-05-04 06:31:00,898,17,7,POS,Success,0,
348,348,10,161064.35,2025-05-04 06:32:00,348,18,8,ATM,Success,0,
381,381,3,115057.93,2025-05-04 06:33:00,381,3,6,POS,Success,0,
710,710,1,152776.5,2025-05-04 06:34:00,710,7,1,UPI,Success,0,
6,6,1,82062.17,2025-05-04 06:35:00,6,23,2,NEFT,Success,0,
96,96,10,143024.62,2025-05-04 06:36:00,96,16,3,IMPS,Success,0,
744,744,6,113467.77,2025-05-04 06:37:00,744,11,8,NEFT,Success,0,
866,866,9,79216.97,2025-05-04 06:38:00,866,23,4,POS,Success,0,
936,936,3,16305.69,2025-05-04 06:39:00,936,20,6,RTGS,Success,0,
202,202,3,28426.05,2025-05-04 06:40:00,202,15,6,UPI,Success,0,
97,97,7,174622.35,2025-05-04 06:41:00,97,13,9,NETBANKING,Success,0,
693,693,5,107631.8,2025-05-04 06:42:00,693,20,3,UPI,Success,0,
1,1,4,160662.66,2025-05-04 06:43:00,1,8,9,ATM,Pending,0,
631,631,1,88875.45,2025-05-04 06:44:00,631,2,2,RTGS,Success,0,
958,958,1,179825.19,2025-05-04 06:45:00,958,2,3,NEFT,Failed,0,
161,161,2,16453.74,2025-05-04 06:46:00,161,1,1,NEFT,Success,0,
676,676,4,5944.56,2025-05-04 06:47:00,676,26,8,ATM,Success,0,
218,218,9,92361.2,2025-05-04 06:48:00,218,19,7,UPI,Success,0,
488,488,10,151341.35,2025-05-04 06:49:00,488,22,10,NEFT,Success,0,
496,496,10,139787.56,2025-05-04 06:50:00,496,9,8,POS,Pending,0,
836,836,9,89691.73,2025-05-04 06:51:00,836,22,10,IMPS,Success,0,
898,898,9,148407.7,2025-05-04 06:52:00,898,13,2,RTGS,Success,0,
266,266,8,144144.62,2025-05-04 06:53:00,266,26,8,ATM,Success,0,
174,174,10,165939.12,2025-05-04 06:54:00,174,25,6,NETBANKING,Success,0,
241,241,5,50834.06,2025-05-04 06:55:00,241,15,1,IMPS,Success,0,
978,978,4,21064.35,2025-05-04 06:56:00,978,12,6,RTGS,Pending,0,
929,929,3,115345.22,2025-05-04 06:57:00,929,21,2,UPI,Success,0,
541,541,9,71630.1,2025-05-04 06:58:00,541,12,2,POS,Failed,0,
5,5,6,120556.9,2025-05-04 06:59:00,5,7,9,NETBANKING,Pending,0,
246,246,4,86019.4,2025-05-04 07:00:00,246,9,10,UPI,Success,0,
726,726,7,32108.57,2025-05-04 07:01:00,726,9,9,POS,Success,1,High Amount Transaction
913,913,8,34958.56,2025-05-04 07:02:00,913,3,5,RTGS,Success,0,
288,288,4,129938.92,2025-05-04 07:03:00,288,5,4,NETBANKING,Success,0,
44,44,3,74428.37,2025-05-04 07:04:00,44,27,7,IMPS,Success,0,
269,269,6,174658.01,2025-05-04 07:05:00,269,20,1,ATM,Success,1,Foreign Location
928,928,6,113448.59,2025-05-04 07:06:00,928,6,1,NEFT,Success,0,
917,917,4,161242.25,2025-05-04 07:07:00,917,6,1,RTGS,Success,0,
954,954,8,197794.45,2025-05-04 07:08:00,954,2,3,UPI,Success,0,
466,466,5,69663.39,2025-05-04 07:09:00,466,17,6,NEFT,Success,0,
803,803,9,4382.6,2025-05-04 07:10:00,803,2,5,RTGS,Success,0,
60,60,3,37495.72,2025-05-04 07:11:00,60,29,1,NEFT,Success,0,
139,139,9,20840.91,2025-05-04 07:12:00,139,13,6,RTGS,Success,0,
975,975,6,107470.1,2025-05-04 07:13:00,975,3,10,RTGS,Success,0,
592,592,3,47572.64,2025-05-04 07:14:00,592,30,5,NEFT,Success,0,
654,654,10,160600.41,2025-05-04 07:15:00,654,18,3,IMPS,Success,0,
136,136,10,36006.1,2025-05-04 07:16:00,136,17,8,UPI,Success,0,
723,723,8,180959.85,2025-05-04 07:17:00,723,14,7,NETBANKING,Success,0,
415,415,1,4003.86,2025-05-04 07:18:00,415,6,8,NEFT,Success,0,
497,497,1,104328.59,2025-05-04 07:19:00,497,7,6,NETBANKING,Success,0,
699,699,8,23781.3,2025-05-04 07:20:00,699,30,3,UPI,Failed,0,
127,127,5,96700.8,2025-05-04 07:21:00,127,23,9,NEFT,Success,0,
349,349,3,81442.49,2025-05-04 07:22:00,349,23,8,RTGS,Success,0,
653,653,5,25748.21,2025-05-04 07:23:00,653,7,4,RTGS,Success,0,
678,678,5,98979.36,2025-05-04 07:24:00,678,26,9,NEFT,Success,0,
169,169,5,3473.51,2025-05-04 07:25:00,169,6,7,RTGS,Success,0,
909,909,6,90522.73,2025-05-04 07:26:00,909,17,5,UPI,Success,0,
823,823,1,10949.63,2025-05-04 07:27:00,823,21,4,RTGS,Success,0,
158,158,4,196437.46,2025-05-04 07:28:00,158,14,1,NETBANKING,Success,0,
952,952,9,102355.48,2025-05-04 07:29:00,952,19,4,IMPS,Success,0,
653,653,1,170519.52,2025-05-04 07:30:00,653,14,6,UPI,Success,0,
392,392,5,130747.84,2025-05-04 07:31:00,392,15,10,UPI,Success,0,
604,604,5,143812.54,2025-05-04 07:32:00,604,5,7,IMPS,Success,0,
136,136,2,515.7,2025-05-04 07:33:00,136,7,9,NETBANKING,Success,0,
936,936,4,133020.57,2025-05-04 07:34:00,936,16,3,NEFT,Success,0,
713,713,8,44572.11,2025-05-04 07:35:00,713,18,10,IMPS,Success,0,
801,801,5,9886.73,2025-05-04 07:36:00,801,3,6,IMPS,Success,0,
691,691,6,101741.58,2025-05-04 07:37:00,691,9,2,UPI,Success,0,
297,297,9,65864.49,2025-05-04 07:38:00,297,30,6,NETBANKING,Success,0,
684,684,8,120372.07,2025-05-04 07:39:00,684,26,9,NETBANKING,Success,0,
548,548,8,159976.5,2025-05-04 07:40:00,548,24,9,ATM,Success,0,
187,187,9,150985.47,2025-05-04 07:41:00,187,13,10,UPI,Success,0,
555,555,1,173521.19,2025-05-04 07:42:00,555,10,3,ATM,Success,0,
52,52,7,111073.03,2025-05-04 07:43:00,52,28,2,UPI,Success,0,
693,693,7,145351.43,2025-05-04 07:44:00,693,23,8,NETBANKING,Success,0,
794,794,8,125966.98,2025-05-04 07:45:00,794,2,6,ATM,Success,0,
283,283,6,191767.74,2025-05-04 07:46:00,283,15,5,NEFT,Success,0,
36,36,7,194172.69,2025-05-04 07:47:00,36,18,10,ATM,Success,0,
761,761,6,62655.07,2025-05-04 07:48:00,761,13,4,NETBANKING,Success,0,
597,597,8,116532.08,2025-05-04 07:49:00,597,22,5,IMPS,Success,0,
491,491,1,4707.57,2025-05-04 07:50:00,491,26,5,NETBANKING,Success,0,
459,459,2,36769.96,2025-05-04 07:51:00,459,12,2,RTGS,Success,0,
706,706,2,83103.73,2025-05-04 07:52:00,706,29,7,NEFT,Success,0,
609,609,9,61118.77,2025-05-04 07:53:00,609,19,9,NETBANKING,Pending,0,
814,814,1,196724.62,2025-05-04 07:54:00,814,29,3,POS,Success,0,
302,302,10,184064.04,2025-05-04 07:55:00,302,8,10,NEFT,Success,0,
159,159,8,80893.74,2025-05-04 07:56:00,159,15,10,NETBANKING,Failed,0,
321,321,4,187658.71,2025-05-04 07:57:00,321,19,2,NEFT,Success,0,
905,905,2,198685.93,2025-05-04 07:58:00,905,26,4,POS,Success,0,
667,667,9,188510.71,2025-05-04 07:59:00,667,22,5,IMPS,Success,0,
90,90,6,191181.16,2025-05-04 08:00:00,90,11,8,UPI,Success,0,
489,489,2,159106.68,2025-05-04 08:01:00,489,18,9,NEFT,Success,0,
303,303,9,90540.86,2025-05-04 08:02:00,303,7,3,ATM,Failed,0,
355,355,9,124270.37,2025-05-04 08:03:00,355,15,7,ATM,Success,0,
306,306,4,36984.81,2025-05-04 08:04:00,306,26,9,NETBANKING,Success,0,
615,615,2,152200.55,2025-05-04 08:05:00,615,26,6,UPI,Success,0,
734,734,10,154567.54,2025-05-04 08:06:00,734,28,3,IMPS,Success,0,
319,319,10,27754.65,2025-05-04 08:07:00,319,11,9,UPI,Success,0,
573,573,1,79014.07,2025-05-04 08:08:00,573,13,7,IMPS,Success,0,
20,20,9,17370.04,2025-05-04 08:09:00,20,2,2,NETBANKING,Success,0,
533,533,8,103879.55,2025-05-04 08:10:00,533,2,2,UPI,Success,0,
220,220,8,11285.6,2025-05-04 08:11:00,220,26,1,NEFT,Success,0,
39,39,1,40703.03,2025-05-04 08:12:00,39,27,4,ATM,Success,0,
476,476,6,42057.96,2025-05-04 08:13:00,476,23,9,NETBANKING,Success,0,
935,935,2,17013.56,2025-05-04 08:14:00,935,3,10,POS,Success,0,
121,121,4,7633.23,2025-05-04 08:15:00,121,15,9,RTGS,Success,0,
487,487,4,29488.73,2025-05-04 08:16:00,487,3,8,ATM,Success,0,
201,201,1,112255.45,2025-05-04 08:17:00,201,20,9,IMPS,Success,0,
952,952,1,160132.98,2025-05-04 08:18:00,952,6,5,ATM,Success,0,
910,910,8,187674.66,2025-05-04 08:19:00,910,10,7,ATM,Success,0,
176,176,6,14399.65,2025-05-04 08:20:00,176,5,3,NETBANKING,Success,0,
782,782,1,10167.69,2025-05-04 08:21:00,782,18,10,NETBANKING,Success,0,
901,901,6,57522.01,2025-05-04 08:22:00,901,8,7,POS,Success,0,
46,46,8,103184.46,2025-05-04 08:23:00,46,26,10,NETBANKING,Success,0,
204,204,9,90049.9,2025-05-04 08:24:00,204,26,6,POS,Success,0,
379,379,9,62824.98,2025-05-04 08:25:00,379,10,5,POS,Success,1,Night Transaction
795,795,9,86943.64,2025-05-04 08:26:00,795,16,5,RTGS,Success,0,
330,330,8,157598.55,2025-05-04 08:27:00,330,8,2,UPI,Success,0,
745,745,10,137736.16,2025-05-04 08:28:00,745,3,1,NETBANKING,Success,0,
326,326,9,78613.37,2025-05-04 08:29:00,326,29,10,POS,Success,0,
401,401,9,34617.59,2025-05-04 08:30:00,401,7,7,NETBANKING,Success,0,
529,529,1,168598.19,2025-05-04 08:31:00,529,29,5,POS,Success,0,
320,320,5,7773.04,2025-05-04 08:32:00,320,16,1,POS,Success,0,
88,88,1,8851.66,2025-05-04 08:33:00,88,23,10,IMPS,Success,0,
484,484,3,33417.05,2025-05-04 08:34:00,484,10,8,ATM,Success,1,Foreign Location
471,471,2,96489.7,2025-05-04 08:35:00,471,7,10,UPI,Success,0,
702,702,5,65630.33,2025-05-04 08:36:00,702,5,7,IMPS,Success,0,
765,765,6,137822.97,2025-05-04 08:37:00,765,6,5,POS,Success,1,New Device Transaction
678,678,2,115531.33,2025-05-04 08:38:00,678,25,5,ATM,Success,0,
315,315,10,114663.44,2025-05-04 08:39:00,315,17,2,IMPS,Success,0,
110,110,2,90559.01,2025-05-04 08:40:00,110,25,7,NEFT,Success,0,
862,862,5,118118.09,2025-05-04 08:41:00,862,28,5,UPI,Success,1,High Amount Transaction
58,58,1,193651.14,2025-05-04 08:42:00,58,23,7,RTGS,Success,0,
796,796,9,38849.72,2025-05-04 08:43:00,796,21,5,UPI,Success,0,
782,782,8,110236.97,2025-05-04 08:44:00,782,19,8,RTGS,Success,0,
833,833,8,122678.31,2025-05-04 08:45:00,833,2,2,ATM,Success,0,
62,62,6,195077.07,2025-05-04 08:46:00,62,9,3,POS,Success,0,
793,793,5,97251.03,2025-05-04 08:47:00,793,6,10,ATM,Success,0,
849,849,6,129890.6,2025-05-04 08:48:00,849,5,10,IMPS,Success,0,
314,314,1,113765.1,2025-05-04 08:49:00,314,17,1,ATM,Success,0,
422,422,3,28404.13,2025-05-04 08:50:00,422,9,7,IMPS,Success,0,
104,104,8,56322.76,2025-05-04 08:51:00,104,10,8,UPI,Success,0,
29,29,4,163850.82,2025-05-04 08:52:00,29,18,6,IMPS,Success,0,
392,392,9,45516.86,2025-05-04 08:53:00,392,12,8,NETBANKING,Success,0,
423,423,2,25453.08,2025-05-04 08:54:00,423,21,9,NEFT,Success,0,
378,378,7,198007.71,2025-05-04 08:55:00,378,13,2,UPI,Success,0,
960,960,7,76505.75,2025-05-04 08:56:00,960,22,5,UPI,Success,0,
610,610,1,39324.64,2025-05-04 08:57:00,610,12,4,ATM,Success,0,
566,566,6,48722.47,2025-05-04 08:58:00,566,19,10,NEFT,Success,0,
225,225,10,98418.81,2025-05-04 08:59:00,225,19,3,ATM,Success,0,
431,431,6,197191.48,2025-05-04 09:00:00,431,2,5,ATM,Success,0,
2,2,7,74898.3,2025-05-04 09:01:00,2,14,3,NEFT,Success,0,
221,221,6,6691.4,2025-05-04 09:02:00,221,5,3,UPI,Success,0,
232,232,8,197903.19,2025-05-04 09:03:00,232,25,2,ATM,Success,0,
923,923,6,168242.56,2025-05-04 09:04:00,923,11,7,IMPS,Success,0,
842,842,3,155551.52,2025-05-04 09:05:00,842,17,10,UPI,Failed,0,
65,65,1,65528.55,2025-05-04 09:06:00,65,9,5,NETBANKING,Success,0,
397,397,6,101086.49,2025-05-04 09:07:00,397,4,8,POS,Success,0,
351,351,5,53224.88,2025-05-04 09:08:00,351,1,3,ATM,Success,0,
882,882,5,157215.5,2025-05-04 09:09:00,882,19,3,NETBANKING,Success,0,
42,42,5,15034.64,2025-05-04 09:10:00,42,28,9,NEFT,Success,0,
408,408,7,1647.41,2025-05-04 09:11:00,408,11,2,NEFT,Success,0,
46,46,6,16025.04,2025-05-04 09:12:00,46,27,5,NEFT,Success,0,
542,542,4,152495.62,2025-05-04 09:13:00,542,6,1,UPI,Success,0,
359,359,10,185659.21,2025-05-04 09:14:00,359,13,1,POS,Success,0,
265,265,6,197424.75,2025-05-04 09:15:00,265,22,3,NEFT,Success,0,
867,867,4,190543.48,2025-05-04 09:16:00,867,10,3,RTGS,Success,1,Multiple Transactions
955,955,4,109222.88,2025-05-04 09:17:00,955,22,9,POS,Success,0,
522,522,2,122786.42,2025-05-04 09:18:00,522,7,9,ATM,Success,0,
278,278,9,126285.55,2025-05-04 09:19:00,278,13,3,IMPS,Success,0,
553,553,8,19857.79,2025-05-04 09:20:00,553,8,3,POS,Success,0,
935,935,6,197906.88,2025-05-04 09:21:00,935,11,1,UPI,Success,0,
540,540,1,185889.3,2025-05-04 09:22:00,540,21,4,NETBANKING,Success,0,
538,538,8,177485.95,2025-05-04 09:23:00,538,17,2,NEFT,Success,0,
673,673,7,39601.95,2025-05-04 09:24:00,673,10,4,UPI,Success,0,
528,528,2,166093.84,2025-05-04 09:25:00,528,27,6,RTGS,Success,0,
960,960,7,147308.47,2025-05-04 09:26:00,960,23,8,NEFT,Success,0,
786,786,5,119691.99,2025-05-04 09:27:00,786,6,7,NETBANKING,Pending,0,
508,508,4,64880.9,2025-05-04 09:28:00,508,23,8,RTGS,Success,0,
754,754,1,33646.89,2025-05-04 09:29:00,754,24,3,IMPS,Success,1,High Amount Transaction
149,149,4,184282.29,2025-05-04 09:30:00,149,28,8,UPI,Success,0,
393,393,3,90678.31,2025-05-04 09:31:00,393,16,3,NETBANKING,Success,0,
899,899,9,74558.51,2025-05-04 09:32:00,899,1,4,NEFT,Success,0,
938,938,1,161740.44,2025-05-04 09:33:00,938,30,10,UPI,Success,0,
708,708,1,105275.54,2025-05-04 09:34:00,708,1,5,RTGS,Success,0,
360,360,8,130204.01,2025-05-04 09:35:00,360,19,8,IMPS,Success,0,
740,740,7,162819.96,2025-05-04 09:36:00,740,7,8,POS,Success,0,
995,995,1,133644.6,2025-05-04 09:37:00,995,14,1,POS,Success,0,
96,96,6,119759.36,2025-05-04 09:38:00,96,18,9,RTGS,Success,0,
439,439,5,122289.56,2025-05-04 09:39:00,439,21,9,IMPS,Success,0,
408,408,1,64684.44,2025-05-04 09:40:00,408,13,4,ATM,Success,0,
257,257,3,31570.37,2025-05-04 09:41:00,257,23,6,IMPS,Failed,0,
294,294,3,155481.34,2025-05-04 09:42:00,294,27,6,POS,Success,0,
118,118,2,161108.67,2025-05-04 09:43:00,118,7,2,POS,Success,0,
861,861,4,56174.04,2025-05-04 09:44:00,861,21,6,ATM,Success,0,
163,163,7,163453.79,2025-05-04 09:45:00,163,16,10,RTGS,Success,0,
249,249,2,76968.67,2025-05-04 09:46:00,249,2,5,POS,Success,0,
765,765,9,180414.9,2025-05-04 09:47:00,765,19,5,UPI,Success,0,
654,654,10,81394.8,2025-05-04 09:48:00,654,15,3,NEFT,Success,0,
88,88,9,177392.63,2025-05-04 09:49:00,88,23,7,POS,Success,0,
829,829,7,73527.57,2025-05-04 09:50:00,829,7,9,NEFT,Success,0,
970,970,6,6403.28,2025-05-04 09:51:00,970,8,10,RTGS,Success,0,
964,964,7,187597.98,2025-05-04 09:52:00,964,21,3,RTGS,Pending,0,
147,147,8,50967.22,2025-05-04 09:53:00,147,3,3,UPI,Success,0,
444,444,3,108924.83,2025-05-04 09:54:00,444,1,5,IMPS,Success,0,
815,815,9,50720.48,2025-05-04 09:55:00,815,19,7,NEFT,Success,0,
457,457,4,31323.91,2025-05-04 09:56:00,457,20,7,ATM,Success,0,
929,929,2,130141.28,2025-05-04 09:57:00,929,17,9,NEFT,Success,0,
300,300,5,148399.01,2025-05-04 09:58:00,300,10,4,NETBANKING,Failed,0,
281,281,10,132036.33,2025-05-04 09:59:00,281,26,5,POS,Success,0,
387,387,6,14777.49,2025-05-04 10:00:00,387,2,5,POS,Success,0,
707,707,9,55144.46,2025-05-04 10:01:00,707,24,5,UPI,Success,0,
521,521,6,195673.47,2025-05-04 10:02:00,521,2,7,NEFT,Success,0,
470,470,3,144435.94,2025-05-04 10:03:00,470,27,9,NETBANKING,Success,0,
569,569,6,85725.47,2025-05-04 10:04:00,569,11,6,NEFT,Success,0,
991,991,5,177407.65,2025-05-04 10:05:00,991,3,5,POS,Success,0,
731,731,5,88563.23,2025-05-04 10:06:00,731,30,8,UPI,Success,0,
115,115,1,171650.91,2025-05-04 10:07:00,115,18,4,POS,Success,0,
118,118,8,55939.16,2025-05-04 10:08:00,118,4,9,UPI,Success,0,
663,663,8,131740.87,2025-05-04 10:09:00,663,24,1,ATM,Success,0,
775,775,2,97717.46,2025-05-04 10:10:00,775,27,3,RTGS,Failed,0,
159,159,10,55258.42,2025-05-04 10:11:00,159,7,7,UPI,Failed,0,
472,472,5,108870.38,2025-05-04 10:12:00,472,27,7,UPI,Success,0,
916,916,5,155270.21,2025-05-04 10:13:00,916,17,2,UPI,Success,0,
37,37,8,87152.13,2025-05-04 10:14:00,37,4,9,RTGS,Pending,0,
724,724,2,168811.71,2025-05-04 10:15:00,724,2,2,POS,Pending,0,
925,925,9,121280.07,2025-05-04 10:16:00,925,29,2,UPI,Success,0,
810,810,2,198659.93,2025-05-04 10:17:00,810,13,2,RTGS,Success,0,
456,456,9,35603.29,2025-05-04 10:18:00,456,6,8,IMPS,Success,0,
506,506,7,113308.88,2025-05-04 10:19:00,506,11,10,RTGS,Success,0,
339,339,4,56454.31,2025-05-04 10:20:00,339,9,10,POS,Success,0,
27,27,1,54026.95,2025-05-04 10:21:00,27,15,10,UPI,Success,0,
497,497,4,67362.64,2025-05-04 10:22:00,497,19,1,UPI,Success,0,
946,946,9,107520.49,2025-05-04 10:23:00,946,22,7,ATM,Failed,0,
962,962,6,152781.25,2025-05-04 10:24:00,962,11,3,IMPS,Success,1,High Amount Transaction
54,54,6,160237.54,2025-05-04 10:25:00,54,28,5,POS,Success,0,
975,975,9,195424.52,2025-05-04 10:26:00,975,20,3,NEFT,Success,0,
415,415,7,156565.64,2025-05-04 10:27:00,415,25,6,RTGS,Success,0,
202,202,9,98712.8,2025-05-04 10:28:00,202,2,8,NEFT,Success,0,
918,918,3,184234.03,2025-05-04 10:29:00,918,4,7,POS,Pending,0,
668,668,2,147405.4,2025-05-04 10:30:00,668,2,9,NEFT,Success,0,
743,743,8,163099.33,2025-05-04 10:31:00,743,16,1,POS,Success,0,
597,597,8,32413.8,2025-05-04 10:32:00,597,19,7,UPI,Success,0,
276,276,7,91737.07,2025-05-04 10:33:00,276,3,10,NETBANKING,Success,0,
712,712,9,166221.48,2025-05-04 10:34:00,712,27,1,IMPS,Success,0,
307,307,6,165361.21,2025-05-04 10:35:00,307,15,8,UPI,Success,0,
501,501,3,147477.92,2025-05-04 10:36:00,501,13,9,RTGS,Pending,0,
116,116,6,51354.15,2025-05-04 10:37:00,116,11,10,RTGS,Success,1,High Amount Transaction
50,50,1,192539.54,2025-05-04 10:38:00,50,13,8,RTGS,Failed,0,
656,656,7,147368.36,2025-05-04 10:39:00,656,24,1,IMPS,Success,0,
192,192,5,69585.4,2025-05-04 10:40:00,192,23,3,IMPS,Success,0,
308,308,5,145771.49,2025-05-04 10:41:00,308,26,5,NEFT,Success,0,
119,119,3,159327.5,2025-05-04 10:42:00,119,15,8,ATM,Success,0,
373,373,1,198252.3,2025-05-04 10:43:00,373,14,9,UPI,Failed,0,
326,326,5,15819.84,2025-05-04 10:44:00,326,10,4,NETBANKING,Failed,0,
757,757,7,58150.02,2025-05-04 10:45:00,757,26,2,UPI,Success,0,
66,66,10,41520.15,2025-05-04 10:46:00,66,18,4,NETBANKING,Pending,0,
132,132,6,180772.57,2025-05-04 10:47:00,132,3,6,RTGS,Failed,0,
721,721,8,188211.48,2025-05-04 10:48:00,721,3,3,NEFT,Success,0,
304,304,7,164659.93,2025-05-04 10:49:00,304,16,6,POS,Success,0,
472,472,3,196674.89,2025-05-04 10:50:00,472,5,4,ATM,Success,0,
374,374,3,62698.96,2025-05-04 10:51:00,374,5,1,NEFT,Success,0,
873,873,6,128573.91,2025-05-04 10:52:00,873,28,4,ATM,Success,0,
417,417,5,16051.83,2025-05-04 10:53:00,417,22,1,ATM,Success,0,
526,526,6,62396.94,2025-05-04 10:54:00,526,27,5,NETBANKING,Success,0,
475,475,9,177491.75,2025-05-04 10:55:00,475,2,10,NEFT,Success,0,
892,892,8,85314.56,2025-05-04 10:56:00,892,18,9,NEFT,Success,0,
846,846,5,132757.3,2025-05-04 10:57:00,846,13,1,IMPS,Failed,0,
826,826,7,59180.92,2025-05-04 10:58:00,826,28,7,POS,Success,0,
792,792,8,22110.74,2025-05-04 10:59:00,792,5,1,UPI,Success,0,
365,365,5,162830.73,2025-05-04 11:00:00,365,4,5,NEFT,Success,0,
802,802,7,114256.72,2025-05-04 11:01:00,802,21,7,UPI,Failed,0,
377,377,5,127459.85,2025-05-04 11:02:00,377,5,1,IMPS,Success,0,
165,165,5,146162.62,2025-05-04 11:03:00,165,17,8,ATM,Success,0,
130,130,6,171979.24,2025-05-04 11:04:00,130,26,4,NETBANKING,Success,0,
494,494,5,99763.28,2025-05-04 11:05:00,494,20,5,UPI,Success,0,
743,743,3,33759.05,2025-05-04 11:06:00,743,9,10,NETBANKING,Success,0,
462,462,1,100017.52,2025-05-04 11:07:00,462,11,4,NEFT,Success,1,High Amount Transaction
824,824,8,132866.72,2025-05-04 11:08:00,824,2,1,RTGS,Success,0,
591,591,5,63874.2,2025-05-04 11:09:00,591,30,5,RTGS,Success,0,
911,911,10,194130.37,2025-05-04 11:10:00,911,15,1,POS,Success,0,
744,744,3,167847.63,2025-05-04 11:11:00,744,8,4,NEFT,Success,0,
209,209,7,80408.88,2025-05-04 11:12:00,209,28,6,POS,Success,0,
214,214,6,169879.05,2025-05-04 11:13:00,214,18,6,ATM,Success,0,
599,599,1,147350.39,2025-05-04 11:14:00,599,29,2,UPI,Success,1,New Device Transaction
568,568,1,155166.02,2025-05-04 11:15:00,568,16,4,NETBANKING,Success,0,
821,821,6,101580.78,2025-05-04 11:16:00,821,29,9,NETBANKING,Success,0,
454,454,3,182290.61,2025-05-04 11:17:00,454,25,10,RTGS,Failed,0,
816,816,2,2068.96,2025-05-04 11:18:00,816,19,1,IMPS,Success,0,
170,170,3,116769.47,2025-05-04 11:19:00,170,1,3,NEFT,Success,0,
409,409,6,25290.05,2025-05-04 11:20:00,409,30,9,RTGS,Success,0,
769,769,3,80243.72,2025-05-04 11:21:00,769,2,8,POS,Success,0,
94,94,10,38820.81,2025-05-04 11:22:00,94,15,3,RTGS,Success,0,
95,95,4,23304.96,2025-05-04 11:23:00,95,18,2,UPI,Success,0,
897,897,10,55822.2,2025-05-04 11:24:00,897,17,2,NEFT,Success,0,
449,449,7,54233.17,2025-05-04 11:25:00,449,10,5,ATM,Success,0,
383,383,1,96663.15,2025-05-04 11:26:00,383,4,9,RTGS,Success,0,
287,287,1,111334.74,2025-05-04 11:27:00,287,7,10,NEFT,Success,1,Multiple Transactions
63,63,1,173930.2,2025-05-04 11:28:00,63,9,4,RTGS,Success,0,
841,841,6,141449.51,2025-05-04 11:29:00,841,8,9,POS,Success,0,
631,631,6,63271.86,2025-05-04 11:30:00,631,7,4,UPI,Success,1,High Amount Transaction
890,890,8,100683.48,2025-05-04 11:31:00,890,8,5,IMPS,Success,0,
156,156,10,18670.09,2025-05-04 11:32:00,156,9,5,ATM,Success,0,
995,995,8,9588.69,2025-05-04 11:33:00,995,24,10,UPI,Success,0,
765,765,10,91537.47,2025-05-04 11:34:00,765,26,4,ATM,Success,0,
197,197,5,38010.75,2025-05-04 11:35:00,197,23,4,POS,Success,0,
35,35,2,28478.69,2025-05-04 11:36:00,35,14,2,UPI,Failed,0,
908,908,9,195314.98,2025-05-04 11:37:00,908,25,9,UPI,Success,0,
75,75,9,166629.58,2025-05-04 11:38:00,75,20,6,NETBANKING,Success,0,
705,705,2,78561.67,2025-05-04 11:39:00,705,5,5,NEFT,Success,0,
701,701,7,172690.43,2025-05-04 11:40:00,701,25,8,IMPS,Success,0,
398,398,6,10381.83,2025-05-04 11:41:00,398,10,9,NEFT,Success,0,
763,763,6,181054.62,2025-05-04 11:42:00,763,12,5,IMPS,Success,0,
335,335,10,119080.53,2025-05-04 11:43:00,335,5,9,RTGS,Success,0,
583,583,6,30109.63,2025-05-04 11:44:00,583,10,6,UPI,Success,1,Night Transaction
499,499,1,7781.46,2025-05-04 11:45:00,499,2,5,UPI,Success,0,
367,367,1,60737.94,2025-05-04 11:46:00,367,19,10,RTGS,Success,0,
686,686,7,104226.87,2025-05-04 11:47:00,686,17,3,RTGS,Success,0,
426,426,8,123001.0,2025-05-04 11:48:00,426,2,1,NETBANKING,Success,0,
178,178,7,6132.92,2025-05-04 11:49:00,178,20,2,NEFT,Success,0,
68,68,8,188879.67,2025-05-04 11:50:00,68,24,4,RTGS,Success,0,
719,719,6,40892.47,2025-05-04 11:51:00,719,15,3,RTGS,Success,0,
80,80,7,93024.31,2025-05-04 11:52:00,80,20,10,IMPS,Success,0,
255,255,1,188722.11,2025-05-04 11:53:00,255,13,2,NETBANKING,Success,0,
52,52,2,160930.6,2025-05-04 11:54:00,52,18,5,NEFT,Success,0,
456,456,2,77869.29,2025-05-04 11:55:00,456,7,6,RTGS,Success,0,
356,356,9,94008.94,2025-05-04 11:56:00,356,8,8,POS,Success,0,
715,715,7,161730.02,2025-05-04 11:57:00,715,28,5,ATM,Success,0,
824,824,6,120191.04,2025-05-04 11:58:00,824,23,9,UPI,Success,0,
550,550,9,22006.52,2025-05-04 11:59:00,550,27,10,UPI,Success,0,
764,764,3,32064.98,2025-05-04 12:00:00,764,28,8,POS,Pending,0,
21,21,10,15966.22,2025-05-04 12:01:00,21,6,8,ATM,Success,0,
568,568,8,149282.78,2025-05-04 12:02:00,568,8,2,POS,Success,0,
991,991,4,94868.52,2025-05-04 12:03:00,991,6,6,RTGS,Success,0,
849,849,4,10708.97,2025-05-04 12:04:00,849,6,1,NEFT,Success,0,
807,807,1,107015.04,2025-05-04 12:05:00,807,22,9,IMPS,Pending,0,
741,741,9,148996.88,2025-05-04 12:06:00,741,18,1,NEFT,Success,0,
465,465,5,138997.75,2025-05-04 12:07:00,465,25,9,NEFT,Success,0,
514,514,2,49946.7,2025-05-04 12:08:00,514,25,5,RTGS,Success,1,Night Transaction
10,10,4,151940.7,2025-05-04 12:09:00,10,29,5,NEFT,Success,0,
675,675,9,33748.52,2025-05-04 12:10:00,675,27,2,POS,Success,0,
350,350,2,10574.02,2025-05-04 12:11:00,350,6,1,RTGS,Success,0,
623,623,4,141428.59,2025-05-04 12:12:00,623,8,1,UPI,Success,0,
579,579,9,33918.69,2025-05-04 12:13:00,579,17,2,ATM,Success,1,New Device Transaction
479,479,5,105961.6,2025-05-04 12:14:00,479,5,1,NEFT,Success,0,
645,645,4,63049.2,2025-05-04 12:15:00,645,23,2,NEFT,Success,0,
758,758,8,165669.93,2025-05-04 12:16:00,758,15,5,NETBANKING,Success,0,
583,583,7,81692.99,2025-05-04 12:17:00,583,7,9,POS,Success,0,
952,952,10,89411.26,2025-05-04 12:18:00,952,14,10,POS,Success,0,
805,805,6,62659.5,2025-05-04 12:19:00,805,28,8,NEFT,Success,0,
394,394,5,170324.2,2025-05-04 12:20:00,394,1,7,ATM,Success,0,
793,793,9,146238.82,2025-05-04 12:21:00,793,24,6,NEFT,Failed,0,
581,581,2,195107.0,2025-05-04 12:22:00,581,29,5,NEFT,Success,0,
883,883,7,73989.92,2025-05-04 12:23:00,883,29,6,NETBANKING,Failed,0,
652,652,4,186746.41,2025-05-04 12:24:00,652,13,7,UPI,Success,0,
185,185,9,149285.52,2025-05-04 12:25:00,185,28,5,IMPS,Success,0,
372,372,9,29961.8,2025-05-04 12:26:00,372,27,4,POS,Success,0,
388,388,10,89150.73,2025-05-04 12:27:00,388,5,5,IMPS,Success,1,Night Transaction
471,471,7,163897.83,2025-05-04 12:28:00,471,26,9,UPI,Success,0,
584,584,8,151822.95,2025-05-04 12:29:00,584,19,6,UPI,Success,0,
556,556,1,68538.61,2025-05-04 12:30:00,556,20,8,RTGS,Success,0,
189,189,7,62383.08,2025-05-04 12:31:00,189,17,7,UPI,Success,0,
229,229,5,72187.81,2025-05-04 12:32:00,229,28,3,UPI,Success,1,Foreign Location
324,324,4,89428.61,2025-05-04 12:33:00,324,27,5,NETBANKING,Success,0,
14,14,4,16895.32,2025-05-04 12:34:00,14,5,3,IMPS,Success,0,
253,253,2,1559.05,2025-05-04 12:35:00,253,23,9,POS,Success,0,
318,318,1,199859.52,2025-05-04 12:36:00,318,16,4,UPI,Success,0,
970,970,8,104175.59,2025-05-04 12:37:00,970,3,10,POS,Failed,0,
583,583,10,8313.83,2025-05-04 12:38:00,583,12,9,RTGS,Success,0,
987,987,9,85121.38,2025-05-04 12:39:00,987,10,1,RTGS,Success,0,
225,225,3,168028.51,2025-05-04 12:40:00,225,23,2,UPI,Success,0,
179,179,4,65507.96,2025-05-04 12:41:00,179,15,6,ATM,Success,0,
431,431,6,102663.83,2025-05-04 12:42:00,431,28,2,POS,Success,0,
243,243,8,188330.09,2025-05-04 12:43:00,243,8,5,UPI,Success,0,
445,445,4,116569.65,2025-05-04 12:44:00,445,1,5,NEFT,Success,0,
924,924,7,101724.48,2025-05-04 12:45:00,924,4,2,NEFT,Success,0,
157,157,5,187583.63,2025-05-04 12:46:00,157,6,2,ATM,Success,0,
773,773,8,194828.33,2025-05-04 12:47:00,773,25,7,ATM,Success,0,
14,14,7,199664.99,2025-05-04 12:48:00,14,16,10,ATM,Success,0,
321,321,3,148001.05,2025-05-04 12:49:00,321,25,8,UPI,Success,0,
146,146,3,139988.5,2025-05-04 12:50:00,146,18,4,RTGS,Success,0,
420,420,4,132641.61,2025-05-04 12:51:00,420,30,6,ATM,Success,0,
47,47,10,113062.16,2025-05-04 12:52:00,47,16,6,NETBANKING,Success,0,
307,307,10,43489.23,2025-05-04 12:53:00,307,18,5,NETBANKING,Success,0,
492,492,6,88400.22,2025-05-04 12:54:00,492,17,7,NETBANKING,Success,0,
23,23,1,156983.0,2025-05-04 12:55:00,23,14,4,RTGS,Success,1,Night Transaction
838,838,8,133903.67,2025-05-04 12:56:00,838,2,8,IMPS,Success,0,
679,679,10,85673.69,2025-05-04 12:57:00,679,11,9,ATM,Success,0,
556,556,1,37135.49,2025-05-04 12:58:00,556,30,7,ATM,Success,0,
762,762,2,178575.72,2025-05-04 12:59:00,762,5,3,NETBANKING,Success,1,New Device Transaction
802,802,9,76133.25,2025-05-04 13:00:00,802,29,4,POS,Success,0,
571,571,9,107707.16,2025-05-04 13:01:00,571,5,4,RTGS,Success,0,
396,396,3,192435.08,2025-05-04 13:02:00,396,24,6,IMPS,Success,0,
235,235,8,169216.31,2025-05-04 13:03:00,235,27,4,POS,Pending,0,
411,411,10,140245.41,2025-05-04 13:04:00,411,16,9,UPI,Success,0,
751,751,5,26526.02,2025-05-04 13:05:00,751,21,9,ATM,Failed,0,
869,869,3,188108.13,2025-05-04 13:06:00,869,19,7,POS,Success,0,
241,241,3,52758.23,2025-05-04 13:07:00,241,13,5,IMPS,Success,0,
80,80,4,117307.24,2025-05-04 13:08:00,80,28,4,UPI,Success,0,
119,119,4,125216.03,2025-05-04 13:09:00,119,3,1,RTGS,Success,0,
654,654,5,146740.67,2025-05-04 13:10:00,654,7,8,RTGS,Success,0,
626,626,6,71587.55,2025-05-04 13:11:00,626,1,1,RTGS,Success,0,
97,97,8,86591.99,2025-05-04 13:12:00,97,11,8,IMPS,Success,0,
794,794,6,112615.96,2025-05-04 13:13:00,794,1,10,NEFT,Success,0,
347,347,2,72025.01,2025-05-04 13:14:00,347,8,7,POS,Pending,0,
96,96,4,19980.11,2025-05-04 13:15:00,96,13,1,ATM,Success,0,
653,653,5,118927.01,2025-05-04 13:16:00,653,29,10,IMPS,Success,0,
501,501,2,4558.18,2025-05-04 13:17:00,501,19,4,NETBANKING,Success,0,
560,560,10,189751.91,2025-05-04 13:18:00,560,2,1,IMPS,Success,0,
14,14,3,10773.28,2025-05-04 13:19:00,14,12,2,NETBANKING,Success,0,
280,280,8,117356.51,2025-05-04 13:20:00,280,9,9,RTGS,Pending,0,
780,780,8,20730.7,2025-05-04 13:21:00,780,1,9,IMPS,Success,0,
660,660,3,49665.5,2025-05-04 13:22:00,660,19,9,POS,Success,0,
592,592,10,37101.89,2025-05-04 13:23:00,592,9,10,NEFT,Success,0,
45,45,9,182258.78,2025-05-04 13:24:00,45,11,7,UPI,Success,0,
898,898,8,127266.11,2025-05-04 13:25:00,898,10,9,POS,Failed,0,
547,547,10,109797.04,2025-05-04 13:26:00,547,20,2,ATM,Failed,0,
988,988,2,82595.11,2025-05-04 13:27:00,988,12,1,ATM,Success,0,
108,108,8,169515.72,2025-05-04 13:28:00,108,23,3,ATM,Success,0,
630,630,3,23325.15,2025-05-04 13:29:00,630,1,10,NETBANKING,Success,0,
454,454,2,141384.16,2025-05-04 13:30:00,454,12,9,ATM,Success,0,
864,864,8,144670.37,2025-05-04 13:31:00,864,12,8,POS,Success,0,
511,511,3,126227.14,2025-05-04 13:32:00,511,7,1,RTGS,Success,0,
441,441,8,38997.28,2025-05-04 13:33:00,441,20,9,NEFT,Success,0,
517,517,10,134869.84,2025-05-04 13:34:00,517,6,1,NETBANKING,Success,0,
127,127,7,36958.86,2025-05-04 13:35:00,127,3,2,RTGS,Success,1,Foreign Location
1,1,9,34367.67,2025-05-04 13:36:00,1,1,9,ATM,Success,0,
267,267,2,75289.87,2025-05-04 13:37:00,267,16,3,NETBANKING,Success,1,Night Transaction
832,832,3,196581.86,2025-05-04 13:38:00,832,21,5,NETBANKING,Failed,0,
329,329,3,181641.84,2025-05-04 13:39:00,329,15,3,ATM,Success,0,
641,641,5,65243.75,2025-05-04 13:40:00,641,22,8,NETBANKING,Success,0,
852,852,10,5623.18,2025-05-04 13:41:00,852,21,1,RTGS,Success,0,
953,953,7,70338.52,2025-05-04 13:42:00,953,16,10,NEFT,Success,1,New Device Transaction
343,343,9,107246.42,2025-05-04 13:43:00,343,28,3,RTGS,Success,0,
711,711,6,164291.03,2025-05-04 13:44:00,711,3,3,UPI,Failed,1,New Device Transaction
413,413,1,108665.87,2025-05-04 13:45:00,413,25,9,ATM,Success,0,
140,140,10,159433.02,2025-05-04 13:46:00,140,6,8,ATM,Success,0,
641,641,3,164745.47,2025-05-04 13:47:00,641,30,4,POS,Success,0,
751,751,1,83278.43,2025-05-04 13:48:00,751,24,6,RTGS,Success,0,
625,625,7,35466.74,2025-05-04 13:49:00,625,28,4,UPI,Success,0,
250,250,2,44238.12,2025-05-04 13:50:00,250,5,3,NETBANKING,Success,0,
369,369,9,69533.49,2025-05-04 13:51:00,369,24,9,IMPS,Success,0,
894,894,5,37309.88,2025-05-04 13:52:00,894,4,3,UPI,Success,0,
568,568,8,53685.13,2025-05-04 13:53:00,568,22,3,NEFT,Success,0,
351,351,5,112842.15,2025-05-04 13:54:00,351,13,1,NEFT,Success,0,
577,577,1,94847.33,2025-05-04 13:55:00,577,2,5,UPI,Success,0,
68,68,5,161316.67,2025-05-04 13:56:00,68,5,9,UPI,Success,0,
327,327,3,103918.98,2025-05-04 13:57:00,327,19,9,POS,Success,0,
58,58,2,50016.02,2025-05-04 13:58:00,58,26,7,IMPS,Success,0,
124,124,6,78003.79,2025-05-04 13:59:00,124,2,4,POS,Success,0,
742,742,4,121580.11,2025-05-04 14:00:00,742,5,9,NETBANKING,Success,0,
591,591,5,38522.69,2025-05-04 14:01:00,591,24,8,RTGS,Success,0,
367,367,9,189190.63,2025-05-04 14:02:00,367,30,8,IMPS,Success,0,
756,756,2,155163.27,2025-05-04 14:03:00,756,18,8,UPI,Success,0,
997,997,1,32021.48,2025-05-04 14:04:00,997,16,6,UPI,Success,0,
316,316,2,161415.75,2025-05-04 14:05:00,316,26,5,POS,Success,0,
459,459,5,123157.54,2025-05-04 14:06:00,459,22,3,ATM,Success,0,
171,171,9,53852.97,2025-05-04 14:07:00,171,8,6,UPI,Success,0,
561,561,1,15933.39,2025-05-04 14:08:00,561,1,9,NEFT,Success,0,
551,551,6,163977.18,2025-05-04 14:09:00,551,10,8,ATM,Success,0,
707,707,10,98912.92,2025-05-04 14:10:00,707,4,4,POS,Success,0,
233,233,3,147513.14,2025-05-04 14:11:00,233,12,9,NETBANKING,Success,0,
566,566,1,28551.6,2025-05-04 14:12:00,566,4,6,NETBANKING,Success,0,
503,503,1,170697.73,2025-05-04 14:13:00,503,19,6,ATM,Failed,0,
819,819,4,128635.81,2025-05-04 14:14:00,819,7,8,RTGS,Success,0,
196,196,6,77631.84,2025-05-04 14:15:00,196,25,1,POS,Success,0,
873,873,4,107309.72,2025-05-04 14:16:00,873,22,8,POS,Success,0,
7,7,4,131431.51,2025-05-04 14:17:00,7,16,6,ATM,Success,0,
687,687,7,14082.74,2025-05-04 14:18:00,687,3,10,UPI,Success,0,
52,52,7,127274.26,2025-05-04 14:19:00,52,12,1,IMPS,Pending,0,
742,742,1,60975.62,2025-05-04 14:20:00,742,21,7,NETBANKING,Success,1,Multiple Transactions
712,712,7,25013.53,2025-05-04 14:21:00,712,25,8,IMPS,Success,0,
820,820,9,165977.96,2025-05-04 14:22:00,820,26,5,UPI,Success,0,
755,755,2,107347.86,2025-05-04 14:23:00,755,26,3,UPI,Success,0,
680,680,5,105654.31,2025-05-04 14:24:00,680,6,6,RTGS,Success,0,
9,9,3,146551.22,2025-05-04 14:25:00,9,30,6,NETBANKING,Success,0,
997,997,1,171033.46,2025-05-04 14:26:00,997,2,7,UPI,Success,0,
836,836,5,116965.21,2025-05-04 14:27:00,836,7,7,IMPS,Success,1,Multiple Transactions
141,141,7,24365.12,2025-05-04 14:28:00,141,12,10,NEFT,Success,0,
589,589,3,78433.62,2025-05-04 14:29:00,589,11,10,NETBANKING,Pending,0,
852,852,8,15833.74,2025-05-04 14:30:00,852,5,10,ATM,Failed,0,
409,409,1,157393.97,2025-05-04 14:31:00,409,10,4,ATM,Success,0,
172,172,6,51712.58,2025-05-04 14:32:00,172,28,9,IMPS,Success,0,
165,165,2,128947.2,2025-05-04 14:33:00,165,13,7,NEFT,Success,0,
897,897,2,21272.71,2025-05-04 14:34:00,897,4,7,NETBANKING,Success,0,
309,309,7,17119.91,2025-05-04 14:35:00,309,15,8,NEFT,Success,0,
61,61,2,193744.6,2025-05-04 14:36:00,61,3,5,RTGS,Success,0,
141,141,6,130831.49,2025-05-04 14:37:00,141,3,6,ATM,Success,0,
479,479,8,5768.64,2025-05-04 14:38:00,479,11,7,RTGS,Success,0,
690,690,9,116503.74,2025-05-04 14:39:00,690,7,8,RTGS,Success,0,
762,762,3,38259.91,2025-05-04 14:40:00,762,15,3,POS,Success,0,
159,159,4,163493.94,2025-05-04 14:41:00,159,1,9,POS,Success,0,
128,128,4,67071.74,2025-05-04 14:42:00,128,26,9,POS,Success,0,
448,448,5,89449.16,2025-05-04 14:43:00,448,20,6,IMPS,Success,0,
926,926,4,23598.22,2025-05-04 14:44:00,926,6,6,IMPS,Success,0,
472,472,10,132989.83,2025-05-04 14:45:00,472,22,5,POS,Success,0,
811,811,2,186716.44,2025-05-04 14:46:00,811,6,6,POS,Success,0,
484,484,5,82981.88,2025-05-04 14:47:00,484,2,1,IMPS,Success,0,
611,611,4,105115.04,2025-05-04 14:48:00,611,14,10,UPI,Success,0,
758,758,10,180208.45,2025-05-04 14:49:00,758,8,7,UPI,Success,0,
542,542,5,84335.87,2025-05-04 14:50:00,542,6,10,RTGS,Success,0,
468,468,9,8754.83,2025-05-04 14:51:00,468,14,3,RTGS,Success,0,
788,788,7,75557.56,2025-05-04 14:52:00,788,19,9,UPI,Success,0,
576,576,9,62366.67,2025-05-04 14:53:00,576,9,9,IMPS,Failed,0,
320,320,10,81452.88,2025-05-04 14:54:00,320,16,7,RTGS,Success,0,
27,27,6,123583.22,2025-05-04 14:55:00,27,6,1,ATM,Success,0,
418,418,4,41275.14,2025-05-04 14:56:00,418,12,7,ATM,Success,0,
64,64,3,126039.11,2025-05-04 14:57:00,64,12,10,IMPS,Failed,0,
506,506,2,154466.28,2025-05-04 14:58:00,506,19,1,POS,Success,0,
778,778,3,67247.51,2025-05-04 14:59:00,778,1,10,RTGS,Success,1,Night Transaction
328,328,7,166595.17,2025-05-04 15:00:00,328,6,8,NEFT,Success,0,
232,232,9,132595.74,2025-05-04 15:01:00,232,6,8,IMPS,Success,0,
6,6,7,177902.21,2025-05-04 15:02:00,6,12,3,RTGS,Success,0,
637,637,6,78547.9,2025-05-04 15:03:00,637,18,2,IMPS,Success,0,
579,579,8,370.55,2025-05-04 15:04:00,579,15,6,POS,Success,0,
883,883,2,484.27,2025-05-04 15:05:00,883,5,10,RTGS,Success,1,Multiple Transactions
78,78,8,163472.74,2025-05-04 15:06:00,78,12,3,UPI,Success,0,
90,90,9,116810.86,2025-05-04 15:07:00,90,27,9,IMPS,Success,0,
450,450,4,103632.49,2025-05-04 15:08:00,450,21,9,UPI,Success,0,
210,210,3,956.4,2025-05-04 15:09:00,210,9,5,POS,Success,0,
402,402,5,195724.71,2025-05-04 15:10:00,402,11,1,UPI,Success,0,
270,270,4,107162.32,2025-05-04 15:11:00,270,12,9,RTGS,Success,0,
964,964,4,153435.54,2025-05-04 15:12:00,964,21,3,POS,Success,0,
70,70,8,145426.97,2025-05-04 15:13:00,70,12,8,POS,Success,0,
599,599,2,153834.61,2025-05-04 15:14:00,599,26,8,ATM,Success,0,
914,914,9,13242.66,2025-05-04 15:15:00,914,19,8,POS,Success,0,
388,388,10,111725.09,2025-05-04 15:16:00,388,26,1,ATM,Success,0,
47,47,6,27972.27,2025-05-04 15:17:00,47,6,10,UPI,Success,0,
2,2,3,116341.94,2025-05-04 15:18:00,2,2,10,UPI,Success,0,
555,555,8,160920.73,2025-05-04 15:19:00,555,25,8,ATM,Success,0,
433,433,2,105616.11,2025-05-04 15:20:00,433,8,5,UPI,Success,0,
799,799,8,29795.33,2025-05-04 15:21:00,799,28,2,POS,Pending,1,New Device Transaction
420,420,5,48991.01,2025-05-04 15:22:00,420,20,10,POS,Failed,0,
428,428,9,14302.63,2025-05-04 15:23:00,428,30,8,IMPS,Failed,0,
970,970,6,73194.83,2025-05-04 15:24:00,970,19,10,ATM,Success,0,
7,7,4,136842.94,2025-05-04 15:25:00,7,2,6,ATM,Success,0,
838,838,3,44569.0,2025-05-04 15:26:00,838,21,5,NEFT,Success,0,
487,487,4,146042.1,2025-05-04 15:27:00,487,26,6,NETBANKING,Success,0,
833,833,4,95397.06,2025-05-04 15:28:00,833,18,10,POS,Success,0,
673,673,5,173221.8,2025-05-04 15:29:00,673,8,9,UPI,Success,0,
228,228,9,192154.7,2025-05-04 15:30:00,228,6,2,NEFT,Success,0,
301,301,4,43960.14,2025-05-04 15:31:00,301,10,5,NEFT,Success,0,
520,520,8,119972.66,2025-05-04 15:32:00,520,21,10,IMPS,Success,0,
916,916,1,98894.87,2025-05-04 15:33:00,916,18,9,RTGS,Success,0,
924,924,6,50641.42,2025-05-04 15:34:00,924,26,1,IMPS,Success,0,
241,241,7,145305.37,2025-05-04 15:35:00,241,11,4,NETBANKING,Success,0,
153,153,2,4623.68,2025-05-04 15:36:00,153,3,7,IMPS,Failed,0,
408,408,3,162545.93,2025-05-04 15:37:00,408,17,5,IMPS,Success,0,
900,900,3,186070.8,2025-05-04 15:38:00,900,12,9,POS,Success,0,
912,912,4,33653.3,2025-05-04 15:39:00,912,8,1,RTGS,Success,0,
773,773,10,51236.86,2025-05-04 15:40:00,773,29,3,IMPS,Success,0,
959,959,4,180045.2,2025-05-04 15:41:00,959,28,1,NEFT,Success,1,Night Transaction
856,856,5,123927.74,2025-05-04 15:42:00,856,21,4,UPI,Success,1,Multiple Transactions
824,824,1,140096.27,2025-05-04 15:43:00,824,5,4,ATM,Success,0,
166,166,2,176578.49,2025-05-04 15:44:00,166,25,3,RTGS,Success,0,
770,770,8,102572.83,2025-05-04 15:45:00,770,5,8,UPI,Success,0,
242,242,8,35658.75,2025-05-04 15:46:00,242,1,3,UPI,Success,0,
392,392,7,68451.77,2025-05-04 15:47:00,392,6,10,UPI,Success,0,
208,208,5,33319.47,2025-05-04 15:48:00,208,10,3,RTGS,Pending,0,
914,914,4,10107.99,2025-05-04 15:49:00,914,25,10,RTGS,Success,0,
418,418,10,4106.45,2025-05-04 15:50:00,418,1,8,POS,Success,0,
771,771,5,123855.06,2025-05-04 15:51:00,771,30,4,POS,Success,0,
460,460,9,162497.31,2025-05-04 15:52:00,460,20,4,RTGS,Success,0,
492,492,8,80965.37,2025-05-04 15:53:00,492,25,6,RTGS,Success,0,
77,77,3,63656.9,2025-05-04 15:54:00,77,20,5,NETBANKING,Success,0,
257,257,1,135364.02,2025-05-04 15:55:00,257,18,3,NEFT,Success,0,
236,236,2,153031.8,2025-05-04 15:56:00,236,24,3,NETBANKING,Success,0,
32,32,6,120959.6,2025-05-04 15:57:00,32,29,1,UPI,Success,0,
808,808,2,5417.74,2025-05-04 15:58:00,808,2,5,POS,Success,0,
687,687,3,180800.04,2025-05-04 15:59:00,687,11,6,ATM,Success,0,
417,417,7,18358.65,2025-05-04 16:00:00,417,30,5,POS,Failed,0,
38,38,4,17206.05,2025-05-04 16:01:00,38,2,2,RTGS,Success,1,New Device Transaction
277,277,2,128771.94,2025-05-04 16:02:00,277,1,9,IMPS,Success,0,
755,755,5,167439.29,2025-05-04 16:03:00,755,25,2,POS,Success,0,
18,18,3,139653.97,2025-05-04 16:04:00,18,6,10,NEFT,Success,0,
811,811,7,186589.83,2025-05-04 16:05:00,811,11,9,NEFT,Success,0,
28,28,4,32853.28,2025-05-04 16:06:00,28,26,10,RTGS,Success,0,
781,781,10,47116.78,2025-05-04 16:07:00,781,18,9,UPI,Success,0,
121,121,8,152399.82,2025-05-04 16:08:00,121,20,9,RTGS,Success,0,
343,343,2,17747.19,2025-05-04 16:09:00,343,6,5,NEFT,Pending,0,
136,136,10,41776.7,2025-05-04 16:10:00,136,30,10,RTGS,Success,0,
586,586,10,51331.2,2025-05-04 16:11:00,586,17,3,NEFT,Success,0,
249,249,7,17346.17,2025-05-04 16:12:00,249,5,6,UPI,Success,0,
67,67,1,114114.15,2025-05-04 16:13:00,67,25,5,IMPS,Success,0,
549,549,7,44686.36,2025-05-04 16:14:00,549,2,2,IMPS,Success,0,
165,165,1,147169.1,2025-05-04 16:15:00,165,8,1,ATM,Success,0,
872,872,7,70060.61,2025-05-04 16:16:00,872,17,9,RTGS,Success,0,
866,866,5,156156.27,2025-05-04 16:17:00,866,1,8,NETBANKING,Success,0,
533,533,9,149968.03,2025-05-04 16:18:00,533,12,8,NEFT,Success,0,
946,946,9,72724.65,2025-05-04 16:19:00,946,1,8,NEFT,Pending,0,
769,769,10,101274.98,2025-05-04 16:20:00,769,12,1,ATM,Success,0,
202,202,2,145372.15,2025-05-04 16:21:00,202,6,1,IMPS,Success,0,
99,99,2,166294.45,2025-05-04 16:22:00,99,5,7,NETBANKING,Success,0,
58,58,3,87648.44,2025-05-04 16:23:00,58,1,9,RTGS,Success,0,
987,987,9,12852.24,2025-05-04 16:24:00,987,10,7,NEFT,Success,0,
396,396,2,40614.4,2025-05-04 16:25:00,396,30,1,NETBANKING,Success,1,New Device Transaction
410,410,6,18465.54,2025-05-04 16:26:00,410,2,5,UPI,Success,0,
795,795,7,187919.78,2025-05-04 16:27:00,795,22,7,RTGS,Failed,0,
357,357,7,28890.25,2025-05-04 16:28:00,357,21,4,POS,Success,1,Night Transaction
618,618,8,162588.97,2025-05-04 16:29:00,618,6,5,ATM,Success,0,
444,444,6,84528.51,2025-05-04 16:30:00,444,11,6,NEFT,Success,0,
541,541,7,119291.55,2025-05-04 16:31:00,541,21,1,UPI,Success,1,Multiple Transactions
598,598,5,41897.86,2025-05-04 16:32:00,598,26,4,ATM,Success,0,
937,937,10,187699.88,2025-05-04 16:33:00,937,12,7,NETBANKING,Success,0,
318,318,3,182097.02,2025-05-04 16:34:00,318,23,4,RTGS,Success,0,
900,900,1,7557.74,2025-05-04 16:35:00,900,30,1,UPI,Success,0,
854,854,10,73400.25,2025-05-04 16:36:00,854,6,1,IMPS,Success,0,
884,884,10,182912.27,2025-05-04 16:37:00,884,27,6,NEFT,Success,0,
114,114,6,147421.2,2025-05-04 16:38:00,114,4,8,IMPS,Success,0,
977,977,7,65763.36,2025-05-04 16:39:00,977,16,9,ATM,Success,0,
853,853,4,90092.56,2025-05-04 16:40:00,853,24,3,NETBANKING,Success,0,
536,536,9,151564.98,2025-05-04 16:41:00,536,10,9,RTGS,Failed,0,
890,890,7,115491.46,2025-05-04 16:42:00,890,13,9,POS,Failed,0,
593,593,7,159579.07,2025-05-04 16:43:00,593,8,10,IMPS,Success,0,
820,820,10,52809.42,2025-05-04 16:44:00,820,22,10,NEFT,Success,0,
732,732,6,22413.23,2025-05-04 16:45:00,732,6,4,IMPS,Failed,0,
987,987,2,188264.02,2025-05-04 16:46:00,987,12,5,IMPS,Success,0,
22,22,10,76427.79,2025-05-04 16:47:00,22,8,4,RTGS,Success,0,
318,318,8,123887.45,2025-05-04 16:48:00,318,10,8,UPI,Success,0,
864,864,9,56798.92,2025-05-04 16:49:00,864,12,1,ATM,Success,0,
626,626,2,193918.83,2025-05-04 16:50:00,626,8,5,ATM,Success,0,
4,4,8,140618.31,2025-05-04 16:51:00,4,14,5,POS,Success,0,
731,731,10,92718.68,2025-05-04 16:52:00,731,27,5,POS,Success,0,
582,582,3,91474.97,2025-05-04 16:53:00,582,26,10,IMPS,Success,0,
73,73,4,13880.98,2025-05-04 16:54:00,73,1,3,POS,Success,0,
276,276,6,96555.87,2025-05-04 16:55:00,276,6,8,NETBANKING,Success,0,
52,52,9,158630.64,2025-05-04 16:56:00,52,24,3,UPI,Success,0,
777,777,2,157241.91,2025-05-04 16:57:00,777,13,9,POS,Success,0,
72,72,8,133558.84,2025-05-04 16:58:00,72,2,9,NETBANKING,Success,0,
489,489,2,121433.46,2025-05-04 16:59:00,489,25,1,IMPS,Success,0,
317,317,3,11202.55,2025-05-04 17:00:00,317,8,9,ATM,Success,0,
995,995,5,189772.43,2025-05-04 17:01:00,995,2,7,ATM,Success,0,
297,297,4,43712.41,2025-05-04 17:02:00,297,5,5,IMPS,Success,0,
797,797,7,52860.69,2025-05-04 17:03:00,797,6,3,NEFT,Success,0,
920,920,5,140191.08,2025-05-04 17:04:00,920,24,5,RTGS,Failed,0,
102,102,10,48529.14,2025-05-04 17:05:00,102,17,5,NETBANKING,Success,0,
17,17,9,43392.61,2025-05-04 17:06:00,17,17,4,NETBANKING,Success,0,
849,849,3,19432.46,2025-05-04 17:07:00,849,25,2,ATM,Success,0,
764,764,9,39778.7,2025-05-04 17:08:00,764,21,1,UPI,Success,0,
419,419,3,63245.29,2025-05-04 17:09:00,419,4,4,IMPS,Success,0,
470,470,8,183288.79,2025-05-04 17:10:00,470,14,6,POS,Success,0,
359,359,6,59325.18,2025-05-04 17:11:00,359,19,7,POS,Success,0,
143,143,7,77445.89,2025-05-04 17:12:00,143,2,5,POS,Success,0,
285,285,2,150350.14,2025-05-04 17:13:00,285,23,3,ATM,Success,0,
500,500,1,31095.03,2025-05-04 17:14:00,500,30,4,POS,Success,0,
765,765,6,121560.84,2025-05-04 17:15:00,765,11,8,IMPS,Success,0,
8,8,4,189305.28,2025-05-04 17:16:00,8,28,6,NEFT,Success,0,
833,833,2,9185.81,2025-05-04 17:17:00,833,1,1,ATM,Success,0,
370,370,1,30200.03,2025-05-04 17:18:00,370,3,1,UPI,Success,0,
199,199,9,143190.89,2025-05-04 17:19:00,199,19,6,POS,Success,0,
131,131,5,162153.71,2025-05-04 17:20:00,131,17,9,IMPS,Failed,0,
630,630,1,137672.06,2025-05-04 17:21:00,630,13,7,POS,Success,0,
119,119,7,132928.73,2025-05-04 17:22:00,119,13,5,RTGS,Success,0,
797,797,4,61924.57,2025-05-04 17:23:00,797,26,1,ATM,Success,0,
643,643,7,64961.16,2025-05-04 17:24:00,643,10,3,UPI,Success,0,
316,316,6,19089.95,2025-05-04 17:25:00,316,22,1,IMPS,Success,0,
933,933,3,18804.1,2025-05-04 17:26:00,933,12,9,POS,Success,0,
212,212,6,93463.77,2025-05-04 17:27:00,212,15,8,POS,Success,1,New Device Transaction
670,670,7,22768.89,2025-05-04 17:28:00,670,14,6,RTGS,Success,0,
256,256,4,192720.95,2025-05-04 17:29:00,256,15,5,RTGS,Success,0,
190,190,8,70139.74,2025-05-04 17:30:00,190,17,4,UPI,Success,0,
724,724,9,29922.43,2025-05-04 17:31:00,724,29,2,POS,Pending,0,
834,834,7,145587.05,2025-05-04 17:32:00,834,27,1,IMPS,Success,0,
738,738,1,15348.23,2025-05-04 17:33:00,738,26,5,POS,Success,0,
756,756,7,184842.77,2025-05-04 17:34:00,756,17,4,NETBANKING,Success,0,
892,892,6,129220.39,2025-05-04 17:35:00,892,2,6,POS,Success,0,
35,35,10,113929.88,2025-05-04 17:36:00,35,29,7,POS,Failed,1,New Device Transaction
662,662,4,162190.65,2025-05-04 17:37:00,662,30,7,NETBANKING,Success,0,
701,701,9,20640.31,2025-05-04 17:38:00,701,27,10,NETBANKING,Pending,0,
889,889,2,72376.33,2025-05-04 17:39:00,889,7,9,POS,Success,0,
75,75,10,193366.72,2025-05-04 17:40:00,75,11,10,NEFT,Success,0,
539,539,9,37556.4,2025-05-04 17:41:00,539,4,6,POS,Success,0,
580,580,7,59117.35,2025-05-04 17:42:00,580,19,6,IMPS,Success,0,
526,526,4,32781.69,2025-05-04 17:43:00,526,8,6,NETBANKING,Success,0,
182,182,6,176804.5,2025-05-04 17:44:00,182,15,10,NETBANKING,Success,0,
198,198,2,41053.71,2025-05-04 17:45:00,198,11,7,IMPS,Success,0,
799,799,2,122648.71,2025-05-04 17:46:00,799,9,3,POS,Success,0,
722,722,2,137486.59,2025-05-04 17:47:00,722,8,2,IMPS,Success,0,
420,420,3,45079.28,2025-05-04 17:48:00,420,19,2,RTGS,Success,0,
268,268,9,195640.48,2025-05-04 17:49:00,268,14,5,ATM,Pending,0,
488,488,9,103803.29,2025-05-04 17:50:00,488,4,3,UPI,Success,0,
513,513,2,148007.95,2025-05-04 17:51:00,513,8,5,UPI,Pending,0,
609,609,5,34630.06,2025-05-04 17:52:00,609,26,4,ATM,Success,0,
568,568,4,154842.94,2025-05-04 17:53:00,568,22,5,ATM,Success,0,
566,566,8,36474.24,2025-05-04 17:54:00,566,3,4,ATM,Success,0,
773,773,6,97955.32,2025-05-04 17:55:00,773,4,1,UPI,Success,0,
657,657,8,25408.05,2025-05-04 17:56:00,657,14,8,UPI,Success,0,
442,442,3,48415.52,2025-05-04 17:57:00,442,30,3,NETBANKING,Success,0,
48,48,7,124174.2,2025-05-04 17:58:00,48,21,7,ATM,Success,0,
968,968,6,147898.9,2025-05-04 17:59:00,968,7,7,NEFT,Failed,0,
20,20,5,185005.55,2025-05-04 18:00:00,20,21,4,UPI,Success,0,
358,358,6,64643.63,2025-05-04 18:01:00,358,5,10,NETBANKING,Success,0,
987,987,5,153575.57,2025-05-04 18:02:00,987,7,8,UPI,Failed,0,
469,469,2,189611.2,2025-05-04 18:03:00,469,2,8,POS,Success,0,
500,500,2,25512.87,2025-05-04 18:04:00,500,16,6,UPI,Success,0,
213,213,10,89184.03,2025-05-04 18:05:00,213,24,9,POS,Success,0,
831,831,7,777.72,2025-05-04 18:06:00,831,24,7,NEFT,Success,0,
887,887,10,181268.23,2025-05-04 18:07:00,887,12,9,RTGS,Success,0,
378,378,7,89955.2,2025-05-04 18:08:00,378,14,10,UPI,Success,0,
174,174,2,145460.69,2025-05-04 18:09:00,174,15,9,IMPS,Success,0,
684,684,3,9360.97,2025-05-04 18:10:00,684,30,1,RTGS,Success,0,
573,573,2,138304.24,2025-05-04 18:11:00,573,6,4,IMPS,Success,0,
826,826,9,188168.61,2025-05-04 18:12:00,826,7,7,RTGS,Success,0,
608,608,9,133930.87,2025-05-04 18:13:00,608,27,2,UPI,Success,0,
106,106,6,90169.15,2025-05-04 18:14:00,106,27,8,IMPS,Success,0,
565,565,3,183916.62,2025-05-04 18:15:00,565,27,3,UPI,Success,1,New Device Transaction
845,845,4,170375.04,2025-05-04 18:16:00,845,19,6,RTGS,Success,0,
299,299,4,37266.87,2025-05-04 18:17:00,299,7,1,ATM,Success,0,
93,93,2,38716.81,2025-05-04 18:18:00,93,15,4,IMPS,Success,0,
70,70,5,163352.85,2025-05-04 18:19:00,70,19,2,ATM,Success,0,
253,253,9,90154.54,2025-05-04 18:20:00,253,11,3,RTGS,Failed,0,
771,771,7,67026.4,2025-05-04 18:21:00,771,21,5,POS,Success,0,
176,176,8,111492.03,2025-05-04 18:22:00,176,16,10,NEFT,Success,0,
744,744,5,182763.74,2025-05-04 18:23:00,744,19,4,NETBANKING,Success,0,
924,924,1,75932.49,2025-05-04 18:24:00,924,20,1,IMPS,Success,1,High Amount Transaction
289,289,3,89799.38,2025-05-04 18:25:00,289,10,2,UPI,Failed,0,
477,477,1,24804.98,2025-05-04 18:26:00,477,4,6,ATM,Success,0,
772,772,8,178274.39,2025-05-04 18:27:00,772,30,6,NEFT,Success,0,
341,341,6,185157.27,2025-05-04 18:28:00,341,16,9,IMPS,Failed,0,
832,832,8,174010.6,2025-05-04 18:29:00,832,12,5,ATM,Success,0,
114,114,4,5251.97,2025-05-04 18:30:00,114,2,8,UPI,Success,0,
891,891,3,126499.04,2025-05-04 18:31:00,891,29,6,RTGS,Success,0,
555,555,3,110811.96,2025-05-04 18:32:00,555,6,10,ATM,Success,0,
487,487,6,111948.61,2025-05-04 18:33:00,487,5,4,UPI,Success,0,
994,994,3,191467.32,2025-05-04 18:34:00,994,26,2,IMPS,Success,0,
160,160,4,64879.86,2025-05-04 18:35:00,160,5,9,IMPS,Success,0,
335,335,3,89129.07,2025-05-04 18:36:00,335,9,4,ATM,Success,0,
69,69,5,182046.81,2025-05-04 18:37:00,69,6,1,RTGS,Success,0,
486,486,8,174626.12,2025-05-04 18:38:00,486,4,3,NETBANKING,Success,0,
587,587,8,15971.87,2025-05-04 18:39:00,587,2,4,POS,Success,0,
211,211,3,195120.1,2025-05-04 18:40:00,211,26,1,RTGS,Failed,0,
63,63,2,53299.93,2025-05-04 18:41:00,63,2,2,NEFT,Success,0,
148,148,1,174633.77,2025-05-04 18:42:00,148,16,10,POS,Success,0,
511,511,3,95110.45,2025-05-04 18:43:00,511,12,3,IMPS,Success,0,
780,780,7,75961.44,2025-05-04 18:44:00,780,22,7,UPI,Success,0,
634,634,10,194057.47,2025-05-04 18:45:00,634,17,3,RTGS,Failed,0,
668,668,4,165511.83,2025-05-04 18:46:00,668,9,8,UPI,Success,0,
617,617,9,89276.24,2025-05-04 18:47:00,617,29,4,ATM,Success,0,
407,407,2,193636.56,2025-05-04 18:48:00,407,10,8,IMPS,Success,1,High Amount Transaction
478,478,2,132806.59,2025-05-04 18:49:00,478,16,4,IMPS,Success,0,
242,242,3,177504.56,2025-05-04 18:50:00,242,1,1,IMPS,Success,0,
816,816,9,23590.07,2025-05-04 18:51:00,816,18,2,NEFT,Success,0,
210,210,2,199498.86,2025-05-04 18:52:00,210,4,1,IMPS,Success,1,Multiple Transactions
616,616,7,39797.68,2025-05-04 18:53:00,616,19,4,NETBANKING,Success,0,
175,175,5,47686.37,2025-05-04 18:54:00,175,18,3,IMPS,Success,0,
898,898,10,80873.69,2025-05-04 18:55:00,898,23,6,POS,Success,0,
470,470,1,155314.64,2025-05-04 18:56:00,470,10,1,NETBANKING,Success,0,
885,885,8,176460.85,2025-05-04 18:57:00,885,21,7,IMPS,Success,0,
889,889,5,15612.11,2025-05-04 18:58:00,889,12,3,POS,Success,0,
280,280,2,147083.3,2025-05-04 18:59:00,280,5,5,ATM,Success,1,Night Transaction
806,806,3,90954.07,2025-05-04 19:00:00,806,9,9,UPI,Success,0,
514,514,7,6600.45,2025-05-04 19:01:00,514,25,5,POS,Success,0,
312,312,10,56822.95,2025-05-04 19:02:00,312,22,10,NEFT,Success,0,
45,45,4,188910.2,2025-05-04 19:03:00,45,10,4,NETBANKING,Failed,0,
968,968,6,51968.32,2025-05-04 19:04:00,968,10,7,POS,Success,0,
199,199,9,165151.25,2025-05-04 19:05:00,199,18,9,POS,Success,0,
808,808,3,115207.97,2025-05-04 19:06:00,808,6,4,UPI,Success,0,
134,134,6,150399.84,2025-05-04 19:07:00,134,2,6,NEFT,Success,0,
812,812,2,99892.16,2025-05-04 19:08:00,812,20,10,IMPS,Success,0,
821,821,1,72374.15,2025-05-04 19:09:00,821,19,4,IMPS,Pending,0,
842,842,7,170411.41,2025-05-04 19:10:00,842,30,5,NETBANKING,Success,0,
76,76,8,34301.75,2025-05-04 19:11:00,76,30,4,IMPS,Pending,0,
364,364,2,159462.67,2025-05-04 19:12:00,364,16,7,IMPS,Success,0,
33,33,9,27103.34,2025-05-04 19:13:00,33,25,8,UPI,Success,0,
734,734,9,62694.03,2025-05-04 19:14:00,734,25,9,IMPS,Pending,0,
836,836,2,182212.83,2025-05-04 19:15:00,836,29,9,UPI,Success,0,
771,771,7,116720.77,2025-05-04 19:16:00,771,26,9,NEFT,Success,0,
552,552,7,99459.95,2025-05-04 19:17:00,552,2,8,ATM,Success,0,
846,846,10,45049.44,2025-05-04 19:18:00,846,12,4,UPI,Pending,1,Night Transaction
