AccountID,CustomerID,TypeID,Amount,TransactionDate,DeviceID,ATMID,LocationID,TransactionMode,Status,IsFraud,FraudReason
488,488,1,88582.05,2024-06-05 20:28:00,488,5,1,POS,Success,0,
592,592,3,102665.6,2025-03-20 15:14:00,592,26,4,IMPS,Success,0,
421,421,7,187749.13,2024-03-19 02:35:00,421,29,3,NETBANKING,Success,1,High Amount Transaction
605,605,8,174828.73,2025-05-01 06:38:00,605,20,7,ATM,Success,0,
321,321,5,556807.49,2025-03-13 08:36:00,321,6,3,POS,Success,0,
895,895,3,126169.18,2024-08-13 10:48:00,895,10,4,NETBANKING,Success,0,
933,933,10,611661.75,2024-03-24 21:16:00,933,18,7,POS,Success,0,
770,770,8,560851.12,2025-02-04 17:05:00,770,15,5,NETBANKING,Success,0,
562,562,10,54690.68,2024-05-17 18:50:00,562,7,6,POS,Success,0,
801,801,5,442935.59,2024-03-24 20:34:00,801,6,1,ATM,Success,0,
970,970,2,452407.14,2024-01-17 06:42:00,970,20,5,NETBANKING,Success,0,
420,420,7,556649.46,2024-03-16 12:21:00,420,15,5,NETBANKING,Pending,0,
845,845,1,289893.74,2024-08-17 22:30:00,845,20,9,NETBANKING,Success,0,
786,786,4,517384.08,2025-02-11 14:41:00,786,5,2,ATM,Success,0,
267,267,9,45930.9,2025-01-29 12:26:00,267,12,6,RTGS,Success,0,
401,401,10,11368.98,2024-07-09 12:22:00,401,17,2,NETBANKING,Success,0,
601,601,6,2120.75,2024-09-08 23:28:00,601,14,10,NETBANKING,Success,0,
166,166,9,541326.34,2024-07-09 01:30:00,166,23,1,UPI,Success,0,
846,846,8,297728.31,2025-01-15 05:47:00,846,27,2,POS,Success,0,
420,420,9,311087.89,2024-09-06 04:39:00,420,18,2,NETBANKING,Success,0,
174,174,7,234980.34,2024-04-23 15:37:00,174,25,8,RTGS,Success,0,
759,759,1,551899.8,2024-05-29 11:03:00,759,12,2,NETBANKING,Pending,0,
303,303,4,178102.12,2024-12-04 06:47:00,303,22,4,ATM,Success,0,
396,396,9,377306.75,2024-06-21 22:41:00,396,5,1,IMPS,Failed,0,
313,313,5,216399.62,2025-01-16 08:45:00,313,18,10,IMPS,Success,0,
830,830,6,667823.9,2024-08-14 19:57:00,830,14,10,UPI,Success,0,
381,381,4,438118.76,2025-02-24 03:27:00,381,24,9,NEFT,Success,0,
595,595,7,284052.21,2024-03-12 21:07:00,595,15,10,IMPS,Success,0,
446,446,1,231310.05,2024-07-24 08:40:00,446,10,8,IMPS,Success,0,
7,7,1,687823.67,2024-10-10 10:59:00,7,4,2,IMPS,Success,0,
581,581,1,474048.8,2024-07-07 00:11:00,581,14,5,IMPS,Success,0,
286,286,10,441460.18,2024-09-14 14:56:00,286,26,7,POS,Success,0,
449,449,3,625984.15,2025-01-11 09:10:00,449,1,3,RTGS,Success,0,
565,565,8,136459.38,2024-12-11 20:32:00,565,25,2,POS,Success,0,
720,720,1,26360.12,2025-04-26 19:52:00,720,15,4,NEFT,Success,0,
908,908,3,380896.75,2024-03-07 02:12:00,908,1,9,POS,Success,0,
841,841,2,518273.6,2024-08-21 11:08:00,841,22,1,IMPS,Success,0,
280,280,8,752753.08,2025-01-08 09:19:00,280,28,1,ATM,Success,0,
908,908,4,494685.63,2024-01-10 08:44:00,908,23,3,POS,Success,0,
326,326,8,304912.56,2025-04-28 08:49:00,326,8,9,NETBANKING,Success,0,
2,2,7,531179.07,2025-03-18 14:32:00,2,28,9,NEFT,Failed,0,
142,142,2,439236.27,2024-11-13 12:40:00,142,14,4,IMPS,Pending,0,
638,638,5,170542.01,2024-03-10 08:13:00,638,5,5,NETBANKING,Failed,0,
989,989,5,753107.87,2025-01-12 18:11:00,989,6,10,POS,Success,0,
406,406,7,338193.15,2024-11-15 08:16:00,406,16,7,IMPS,Success,0,
21,21,9,568807.7,2024-05-29 11:07:00,21,3,4,RTGS,Success,0,
262,262,1,636031.29,2024-10-02 02:50:00,262,4,3,NETBANKING,Success,0,
705,705,6,285080.4,2024-05-03 10:45:00,705,20,2,ATM,Success,0,
639,639,7,203080.96,2024-06-28 01:27:00,639,28,7,RTGS,Success,0,
678,678,6,128083.32,2024-03-17 03:30:00,678,5,5,POS,Success,0,
247,247,3,713466.24,2024-10-06 16:01:00,247,16,1,NEFT,Success,0,
587,587,3,726904.72,2024-10-28 22:51:00,587,21,5,NEFT,Success,0,
427,427,9,280606.69,2024-05-21 15:54:00,427,2,10,NETBANKING,Success,0,
18,18,6,612339.7,2025-02-14 13:57:00,18,29,3,NEFT,Success,0,
232,232,5,298029.23,2024-06-25 05:44:00,232,25,6,UPI,Success,0,
823,823,2,274908.64,2024-11-25 05:44:00,823,9,3,NEFT,Success,0,
458,458,2,516122.82,2025-04-05 10:20:00,458,16,3,IMPS,Success,0,
976,976,6,267282.72,2025-01-24 06:21:00,976,1,3,RTGS,Success,0,
413,413,9,439170.22,2025-02-09 23:05:00,413,15,3,NEFT,Success,0,
373,373,3,296117.34,2025-02-10 04:15:00,373,3,4,NETBANKING,Success,0,
633,633,7,145999.48,2024-12-09 08:20:00,633,21,1,NEFT,Success,0,
217,217,3,711828.47,2025-02-10 16:19:00,217,30,1,ATM,Success,0,
955,955,6,81957.07,2024-09-22 06:20:00,955,25,2,ATM,Success,0,
644,644,9,492788.95,2024-03-30 03:38:00,644,2,2,IMPS,Success,0,
299,299,5,564742.73,2024-08-30 01:34:00,299,26,3,NETBANKING,Pending,0,
332,332,4,222810.28,2024-06-12 14:56:00,332,16,7,NEFT,Success,0,
189,189,3,719529.47,2024-09-14 01:20:00,189,16,5,UPI,Success,0,
773,773,3,712986.26,2024-05-13 09:06:00,773,29,9,NETBANKING,Success,0,
977,977,5,612070.89,2024-11-30 11:32:00,977,16,5,ATM,Success,0,
806,806,9,296094.15,2025-01-29 12:08:00,806,16,8,RTGS,Success,0,
677,677,1,772552.56,2025-03-05 05:21:00,677,16,8,IMPS,Success,0,
301,301,1,100068.04,2024-07-10 11:46:00,301,26,9,ATM,Success,1,High Amount Transaction
955,955,7,710555.19,2024-06-11 21:07:00,955,14,1,NEFT,Pending,0,
326,326,7,346426.6,2025-04-04 00:57:00,326,25,9,NETBANKING,Success,0,
405,405,10,494406.23,2024-12-07 08:44:00,405,30,8,UPI,Success,1,Multiple Transactions
608,608,6,390878.16,2024-03-08 18:04:00,608,5,5,IMPS,Success,0,
706,706,8,31307.06,2024-05-13 02:31:00,706,30,6,NETBANKING,Success,0,
538,538,4,72421.27,2025-01-13 14:16:00,538,29,2,NEFT,Success,0,
91,91,7,304254.09,2024-07-27 04:45:00,91,18,4,UPI,Success,0,
894,894,2,102327.76,2024-12-05 20:07:00,894,7,9,NEFT,Success,0,
174,174,2,596657.84,2024-11-01 02:59:00,174,12,10,POS,Success,0,
904,904,1,287563.12,2024-05-08 17:39:00,904,16,10,RTGS,Success,0,
282,282,10,570567.15,2025-01-17 22:24:00,282,2,3,IMPS,Success,0,
71,71,6,308034.82,2024-12-26 22:35:00,71,16,6,NEFT,Pending,0,
93,93,10,128165.9,2024-08-23 19:27:00,93,19,8,UPI,Success,0,
106,106,1,523484.71,2024-05-14 05:02:00,106,29,2,UPI,Success,0,
252,252,4,576288.52,2025-02-18 06:44:00,252,11,7,NETBANKING,Success,0,
215,215,6,587374.99,2025-01-24 11:50:00,215,14,5,POS,Success,0,
636,636,6,235691.78,2024-09-16 08:44:00,636,7,2,IMPS,Failed,0,
623,623,6,242979.37,2025-03-03 10:22:00,623,23,2,ATM,Success,0,
190,190,1,261070.3,2025-03-09 07:33:00,190,17,8,NETBANKING,Success,1,Foreign Location
924,924,7,166783.74,2025-01-01 16:59:00,924,8,8,IMPS,Success,0,
829,829,10,165826.97,2024-07-13 02:18:00,829,20,4,ATM,Success,0,
467,467,7,734400.33,2024-03-17 03:03:00,467,15,3,ATM,Success,0,
313,313,5,148639.76,2025-04-23 00:34:00,313,20,2,UPI,Success,0,
755,755,3,470591.91,2024-02-11 10:40:00,755,13,9,NETBANKING,Success,0,
923,923,7,11930.62,2024-06-05 06:55:00,923,6,10,UPI,Pending,0,
242,242,7,380547.83,2025-01-26 02:28:00,242,4,3,ATM,Success,0,
771,771,10,597627.79,2024-02-24 07:46:00,771,18,2,ATM,Pending,0,
523,523,5,620949.35,2024-02-11 21:25:00,523,26,6,RTGS,Pending,0,
707,707,10,109352.61,2025-03-27 06:16:00,707,23,10,UPI,Success,0,
184,184,5,742219.68,2024-11-20 15:13:00,184,13,3,NETBANKING,Success,0,
15,15,10,414415.12,2024-05-01 20:32:00,15,22,6,IMPS,Success,0,
933,933,4,538097.86,2025-02-03 16:11:00,933,7,10,ATM,Success,0,
174,174,8,456894.18,2024-05-26 06:56:00,174,19,9,IMPS,Failed,0,
287,287,1,27177.52,2024-11-29 14:36:00,287,22,3,NEFT,Success,0,
238,238,7,646367.09,2024-08-07 16:48:00,238,1,4,POS,Success,0,
98,98,1,57895.23,2024-01-07 01:58:00,98,16,6,NETBANKING,Success,0,
276,276,2,514982.13,2024-11-03 08:36:00,276,3,5,RTGS,Success,0,
538,538,6,331555.62,2024-11-04 02:30:00,538,27,5,POS,Success,0,
414,414,2,360823.91,2024-03-01 13:58:00,414,30,10,ATM,Success,0,
10,10,9,765696.02,2024-11-11 11:27:00,10,29,6,ATM,Success,0,
692,692,4,395441.74,2024-10-10 10:58:00,692,26,3,ATM,Success,0,
532,532,2,593900.06,2024-06-28 23:52:00,532,4,9,RTGS,Success,0,
174,174,9,561816.43,2024-05-26 15:52:00,174,16,9,NETBANKING,Success,0,
133,133,3,676833.38,2025-01-03 07:43:00,133,24,7,NETBANKING,Pending,0,
343,343,4,596071.56,2024-06-02 02:53:00,343,1,8,IMPS,Success,0,
554,554,1,351497.21,2024-11-19 08:33:00,554,16,8,POS,Success,0,
706,706,10,748385.24,2024-02-08 06:56:00,706,5,4,UPI,Failed,0,
779,779,1,734989.45,2025-03-03 16:46:00,779,26,3,ATM,Success,0,
146,146,9,778397.78,2024-03-09 05:41:00,146,4,7,NETBANKING,Success,0,
255,255,1,289340.96,2024-07-05 06:38:00,255,29,1,IMPS,Success,0,
362,362,1,266400.02,2024-09-07 19:06:00,362,1,2,IMPS,Failed,0,
478,478,3,694119.24,2024-04-09 15:21:00,478,9,3,IMPS,Success,0,
269,269,3,753473.03,2024-08-05 15:19:00,269,16,6,ATM,Success,1,High Amount Transaction
525,525,10,394264.9,2024-04-21 23:16:00,525,11,9,NETBANKING,Success,0,
135,135,9,118128.76,2024-03-04 23:29:00,135,20,10,ATM,Success,0,
963,963,1,371634.94,2024-05-09 20:56:00,963,19,6,NEFT,Success,0,
724,724,3,419325.51,2024-09-27 17:30:00,724,5,3,UPI,Success,0,
785,785,2,616209.22,2024-05-24 00:03:00,785,9,10,RTGS,Pending,0,
606,606,1,267947.2,2025-03-24 10:33:00,606,13,10,POS,Pending,0,
677,677,5,322387.68,2024-12-21 17:44:00,677,24,2,NETBANKING,Success,0,
380,380,1,630405.86,2024-10-14 23:09:00,380,1,5,ATM,Success,0,
911,911,4,52765.22,2024-09-17 00:56:00,911,10,2,IMPS,Success,0,
523,523,6,779491.97,2024-01-23 21:07:00,523,20,4,RTGS,Success,0,
98,98,7,717014.88,2025-02-22 07:06:00,98,15,1,NETBANKING,Success,0,
70,70,3,313498.46,2024-08-11 17:29:00,70,18,2,NETBANKING,Success,0,
374,374,1,399921.82,2025-02-25 08:56:00,374,6,10,RTGS,Success,0,
383,383,2,483082.52,2024-09-26 11:56:00,383,19,7,RTGS,Success,0,
657,657,3,204241.71,2024-10-08 14:30:00,657,3,4,POS,Success,0,
807,807,1,137326.24,2024-11-20 15:14:00,807,22,2,NEFT,Success,0,
265,265,10,406653.61,2025-01-03 01:30:00,265,29,8,UPI,Success,0,
152,152,8,72165.15,2025-01-01 11:06:00,152,30,9,IMPS,Success,0,
624,624,6,457606.55,2024-04-18 03:36:00,624,5,1,ATM,Success,0,
750,750,2,103811.09,2025-03-24 02:01:00,750,4,8,RTGS,Success,0,
609,609,3,514775.19,2024-07-22 23:24:00,609,5,7,UPI,Success,0,
951,951,7,548352.44,2025-03-04 03:35:00,951,22,4,RTGS,Success,0,
174,174,6,310525.86,2024-12-08 02:54:00,174,6,10,IMPS,Success,0,
794,794,7,572769.43,2024-12-24 22:42:00,794,23,2,ATM,Failed,0,
377,377,9,240887.94,2025-03-02 19:53:00,377,28,8,IMPS,Success,0,
764,764,6,30614.99,2025-01-01 11:36:00,764,8,7,NETBANKING,Success,0,
391,391,2,117351.02,2025-03-31 11:50:00,391,14,1,ATM,Success,0,
643,643,7,113242.51,2024-12-13 00:33:00,643,27,9,ATM,Failed,0,
149,149,4,136371.73,2024-02-14 20:55:00,149,2,5,UPI,Success,1,New Device
153,153,5,258506.74,2025-02-24 08:03:00,153,17,9,ATM,Success,0,
764,764,7,507504.95,2024-10-28 20:07:00,764,22,10,IMPS,Success,0,
321,321,8,648207.4,2024-06-17 18:52:00,321,21,1,NETBANKING,Success,0,
545,545,4,255312.98,2024-02-07 12:27:00,545,15,6,ATM,Success,0,
293,293,6,163197.06,2025-04-17 00:45:00,293,15,7,UPI,Success,0,
63,63,3,47383.22,2024-09-23 02:18:00,63,18,4,UPI,Success,0,
341,341,7,420239.73,2025-03-11 14:53:00,341,7,4,UPI,Success,0,
693,693,7,594963.18,2025-01-22 19:39:00,693,22,9,NEFT,Success,0,
20,20,6,605875.65,2024-06-01 04:18:00,20,22,5,RTGS,Success,0,
180,180,7,30960.17,2025-04-06 05:36:00,180,21,3,NEFT,Success,0,
721,721,7,174705.15,2024-02-14 03:27:00,721,29,2,POS,Success,0,
96,96,7,458384.7,2024-03-06 14:05:00,96,10,4,IMPS,Success,0,
713,713,4,60693.19,2024-12-04 23:09:00,713,14,7,IMPS,Pending,0,
165,165,3,148449.2,2025-03-18 16:03:00,165,27,1,NETBANKING,Pending,0,
872,872,4,492494.31,2025-02-22 19:58:00,872,30,8,ATM,Success,0,
234,234,4,244407.04,2024-05-20 05:16:00,234,23,8,NETBANKING,Success,0,
548,548,2,298779.94,2024-09-25 16:13:00,548,19,6,ATM,Success,0,
505,505,3,575764.34,2024-05-08 14:08:00,505,10,1,NEFT,Success,0,
501,501,9,297941.08,2024-09-27 18:33:00,501,3,4,ATM,Success,0,
914,914,8,750929.71,2025-04-25 03:07:00,914,6,7,IMPS,Success,0,
867,867,6,289690.05,2024-03-19 14:30:00,867,4,7,NETBANKING,Success,0,
480,480,7,296871.02,2025-01-16 02:00:00,480,27,7,NETBANKING,Success,0,
160,160,5,434109.87,2024-07-06 18:09:00,160,15,6,UPI,Success,0,
88,88,7,527140.69,2024-12-14 06:12:00,88,15,4,UPI,Success,0,
463,463,6,312914.59,2025-02-26 16:58:00,463,24,9,RTGS,Success,0,
543,543,4,288197.36,2025-03-22 07:39:00,543,1,7,NEFT,Success,0,
329,329,5,421016.69,2024-10-10 04:30:00,329,11,9,IMPS,Success,0,
870,870,4,21435.34,2025-03-10 13:18:00,870,6,9,NEFT,Success,0,
152,152,4,169407.91,2024-11-21 00:04:00,152,21,8,ATM,Success,0,
123,123,1,564884.73,2024-08-03 02:01:00,123,16,9,POS,Success,0,
699,699,7,138539.54,2024-01-14 09:48:00,699,8,4,POS,Success,0,
151,151,6,406864.46,2024-03-01 05:45:00,151,22,4,NEFT,Success,0,
360,360,4,695852.23,2024-01-23 17:23:00,360,23,3,POS,Success,0,
601,601,8,787388.38,2024-11-11 04:59:00,601,15,10,ATM,Success,1,Night Transaction
194,194,9,286797.85,2024-05-25 07:38:00,194,13,4,ATM,Success,0,
937,937,5,419307.12,2024-10-29 20:39:00,937,18,8,ATM,Success,1,High Amount Transaction
983,983,10,60981.4,2025-04-01 11:22:00,983,15,8,NEFT,Success,0,
221,221,1,569007.76,2024-10-08 05:21:00,221,6,1,NETBANKING,Success,0,
602,602,3,795217.18,2025-01-01 05:50:00,602,30,7,NETBANKING,Success,0,
522,522,6,641651.13,2024-11-06 15:42:00,522,10,2,UPI,Success,0,
366,366,2,76070.09,2024-11-15 02:00:00,366,3,2,RTGS,Success,0,
976,976,9,701143.25,2024-08-13 05:55:00,976,30,1,POS,Success,0,
365,365,2,248977.35,2024-09-02 04:37:00,365,29,10,RTGS,Success,0,
847,847,4,425950.4,2024-10-02 16:06:00,847,7,2,RTGS,Success,0,
102,102,1,169403.32,2024-02-29 08:29:00,102,22,4,POS,Success,0,
236,236,9,25486.8,2024-05-22 14:30:00,236,19,3,UPI,Success,0,
678,678,9,294186.7,2025-04-18 12:45:00,678,30,10,RTGS,Success,0,
341,341,1,662788.06,2025-02-01 04:11:00,341,9,4,IMPS,Success,0,
799,799,2,50043.67,2024-03-30 00:33:00,799,19,10,ATM,Success,0,
612,612,4,686440.09,2025-01-06 20:16:00,612,9,8,POS,Success,0,
731,731,8,58225.06,2024-11-17 20:17:00,731,13,8,NETBANKING,Success,0,
477,477,4,460283.73,2024-10-19 21:34:00,477,28,4,NETBANKING,Success,0,
447,447,6,631506.1,2024-01-26 22:56:00,447,5,5,UPI,Success,0,
621,621,5,379481.76,2024-11-12 04:26:00,621,13,2,NEFT,Success,0,
594,594,5,352724.64,2024-05-27 00:43:00,594,9,5,ATM,Success,0,
513,513,7,481758.32,2024-03-23 09:59:00,513,30,4,IMPS,Success,0,
264,264,4,708118.71,2024-10-07 18:22:00,264,14,10,RTGS,Success,0,
468,468,10,414208.64,2024-05-15 14:30:00,468,21,7,NETBANKING,Success,0,
741,741,3,206556.89,2024-12-06 00:27:00,741,5,7,ATM,Success,0,
598,598,5,630344.75,2024-01-13 06:45:00,598,23,6,POS,Success,0,
725,725,4,51979.95,2024-01-28 02:23:00,725,27,8,NETBANKING,Success,0,
539,539,3,456589.72,2024-12-19 11:16:00,539,3,4,UPI,Success,0,
819,819,3,488067.25,2024-01-19 05:37:00,819,24,4,ATM,Success,0,
448,448,10,669459.21,2024-02-17 06:42:00,448,24,6,RTGS,Success,0,
902,902,6,550097.64,2024-12-28 18:12:00,902,4,1,NEFT,Success,0,
434,434,6,580732.89,2024-03-20 02:53:00,434,5,7,IMPS,Success,0,
656,656,4,406320.45,2024-07-14 02:42:00,656,22,6,IMPS,Success,0,
660,660,2,722916.93,2024-11-10 02:07:00,660,10,8,ATM,Success,0,
882,882,5,11920.16,2024-09-12 01:28:00,882,19,9,NETBANKING,Success,0,
909,909,9,436130.13,2025-01-09 16:04:00,909,10,4,UPI,Success,0,
298,298,3,200241.36,2025-04-27 00:39:00,298,2,6,NEFT,Success,0,
142,142,3,117815.97,2025-01-02 13:16:00,142,6,10,POS,Success,0,
488,488,10,176156.96,2024-12-13 20:24:00,488,17,7,ATM,Success,0,
439,439,7,416740.68,2025-01-11 09:14:00,439,23,4,NEFT,Success,0,
68,68,1,337115.52,2024-08-22 20:47:00,68,18,1,POS,Pending,0,
37,37,8,330378.46,2024-05-01 17:45:00,37,27,4,RTGS,Success,0,
153,153,9,293298.1,2025-01-28 12:29:00,153,18,5,RTGS,Success,0,
656,656,3,295956.41,2025-04-01 21:06:00,656,23,9,RTGS,Success,0,
106,106,6,531604.25,2024-11-05 11:10:00,106,4,2,NETBANKING,Success,0,
35,35,6,325958.83,2025-01-02 06:02:00,35,6,10,NETBANKING,Success,0,
541,541,5,330281.62,2025-02-26 04:52:00,541,21,10,POS,Success,1,Foreign Location
850,850,10,702809.11,2024-10-30 14:23:00,850,10,5,RTGS,Success,0,
784,784,5,444934.74,2024-01-12 05:38:00,784,1,6,UPI,Success,0,
608,608,1,780766.94,2024-02-27 20:59:00,608,20,1,RTGS,Success,0,
758,758,5,379756.52,2024-11-16 07:47:00,758,24,6,ATM,Success,0,
133,133,2,544985.4,2024-06-20 22:54:00,133,9,8,ATM,Success,0,
833,833,9,303364.53,2025-03-15 18:57:00,833,18,1,ATM,Success,0,
27,27,6,519005.52,2024-06-30 15:00:00,27,21,6,UPI,Success,0,
1,1,10,284812.08,2024-06-25 09:54:00,1,22,10,NEFT,Success,0,
811,811,7,535013.32,2024-03-04 14:32:00,811,20,7,IMPS,Success,0,
201,201,3,781345.48,2024-01-20 19:17:00,201,24,10,POS,Success,1,Foreign Location
422,422,9,407419.29,2024-10-18 15:04:00,422,23,1,POS,Success,0,
347,347,3,696042.81,2024-02-15 17:11:00,347,18,6,NEFT,Success,0,
84,84,1,155128.31,2024-04-12 02:35:00,84,22,9,RTGS,Success,0,
851,851,2,627801.39,2024-09-26 09:41:00,851,7,7,UPI,Success,0,
861,861,6,63361.72,2024-10-17 14:59:00,861,28,2,IMPS,Success,0,
137,137,4,97658.6,2024-05-03 01:31:00,137,26,9,ATM,Success,0,
919,919,6,619755.2,2024-11-24 03:31:00,919,1,1,RTGS,Success,0,
779,779,8,367468.74,2024-07-18 03:31:00,779,19,10,RTGS,Success,0,
965,965,6,32722.6,2024-02-09 19:29:00,965,29,1,IMPS,Success,1,Night Transaction
854,854,10,455749.24,2024-12-27 03:15:00,854,13,6,RTGS,Success,0,
74,74,5,572364.44,2025-01-17 23:53:00,74,19,9,NETBANKING,Pending,0,
467,467,1,782857.71,2024-03-31 00:38:00,467,17,5,RTGS,Success,0,
891,891,6,778051.25,2024-08-19 12:34:00,891,19,3,NETBANKING,Success,0,
992,992,3,25670.93,2024-12-13 23:56:00,992,11,9,IMPS,Success,0,
956,956,10,792894.45,2025-01-25 15:13:00,956,14,7,UPI,Success,0,
692,692,5,785485.36,2024-05-10 16:55:00,692,4,7,RTGS,Success,1,New Device
282,282,4,39562.18,2025-03-06 19:54:00,282,14,9,RTGS,Success,0,
954,954,7,523100.69,2025-02-17 12:42:00,954,2,2,NETBANKING,Success,0,
112,112,10,10753.7,2024-07-28 00:27:00,112,17,9,ATM,Success,0,
575,575,6,470545.86,2024-10-18 00:02:00,575,7,7,NEFT,Success,0,
863,863,6,94403.92,2024-02-07 11:15:00,863,30,2,ATM,Success,0,
404,404,2,584090.38,2025-02-25 13:20:00,404,28,1,ATM,Success,0,
217,217,5,666953.53,2024-06-20 21:27:00,217,23,1,IMPS,Success,0,
241,241,7,619913.62,2024-05-03 06:14:00,241,18,8,NEFT,Success,0,
854,854,3,215848.25,2024-08-21 19:03:00,854,1,6,NEFT,Success,0,
495,495,4,672060.04,2025-03-06 05:38:00,495,3,4,ATM,Success,0,
716,716,8,739755.18,2024-03-23 09:36:00,716,3,6,ATM,Pending,0,
259,259,7,269597.51,2024-01-25 17:56:00,259,28,7,UPI,Success,0,
876,876,4,107510.92,2024-01-09 21:48:00,876,26,8,UPI,Success,0,
184,184,8,310145.23,2024-05-10 04:57:00,184,15,8,RTGS,Success,0,
296,296,5,581745.17,2024-11-15 19:53:00,296,29,7,NETBANKING,Success,0,
610,610,1,105334.1,2025-01-01 18:38:00,610,1,5,ATM,Success,0,
185,185,8,556187.88,2024-08-27 16:05:00,185,18,4,RTGS,Success,0,
66,66,7,594397.54,2024-02-10 22:42:00,66,13,8,IMPS,Pending,0,
66,66,10,391571.84,2025-04-26 22:54:00,66,10,8,NETBANKING,Success,0,
936,936,6,692941.86,2025-03-07 15:38:00,936,15,3,POS,Success,0,
897,897,7,440651.03,2025-02-19 11:44:00,897,8,5,NEFT,Success,0,
173,173,8,55721.81,2025-04-30 22:08:00,173,26,4,UPI,Success,0,
1,1,1,354666.84,2024-07-25 09:10:00,1,26,8,UPI,Success,0,
713,713,4,500765.54,2024-10-18 05:23:00,713,25,1,NETBANKING,Success,0,
155,155,7,604945.39,2024-10-15 08:30:00,155,3,6,NETBANKING,Success,0,
17,17,4,341897.03,2024-12-15 03:05:00,17,23,2,NETBANKING,Success,0,
816,816,6,323098.02,2024-02-08 12:11:00,816,17,7,UPI,Success,0,
667,667,3,656326.93,2025-02-11 21:33:00,667,3,10,UPI,Success,0,
183,183,8,751923.13,2024-01-30 07:56:00,183,23,8,POS,Success,1,Night Transaction
177,177,3,470263.32,2025-02-02 02:25:00,177,16,6,IMPS,Success,0,
468,468,9,43130.15,2024-10-10 23:51:00,468,7,5,POS,Failed,0,
692,692,6,782225.8,2024-10-05 07:15:00,692,11,7,UPI,Success,1,New Device
476,476,2,322340.07,2024-11-29 03:08:00,476,26,5,NETBANKING,Success,0,
553,553,6,339391.99,2024-09-19 10:39:00,553,25,4,ATM,Success,0,
689,689,4,168216.58,2024-10-18 10:58:00,689,7,7,NEFT,Success,0,
136,136,7,105609.18,2024-12-04 01:04:00,136,23,7,NEFT,Success,0,
946,946,1,505833.42,2024-04-14 20:11:00,946,25,10,NEFT,Success,0,
239,239,2,504879.79,2024-02-28 12:28:00,239,4,10,UPI,Success,0,
222,222,9,408257.93,2025-02-05 15:10:00,222,22,2,POS,Success,0,
458,458,8,584598.62,2024-09-30 09:26:00,458,29,6,ATM,Failed,0,
110,110,9,28948.36,2025-01-23 13:31:00,110,29,3,UPI,Success,0,
602,602,7,500238.14,2024-02-16 19:41:00,602,12,8,IMPS,Pending,0,
707,707,4,798533.48,2024-02-28 13:12:00,707,10,5,ATM,Success,0,
973,973,4,546988.87,2024-08-04 13:22:00,973,16,7,UPI,Success,0,
860,860,5,105667.2,2025-01-09 13:19:00,860,10,6,UPI,Success,0,
349,349,9,252122.48,2025-04-04 00:55:00,349,26,9,UPI,Success,0,
887,887,1,261562.49,2025-04-15 17:50:00,887,12,10,RTGS,Success,0,
28,28,7,312741.67,2025-02-19 18:15:00,28,20,4,NEFT,Success,0,
980,980,2,727485.92,2025-01-05 22:27:00,980,17,4,UPI,Success,0,
453,453,2,487271.73,2024-12-28 07:37:00,453,6,6,IMPS,Failed,0,
623,623,2,263249.4,2024-10-04 19:50:00,623,6,6,POS,Success,1,Foreign Location
48,48,1,252843.49,2024-09-12 15:51:00,48,28,10,IMPS,Success,0,
25,25,3,711916.06,2024-03-31 18:54:00,25,10,9,RTGS,Success,0,
316,316,1,477220.39,2024-02-20 20:44:00,316,20,5,RTGS,Success,0,
691,691,9,795944.09,2024-06-25 20:08:00,691,19,9,RTGS,Success,0,
943,943,3,128431.28,2024-08-22 20:22:00,943,23,8,POS,Success,0,
348,348,7,242775.4,2024-11-01 04:46:00,348,12,9,NEFT,Success,1,Night Transaction
210,210,8,791213.47,2024-03-25 02:38:00,210,23,10,NEFT,Success,0,
464,464,3,436325.63,2024-04-13 17:03:00,464,21,2,NEFT,Success,0,
222,222,6,316896.92,2024-12-23 05:49:00,222,8,4,NEFT,Success,0,
220,220,3,17193.72,2024-09-17 17:51:00,220,2,9,UPI,Success,0,
895,895,7,578837.71,2024-03-25 14:23:00,895,21,8,RTGS,Success,0,
791,791,2,475552.23,2024-05-15 20:58:00,791,1,7,NETBANKING,Success,0,
641,641,4,779581.56,2024-04-18 22:34:00,641,11,6,UPI,Success,1,Night Transaction
773,773,10,36066.82,2024-09-26 09:00:00,773,27,9,NETBANKING,Success,0,
708,708,3,229694.71,2024-04-10 04:33:00,708,27,2,ATM,Success,0,
913,913,7,681739.02,2024-09-16 08:56:00,913,17,10,NETBANKING,Success,0,
896,896,8,167720.45,2025-01-09 12:08:00,896,17,9,ATM,Success,0,
972,972,9,161739.36,2025-04-18 15:53:00,972,11,8,NETBANKING,Success,0,
467,467,9,149815.61,2024-09-03 23:37:00,467,20,8,ATM,Success,0,
995,995,1,571801.57,2025-02-21 19:34:00,995,22,7,NETBANKING,Success,0,
287,287,7,542157.03,2024-12-01 22:30:00,287,20,9,POS,Success,0,
376,376,3,270876.22,2024-10-05 12:00:00,376,19,3,ATM,Success,0,
272,272,5,116622.51,2024-10-02 17:44:00,272,8,2,RTGS,Success,0,
474,474,8,395291.34,2025-02-23 02:42:00,474,14,8,NEFT,Success,0,
869,869,5,662579.78,2024-10-17 17:12:00,869,14,7,NETBANKING,Success,0,
878,878,6,724838.5,2025-04-20 11:15:00,878,15,3,NETBANKING,Success,0,
303,303,9,503363.42,2024-01-04 00:15:00,303,16,9,ATM,Success,1,Multiple Transactions
831,831,1,521946.87,2025-01-08 09:03:00,831,14,4,RTGS,Success,0,
60,60,10,209543.36,2024-05-28 15:40:00,60,18,2,POS,Success,0,
900,900,6,306987.85,2024-01-18 05:12:00,900,5,3,IMPS,Success,0,
528,528,5,609194.45,2024-01-10 07:08:00,528,16,7,ATM,Success,0,
210,210,1,348569.78,2025-04-06 15:53:00,210,13,4,RTGS,Success,0,
737,737,5,729934.09,2025-03-24 15:01:00,737,26,3,UPI,Success,1,Night Transaction
407,407,1,458086.14,2025-03-20 02:38:00,407,21,1,NEFT,Success,0,
241,241,8,144747.81,2024-03-30 19:46:00,241,23,7,IMPS,Success,0,
618,618,7,121020.26,2024-10-26 18:53:00,618,24,4,UPI,Success,0,
321,321,8,245323.14,2024-09-29 23:42:00,321,20,6,NETBANKING,Success,0,
698,698,1,549450.56,2024-05-06 21:59:00,698,24,3,NETBANKING,Success,0,
841,841,5,390988.25,2024-09-30 05:31:00,841,18,7,IMPS,Failed,0,
644,644,4,554782.16,2024-12-23 03:47:00,644,13,1,UPI,Success,0,
831,831,3,60522.26,2024-02-17 10:53:00,831,7,7,ATM,Success,0,
804,804,6,160768.98,2025-03-14 19:31:00,804,19,3,NETBANKING,Success,0,
145,145,7,759839.51,2024-04-11 18:34:00,145,19,6,ATM,Success,0,
162,162,10,280734.34,2024-04-29 08:44:00,162,3,5,IMPS,Success,0,
633,633,10,622330.41,2025-04-01 17:17:00,633,22,7,POS,Success,0,
966,966,5,271137.99,2024-03-25 05:03:00,966,3,8,ATM,Success,0,
356,356,6,230933.03,2024-04-16 10:25:00,356,15,8,POS,Success,0,
429,429,7,357104.56,2024-06-18 20:10:00,429,19,3,NEFT,Success,0,
295,295,1,616600.71,2025-01-01 14:49:00,295,19,9,IMPS,Success,0,
291,291,4,105446.59,2024-02-09 20:51:00,291,21,2,IMPS,Failed,0,
592,592,9,249205.2,2024-03-08 10:56:00,592,26,8,ATM,Success,0,
367,367,1,587484.5,2025-02-28 13:12:00,367,17,5,RTGS,Success,0,
849,849,2,33980.71,2024-07-23 16:59:00,849,27,2,NETBANKING,Success,1,Foreign Location
459,459,7,46033.41,2024-06-11 01:49:00,459,17,2,POS,Success,0,
559,559,2,592384.3,2024-05-29 01:05:00,559,21,10,POS,Success,0,
386,386,9,315161.57,2024-07-04 19:10:00,386,7,10,NEFT,Success,0,
214,214,7,363325.47,2024-09-21 05:01:00,214,4,9,ATM,Success,0,
644,644,10,530188.79,2024-01-30 08:53:00,644,4,6,RTGS,Success,0,
610,610,10,23285.64,2025-01-05 22:36:00,610,5,9,RTGS,Success,0,
7,7,8,256438.16,2024-09-15 10:51:00,7,26,6,UPI,Success,0,
771,771,6,431319.61,2025-03-31 02:01:00,771,3,1,NETBANKING,Success,0,
215,215,3,682698.84,2024-04-01 22:40:00,215,11,3,ATM,Success,0,
696,696,10,73905.25,2024-05-19 16:55:00,696,24,9,UPI,Success,0,
965,965,8,257519.36,2024-08-26 16:33:00,965,29,8,IMPS,Success,0,
966,966,3,751710.35,2025-02-02 13:15:00,966,8,9,RTGS,Success,0,
918,918,9,618393.37,2025-04-25 21:51:00,918,2,2,UPI,Success,0,
182,182,9,206518.93,2024-05-15 08:42:00,182,1,5,NETBANKING,Success,0,
286,286,4,636300.76,2024-07-25 03:15:00,286,14,3,NETBANKING,Success,0,
728,728,8,191810.94,2024-10-22 02:23:00,728,20,10,IMPS,Success,0,
839,839,2,263085.61,2025-01-06 22:16:00,839,5,7,NETBANKING,Success,0,
141,141,4,740075.46,2024-02-26 17:38:00,141,26,3,NETBANKING,Success,0,
654,654,4,7040.73,2024-02-28 13:37:00,654,24,6,POS,Success,0,
218,218,10,179941.27,2024-10-08 03:59:00,218,2,1,NETBANKING,Success,0,
438,438,4,110366.08,2025-03-13 16:15:00,438,16,1,POS,Success,0,
567,567,10,741879.41,2024-10-07 23:03:00,567,8,1,RTGS,Success,0,
562,562,9,488909.13,2024-07-19 23:18:00,562,16,8,POS,Success,0,
322,322,2,563595.5,2024-06-28 22:09:00,322,14,2,POS,Success,0,
304,304,1,452620.98,2025-02-03 06:06:00,304,8,10,NEFT,Success,0,
597,597,3,231127.83,2025-02-04 16:31:00,597,22,5,POS,Success,0,
532,532,8,418202.48,2024-12-08 21:31:00,532,4,6,ATM,Success,0,
952,952,4,346393.26,2024-05-27 04:45:00,952,10,7,POS,Success,0,
354,354,7,333858.35,2024-01-26 03:11:00,354,25,9,POS,Success,0,
795,795,6,128628.23,2024-03-19 00:20:00,795,9,2,NETBANKING,Success,0,
973,973,4,234133.62,2024-10-15 00:17:00,973,17,3,RTGS,Success,0,
731,731,10,666272.42,2024-08-24 09:49:00,731,22,1,RTGS,Success,0,
778,778,2,82766.18,2024-08-18 16:34:00,778,26,5,NETBANKING,Success,0,
268,268,6,162647.88,2024-12-14 11:41:00,268,6,2,NETBANKING,Success,0,
464,464,9,460631.14,2024-03-28 07:37:00,464,3,4,RTGS,Success,0,
474,474,2,471996.11,2024-07-16 00:41:00,474,15,2,NEFT,Pending,0,
783,783,8,571965.82,2024-11-17 06:07:00,783,29,9,UPI,Success,0,
169,169,10,160856.53,2024-06-26 09:42:00,169,11,5,NETBANKING,Success,0,
951,951,6,81067.07,2024-04-22 20:18:00,951,7,3,POS,Success,0,
396,396,1,138896.69,2024-12-16 04:52:00,396,20,8,ATM,Success,0,
814,814,1,92958.58,2024-10-30 11:41:00,814,23,7,ATM,Success,0,
350,350,6,224555.9,2024-11-10 01:00:00,350,21,4,NETBANKING,Success,1,Multiple Transactions
188,188,7,37337.03,2024-01-02 14:42:00,188,13,7,RTGS,Success,0,
429,429,10,304805.46,2025-04-15 01:08:00,429,13,7,UPI,Success,0,
657,657,2,390317.92,2025-04-04 08:05:00,657,9,7,UPI,Success,1,Multiple Transactions
364,364,6,215350.35,2025-01-19 17:09:00,364,30,9,IMPS,Success,0,
293,293,7,580640.51,2024-08-15 09:39:00,293,5,3,POS,Success,0,
655,655,3,571091.9,2025-03-04 03:15:00,655,28,10,NETBANKING,Success,0,
733,733,4,586077.34,2024-10-10 09:17:00,733,20,6,NEFT,Success,0,
719,719,7,491015.25,2024-01-14 12:35:00,719,24,5,NEFT,Success,0,
669,669,2,607997.0,2024-11-09 18:50:00,669,17,4,POS,Success,0,
847,847,8,480649.86,2024-11-01 12:56:00,847,13,1,RTGS,Success,0,
236,236,5,344540.65,2024-12-29 05:14:00,236,17,2,UPI,Success,0,
327,327,9,480747.8,2024-04-02 14:32:00,327,2,10,ATM,Success,0,
471,471,7,142253.89,2025-03-10 19:05:00,471,27,9,NETBANKING,Success,0,
18,18,7,362116.52,2024-11-07 16:16:00,18,13,10,ATM,Success,0,
329,329,8,204000.53,2024-11-16 17:45:00,329,27,5,UPI,Success,0,
882,882,7,176032.0,2024-02-26 13:42:00,882,6,6,NEFT,Success,1,Multiple Transactions
606,606,8,369687.95,2025-04-11 21:18:00,606,27,9,ATM,Success,1,Multiple Transactions
869,869,3,206705.95,2024-03-31 13:39:00,869,1,10,IMPS,Success,0,
946,946,8,416812.55,2024-03-13 11:50:00,946,5,10,RTGS,Success,0,
670,670,3,383535.8,2024-01-04 17:50:00,670,26,8,POS,Success,0,
634,634,4,689891.39,2025-04-30 17:27:00,634,27,1,UPI,Success,0,
771,771,8,432146.31,2025-03-19 15:18:00,771,5,10,NEFT,Success,0,
683,683,9,188423.77,2024-07-25 19:48:00,683,10,5,IMPS,Success,0,
164,164,6,341250.74,2024-12-17 15:10:00,164,28,4,ATM,Success,0,
259,259,8,283520.09,2024-05-10 00:05:00,259,21,10,NETBANKING,Success,0,
860,860,1,522471.29,2024-11-27 06:25:00,860,17,4,NETBANKING,Failed,0,
706,706,4,252518.51,2024-02-15 09:54:00,706,15,5,IMPS,Success,0,
488,488,6,529482.56,2024-09-18 09:34:00,488,6,8,NEFT,Failed,0,
619,619,8,511013.99,2024-06-25 03:16:00,619,28,10,UPI,Success,0,
480,480,10,647360.79,2025-02-19 21:58:00,480,14,10,ATM,Success,0,
663,663,8,289089.06,2025-01-27 01:04:00,663,29,3,RTGS,Success,0,
436,436,9,403107.16,2024-11-21 09:16:00,436,17,7,IMPS,Success,0,
264,264,1,355620.05,2024-01-07 15:13:00,264,17,7,ATM,Success,0,
259,259,1,367426.09,2025-02-24 08:07:00,259,10,4,UPI,Success,0,
264,264,9,769591.16,2024-07-23 16:54:00,264,13,5,ATM,Success,0,
343,343,1,497310.63,2024-09-07 12:59:00,343,17,7,RTGS,Success,0,
196,196,10,249864.73,2024-10-10 20:41:00,196,6,3,POS,Success,0,
68,68,10,79594.59,2024-04-28 22:44:00,68,11,2,POS,Success,0,
912,912,1,390894.69,2024-03-24 20:53:00,912,30,5,IMPS,Success,0,
640,640,2,85662.27,2024-10-05 23:50:00,640,23,3,UPI,Success,0,
757,757,10,131367.4,2024-01-30 01:08:00,757,7,5,POS,Success,0,
285,285,7,84707.18,2024-07-06 17:27:00,285,17,2,UPI,Pending,0,
705,705,6,386906.31,2024-02-13 12:14:00,705,20,9,ATM,Success,0,
638,638,2,300437.83,2024-03-05 16:37:00,638,17,8,NEFT,Success,0,
792,792,10,587300.21,2024-08-27 13:16:00,792,26,5,NEFT,Success,0,
818,818,2,314356.83,2025-04-19 19:08:00,818,21,1,NETBANKING,Success,0,
134,134,1,392738.27,2024-01-20 05:40:00,134,22,3,NETBANKING,Success,0,
534,534,7,415920.52,2024-06-24 14:34:00,534,28,8,NEFT,Failed,0,
966,966,5,246881.29,2024-09-21 13:18:00,966,19,3,NETBANKING,Success,0,
591,591,7,623214.38,2024-08-18 21:58:00,591,28,2,NEFT,Success,0,
988,988,2,241391.78,2024-12-27 00:08:00,988,23,7,UPI,Success,0,
284,284,9,676481.39,2024-05-17 21:03:00,284,5,10,POS,Success,0,
607,607,8,666059.83,2024-10-24 20:29:00,607,18,3,RTGS,Success,0,
288,288,7,191451.6,2025-01-20 12:31:00,288,19,7,NETBANKING,Success,0,
158,158,10,358572.73,2024-05-04 20:36:00,158,7,9,NETBANKING,Success,0,
779,779,7,169312.44,2024-05-09 03:06:00,779,19,10,UPI,Success,0,
22,22,9,576958.57,2025-01-24 14:59:00,22,27,8,NEFT,Success,0,
724,724,4,468300.74,2024-09-08 01:33:00,724,29,2,NEFT,Success,0,
6,6,4,177704.09,2024-03-08 01:31:00,6,16,6,NETBANKING,Success,0,
715,715,9,56725.75,2024-02-03 00:31:00,715,13,10,UPI,Success,0,
414,414,7,741302.39,2025-02-25 10:25:00,414,30,1,POS,Success,0,
729,729,2,426905.86,2024-05-12 11:13:00,729,15,1,RTGS,Success,0,
425,425,8,571825.7,2024-11-23 04:55:00,425,28,5,IMPS,Success,0,
435,435,5,679205.9,2025-01-27 16:08:00,435,12,2,RTGS,Success,0,
184,184,5,360229.6,2024-11-19 07:24:00,184,20,2,UPI,Success,0,
956,956,2,269560.47,2025-02-07 03:06:00,956,2,10,NETBANKING,Success,0,
628,628,3,386466.92,2024-06-21 01:33:00,628,26,1,NEFT,Success,1,Night Transaction
633,633,9,294864.42,2024-12-18 05:16:00,633,14,6,POS,Success,0,
246,246,9,443069.9,2024-04-11 10:30:00,246,26,9,ATM,Success,0,
702,702,2,446768.58,2025-02-02 17:32:00,702,12,4,UPI,Success,0,
241,241,5,292044.35,2025-03-07 11:25:00,241,24,7,RTGS,Success,0,
435,435,8,719204.94,2024-03-04 09:15:00,435,23,8,UPI,Success,0,
683,683,3,384270.31,2025-04-04 18:13:00,683,7,10,ATM,Success,0,
74,74,3,248395.59,2024-12-20 06:51:00,74,11,10,UPI,Success,0,
99,99,5,393725.94,2025-01-27 10:27:00,99,23,7,POS,Success,0,
367,367,6,68139.55,2025-04-07 23:57:00,367,26,1,NETBANKING,Success,0,
613,613,10,420289.05,2024-12-29 16:21:00,613,30,2,IMPS,Success,0,
463,463,5,54226.82,2025-02-10 05:23:00,463,21,1,RTGS,Success,0,
384,384,7,188488.8,2024-01-18 07:44:00,384,13,4,IMPS,Success,0,
919,919,6,184206.63,2025-02-20 07:25:00,919,13,5,UPI,Success,0,
598,598,4,219593.3,2025-03-12 09:39:00,598,30,9,NEFT,Success,0,
561,561,10,630495.89,2025-01-15 20:16:00,561,10,6,NEFT,Success,0,
142,142,9,591801.85,2024-06-24 13:20:00,142,29,6,NETBANKING,Failed,0,
905,905,1,392115.12,2024-04-05 16:03:00,905,24,2,NEFT,Success,0,
768,768,6,655268.1,2024-10-25 19:12:00,768,28,8,IMPS,Success,0,
452,452,6,354794.88,2024-02-11 05:08:00,452,18,4,POS,Success,0,
399,399,5,32486.65,2024-03-25 13:20:00,399,2,9,POS,Success,0,
802,802,9,717694.91,2025-04-25 07:50:00,802,25,1,NEFT,Failed,0,
191,191,7,405938.57,2025-03-26 18:06:00,191,19,1,UPI,Success,0,
405,405,6,126919.38,2025-03-15 05:52:00,405,13,7,ATM,Success,0,
736,736,9,91907.28,2024-11-28 11:21:00,736,28,7,RTGS,Success,0,
334,334,4,257247.86,2025-03-18 21:36:00,334,30,3,UPI,Success,0,
772,772,7,449884.8,2024-05-09 04:33:00,772,25,8,NEFT,Pending,0,
461,461,8,380707.73,2024-05-29 05:41:00,461,12,6,IMPS,Success,0,
381,381,6,728512.22,2024-02-21 13:08:00,381,11,9,IMPS,Success,0,
161,161,3,422707.07,2024-07-23 04:02:00,161,3,5,UPI,Success,1,Night Transaction
983,983,5,274482.48,2024-05-17 04:26:00,983,18,7,UPI,Success,0,
332,332,3,199181.85,2025-03-27 18:46:00,332,4,3,UPI,Success,0,
60,60,8,20259.22,2024-06-17 13:54:00,60,22,10,ATM,Success,0,
841,841,10,491014.64,2024-06-23 21:07:00,841,11,2,POS,Success,0,
6,6,3,459454.77,2024-07-06 22:37:00,6,28,4,ATM,Success,0,
443,443,9,465826.12,2024-03-05 04:56:00,443,20,7,RTGS,Success,0,
584,584,6,318576.05,2025-04-24 02:53:00,584,20,8,POS,Success,0,
409,409,6,393986.58,2024-06-30 03:00:00,409,18,9,IMPS,Success,0,
430,430,5,773211.07,2025-04-04 16:19:00,430,3,4,IMPS,Success,0,
290,290,10,189568.47,2024-01-21 05:43:00,290,26,7,IMPS,Success,0,
499,499,1,470041.45,2025-03-06 08:02:00,499,28,3,RTGS,Success,0,
928,928,1,504257.81,2024-11-19 23:00:00,928,3,5,NEFT,Success,0,
732,732,6,38305.51,2025-03-12 15:30:00,732,15,6,IMPS,Success,0,
467,467,6,712583.11,2024-12-24 07:46:00,467,5,7,UPI,Success,0,
875,875,4,250313.48,2024-09-17 15:17:00,875,11,4,RTGS,Success,0,
962,962,8,749030.03,2025-02-07 17:43:00,962,10,7,IMPS,Success,0,
809,809,1,197778.39,2024-03-21 01:50:00,809,5,3,IMPS,Success,0,
409,409,4,4103.25,2024-02-08 09:22:00,409,29,6,NETBANKING,Success,0,
167,167,4,694046.93,2025-01-29 11:04:00,167,28,4,NEFT,Success,0,
640,640,10,269580.01,2024-04-10 00:30:00,640,27,4,ATM,Success,0,
996,996,10,758250.67,2024-10-16 08:04:00,996,15,7,NETBANKING,Success,0,
68,68,4,336542.31,2025-01-23 03:48:00,68,18,4,NEFT,Success,0,
690,690,9,232726.92,2024-06-18 15:53:00,690,11,8,NETBANKING,Success,0,
587,587,5,547290.87,2024-12-20 01:46:00,587,23,8,NETBANKING,Success,0,
492,492,5,175974.06,2025-04-20 11:36:00,492,30,1,RTGS,Success,0,
947,947,10,169379.09,2025-03-27 19:58:00,947,23,8,RTGS,Success,0,
639,639,6,227942.08,2024-10-26 23:37:00,639,22,3,ATM,Success,0,
147,147,1,300736.75,2024-07-14 14:52:00,147,30,7,POS,Success,0,
655,655,2,692523.91,2025-04-14 12:14:00,655,21,7,POS,Success,0,
341,341,7,359876.29,2024-05-31 07:01:00,341,10,3,RTGS,Success,0,
1,1,9,526583.72,2024-09-10 10:45:00,1,27,1,ATM,Success,0,
774,774,8,308223.0,2025-01-10 05:47:00,774,29,3,POS,Success,0,
494,494,2,561543.19,2024-02-21 14:01:00,494,10,5,IMPS,Pending,0,
506,506,9,698494.22,2024-07-23 00:25:00,506,12,5,UPI,Success,0,
896,896,7,536250.3,2024-05-16 17:35:00,896,3,7,POS,Success,0,
46,46,3,719750.15,2024-11-01 07:56:00,46,10,9,RTGS,Success,0,
868,868,4,467346.11,2024-07-29 12:13:00,868,14,5,RTGS,Success,0,
95,95,7,496568.36,2024-12-15 02:22:00,95,16,7,RTGS,Success,0,
790,790,4,13799.45,2024-01-24 08:17:00,790,18,6,NETBANKING,Success,1,Multiple Transactions
236,236,8,183800.4,2025-02-26 18:26:00,236,8,3,NEFT,Pending,0,
324,324,5,770254.97,2024-09-29 06:15:00,324,25,10,UPI,Success,0,
729,729,4,780723.49,2024-04-08 13:53:00,729,16,6,RTGS,Success,0,
490,490,8,284669.17,2024-01-03 18:14:00,490,24,9,NETBANKING,Success,1,High Amount Transaction
295,295,6,628348.93,2024-05-21 06:24:00,295,2,3,POS,Success,0,
131,131,8,452228.34,2025-01-10 18:21:00,131,15,7,NEFT,Success,0,
481,481,4,124451.51,2024-08-14 05:14:00,481,4,8,POS,Success,0,
569,569,7,416999.95,2024-09-19 03:37:00,569,3,4,RTGS,Success,0,
851,851,4,737107.86,2024-07-31 22:50:00,851,7,7,IMPS,Success,0,
269,269,10,10922.75,2024-09-03 04:54:00,269,8,2,POS,Failed,0,
610,610,1,230626.86,2024-06-29 23:06:00,610,19,10,ATM,Success,0,
296,296,9,391353.87,2024-01-24 07:51:00,296,15,2,IMPS,Success,0,
319,319,8,517877.13,2024-03-08 04:33:00,319,6,4,RTGS,Success,0,
629,629,1,603396.46,2024-12-15 02:57:00,629,23,5,ATM,Success,0,
587,587,6,173820.52,2024-11-16 18:47:00,587,26,5,ATM,Success,0,
536,536,4,81831.77,2025-01-06 10:19:00,536,28,9,NEFT,Success,0,
285,285,3,110419.62,2024-01-24 14:18:00,285,30,7,NEFT,Success,0,
897,897,4,5772.65,2025-01-27 21:39:00,897,3,2,ATM,Success,0,
472,472,10,462267.19,2024-08-10 21:26:00,472,24,5,UPI,Success,0,
158,158,1,569814.05,2024-02-04 19:27:00,158,19,1,POS,Success,0,
672,672,4,458020.07,2024-08-03 19:24:00,672,12,8,NETBANKING,Success,0,
585,585,8,85150.72,2024-07-20 17:58:00,585,24,1,NEFT,Success,0,
52,52,9,724989.72,2024-09-11 00:22:00,52,14,9,NETBANKING,Success,0,
956,956,5,336553.77,2024-06-15 12:41:00,956,5,6,NETBANKING,Failed,0,
596,596,6,240597.94,2024-07-06 09:05:00,596,5,5,IMPS,Failed,0,
945,945,8,518511.92,2024-10-29 02:26:00,945,6,6,IMPS,Success,0,
146,146,6,723972.77,2025-01-02 13:23:00,146,21,9,ATM,Success,0,
112,112,4,538948.7,2025-01-10 22:36:00,112,19,5,IMPS,Success,0,
57,57,5,583773.57,2024-02-23 22:16:00,57,10,6,POS,Failed,0,
166,166,5,680300.64,2024-12-13 21:19:00,166,1,9,RTGS,Success,0,
285,285,2,204404.84,2025-04-27 07:42:00,285,21,9,RTGS,Success,0,
602,602,8,489533.15,2025-04-13 04:15:00,602,26,1,POS,Success,0,
685,685,7,91871.43,2025-01-19 12:38:00,685,19,3,UPI,Failed,0,
83,83,10,479605.39,2024-07-08 15:49:00,83,4,6,IMPS,Success,0,
725,725,6,598014.15,2025-04-06 06:22:00,725,6,5,NETBANKING,Success,0,
636,636,3,439136.92,2024-01-20 04:27:00,636,8,2,RTGS,Success,0,
631,631,6,766935.77,2024-11-25 03:47:00,631,11,6,IMPS,Success,0,
558,558,8,528407.12,2024-10-04 19:42:00,558,30,3,POS,Success,0,
663,663,3,68292.02,2024-04-20 01:46:00,663,20,4,NEFT,Success,0,
427,427,9,463767.27,2024-10-28 11:33:00,427,21,7,RTGS,Failed,0,
496,496,7,748905.32,2024-07-02 09:31:00,496,25,1,RTGS,Success,0,
174,174,6,447235.12,2024-10-18 15:05:00,174,16,1,NETBANKING,Success,0,
988,988,1,290435.38,2024-08-20 12:20:00,988,29,7,ATM,Success,0,
552,552,3,223301.33,2025-03-14 01:50:00,552,14,8,RTGS,Success,0,
894,894,6,191722.27,2025-02-26 09:13:00,894,8,2,NETBANKING,Success,1,High Amount Transaction
97,97,4,187684.4,2024-11-25 03:26:00,97,19,9,UPI,Success,0,
310,310,6,58886.19,2024-05-02 16:33:00,310,28,5,POS,Success,0,
920,920,6,473280.09,2024-12-05 11:36:00,920,14,4,ATM,Success,0,
423,423,6,23431.74,2024-02-26 10:25:00,423,29,9,POS,Success,0,
615,615,7,316042.64,2025-03-17 02:29:00,615,27,1,POS,Pending,0,
714,714,2,326765.83,2025-02-14 23:25:00,714,22,1,NETBANKING,Success,0,
208,208,5,503973.12,2024-09-19 05:59:00,208,9,1,RTGS,Success,0,
934,934,8,548549.73,2025-04-09 02:05:00,934,7,2,NETBANKING,Success,0,
597,597,1,280648.88,2024-10-03 08:43:00,597,11,6,IMPS,Success,0,
887,887,4,10347.37,2024-05-19 05:30:00,887,28,6,UPI,Success,0,
113,113,10,645802.18,2024-07-17 02:04:00,113,9,8,RTGS,Success,0,
63,63,7,276904.78,2024-08-15 14:12:00,63,7,3,NETBANKING,Success,0,
636,636,10,150672.9,2024-01-22 01:29:00,636,4,8,NEFT,Success,0,
569,569,4,545270.09,2024-08-19 00:31:00,569,27,5,ATM,Success,0,
487,487,6,110468.42,2025-01-21 18:12:00,487,22,6,RTGS,Success,0,
529,529,7,198132.08,2024-11-24 10:32:00,529,5,2,NETBANKING,Success,0,
985,985,10,481764.66,2024-06-11 06:02:00,985,29,9,RTGS,Success,0,
338,338,5,170044.59,2024-09-24 08:56:00,338,21,3,IMPS,Success,1,Night Transaction
970,970,5,34394.37,2024-01-06 13:19:00,970,24,7,NEFT,Success,0,
956,956,8,629244.06,2025-01-04 03:25:00,956,22,6,POS,Success,0,
558,558,2,293043.96,2024-03-25 19:42:00,558,23,2,NETBANKING,Success,0,
929,929,9,721284.9,2024-10-24 01:24:00,929,17,3,NETBANKING,Success,0,
572,572,1,544217.07,2024-12-20 01:29:00,572,5,6,POS,Success,0,
456,456,1,765938.81,2024-07-06 04:33:00,456,30,8,ATM,Success,0,
734,734,9,376566.8,2024-01-23 14:22:00,734,9,4,ATM,Success,1,Night Transaction
266,266,10,413839.89,2025-02-09 05:57:00,266,4,4,IMPS,Success,1,Foreign Location
927,927,1,469132.35,2025-01-22 01:23:00,927,23,1,NETBANKING,Success,0,
106,106,2,432285.92,2024-01-20 03:57:00,106,29,3,RTGS,Success,0,
193,193,1,583918.79,2025-03-30 20:01:00,193,26,5,POS,Success,0,
19,19,9,593094.74,2024-08-24 21:24:00,19,26,2,NEFT,Success,0,
658,658,10,254429.32,2024-11-12 21:47:00,658,12,8,RTGS,Success,0,
566,566,6,523639.38,2024-10-26 21:10:00,566,22,6,RTGS,Success,0,
393,393,5,457894.03,2024-07-24 16:59:00,393,2,4,RTGS,Success,0,
72,72,5,518544.2,2025-01-10 00:44:00,72,30,3,NEFT,Success,0,
654,654,4,795089.23,2024-07-04 21:11:00,654,6,7,UPI,Success,0,
180,180,1,262202.54,2025-03-10 03:56:00,180,7,7,RTGS,Success,0,
58,58,10,18228.59,2024-08-12 15:51:00,58,11,10,NETBANKING,Success,0,
972,972,2,121535.74,2024-08-28 15:43:00,972,23,5,IMPS,Success,0,
878,878,9,487364.15,2024-05-09 02:25:00,878,24,5,RTGS,Success,1,High Amount Transaction
234,234,2,267741.42,2024-12-08 01:34:00,234,19,4,POS,Success,0,
282,282,5,745044.56,2024-08-31 03:48:00,282,1,6,IMPS,Success,0,
97,97,6,514219.52,2025-04-24 04:29:00,97,9,8,IMPS,Success,0,
784,784,5,571103.89,2024-01-07 10:22:00,784,14,8,POS,Success,0,
784,784,5,386760.66,2024-06-18 09:16:00,784,12,10,RTGS,Success,0,
56,56,2,202332.15,2024-05-26 23:03:00,56,22,9,POS,Success,0,
736,736,8,527004.3,2024-12-28 06:18:00,736,9,10,IMPS,Success,0,
745,745,10,354008.24,2024-11-03 10:44:00,745,13,10,ATM,Success,1,Multiple Transactions
441,441,4,393164.79,2025-02-12 19:28:00,441,27,6,UPI,Success,0,
1000,1000,5,448784.18,2024-11-07 15:30:00,1000,18,10,POS,Success,0,
494,494,4,221351.05,2024-05-07 00:15:00,494,11,6,NEFT,Success,0,
131,131,5,629503.67,2024-07-31 21:24:00,131,14,8,POS,Success,0,
637,637,9,524996.98,2025-02-18 04:58:00,637,18,8,NETBANKING,Success,0,
559,559,9,370666.7,2024-06-27 17:54:00,559,10,8,NEFT,Success,0,
83,83,8,629759.81,2025-01-03 23:57:00,83,12,9,RTGS,Success,0,
358,358,1,343265.17,2024-10-20 18:38:00,358,3,5,NETBANKING,Success,0,
777,777,2,356173.96,2024-02-18 13:44:00,777,12,1,NETBANKING,Success,0,
671,671,7,314436.64,2024-03-08 10:42:00,671,27,3,IMPS,Success,0,
45,45,6,486040.7,2024-09-20 02:09:00,45,22,4,RTGS,Success,0,
698,698,8,537326.8,2024-06-03 21:04:00,698,24,10,IMPS,Failed,0,
857,857,6,275898.05,2024-03-20 01:51:00,857,23,10,IMPS,Success,0,
434,434,10,695576.79,2024-12-09 14:22:00,434,2,5,POS,Success,0,
572,572,3,393378.51,2024-07-19 17:29:00,572,7,7,NEFT,Success,0,
147,147,9,174535.65,2024-04-07 00:49:00,147,2,2,NEFT,Success,0,
204,204,4,301678.76,2024-04-06 05:43:00,204,5,6,IMPS,Success,0,
445,445,5,468375.43,2024-07-23 21:52:00,445,5,7,NETBANKING,Pending,0,
234,234,9,164696.13,2024-02-17 04:23:00,234,29,4,NEFT,Success,0,
351,351,7,597058.94,2024-01-19 03:58:00,351,25,2,UPI,Success,0,
632,632,4,780525.66,2025-04-14 14:26:00,632,3,9,NETBANKING,Success,0,
554,554,1,657204.03,2024-03-28 03:18:00,554,22,3,POS,Success,0,
895,895,1,710993.19,2024-08-27 18:41:00,895,1,3,POS,Success,0,
324,324,3,13160.77,2025-04-19 15:20:00,324,6,10,POS,Success,0,
985,985,7,393884.48,2024-08-21 05:21:00,985,24,6,IMPS,Success,0,
733,733,2,709169.87,2024-03-30 00:50:00,733,9,3,RTGS,Success,0,
930,930,10,101290.67,2025-02-13 15:51:00,930,17,1,RTGS,Success,0,
613,613,2,47608.78,2025-04-12 00:06:00,613,26,7,POS,Success,0,
416,416,7,317919.35,2024-10-24 14:55:00,416,10,7,NEFT,Success,0,
681,681,5,274024.91,2024-02-09 17:42:00,681,15,2,NEFT,Success,0,
779,779,3,746631.16,2024-03-03 21:08:00,779,15,5,UPI,Success,0,
892,892,6,23730.32,2024-10-28 15:42:00,892,9,6,UPI,Success,0,
573,573,4,650261.54,2024-11-15 00:06:00,573,17,3,UPI,Success,0,
97,97,1,703078.27,2025-03-18 12:46:00,97,26,2,IMPS,Success,0,
324,324,3,305207.3,2024-03-22 08:04:00,324,17,9,ATM,Success,0,
931,931,6,753771.53,2024-02-20 14:08:00,931,21,1,ATM,Success,0,
422,422,1,252104.51,2024-09-20 05:31:00,422,21,6,ATM,Success,0,
743,743,8,724235.82,2024-10-09 20:55:00,743,2,5,UPI,Success,0,
791,791,4,33760.4,2024-08-28 11:11:00,791,17,7,IMPS,Success,0,
698,698,1,159699.61,2024-10-26 00:21:00,698,20,6,UPI,Failed,0,
781,781,8,719030.14,2024-09-23 22:10:00,781,23,5,NETBANKING,Failed,0,
279,279,6,457689.53,2024-09-11 20:59:00,279,5,5,POS,Success,0,
69,69,10,541799.73,2024-02-21 20:53:00,69,30,1,NETBANKING,Success,0,
112,112,2,736384.78,2024-03-06 20:38:00,112,12,8,RTGS,Success,0,
291,291,2,174802.37,2024-11-25 23:43:00,291,15,7,POS,Failed,0,
974,974,9,273471.12,2024-03-20 16:06:00,974,30,1,UPI,Success,0,
535,535,10,2798.74,2025-01-19 09:03:00,535,28,3,IMPS,Failed,0,
162,162,9,151562.42,2024-08-21 00:33:00,162,23,7,RTGS,Success,0,
638,638,4,378011.63,2024-04-23 09:06:00,638,24,1,ATM,Success,0,
702,702,10,762015.01,2024-06-02 03:06:00,702,15,4,ATM,Success,0,
712,712,2,201443.82,2024-05-08 20:48:00,712,28,5,POS,Success,0,
760,760,5,486812.62,2024-04-02 02:19:00,760,14,10,NEFT,Success,0,
378,378,6,565399.81,2024-08-06 02:20:00,378,27,2,IMPS,Success,0,
471,471,4,138929.76,2024-06-11 17:41:00,471,29,3,NEFT,Success,0,
526,526,10,737624.5,2024-05-30 02:53:00,526,6,3,ATM,Success,0,
338,338,4,635699.49,2024-05-31 19:02:00,338,11,6,RTGS,Success,1,Multiple Transactions
153,153,6,124025.82,2024-08-25 11:05:00,153,22,5,NETBANKING,Success,0,
790,790,3,15057.64,2024-11-19 00:11:00,790,3,2,RTGS,Success,0,
568,568,9,63097.93,2024-04-23 01:50:00,568,17,10,UPI,Success,0,
176,176,4,267873.14,2024-01-07 16:30:00,176,4,9,UPI,Success,0,
900,900,1,50710.62,2025-04-20 11:02:00,900,29,10,UPI,Success,0,
347,347,4,670658.72,2024-09-05 02:49:00,347,16,1,IMPS,Success,0,
212,212,6,231435.35,2025-04-20 01:15:00,212,19,2,POS,Success,0,
123,123,7,276827.7,2025-02-22 01:39:00,123,8,3,UPI,Success,0,
563,563,10,93449.06,2024-08-23 19:35:00,563,24,10,POS,Success,0,
481,481,9,733565.52,2024-07-26 23:03:00,481,19,1,IMPS,Success,0,
441,441,1,139951.77,2024-08-19 05:31:00,441,18,3,IMPS,Success,0,
627,627,3,45862.84,2024-08-07 13:15:00,627,29,1,UPI,Success,0,
755,755,8,188968.97,2025-04-11 08:57:00,755,9,3,RTGS,Success,0,
517,517,4,384313.34,2024-04-23 13:32:00,517,5,3,UPI,Success,1,High Amount Transaction
150,150,9,364921.08,2024-08-03 13:39:00,150,19,2,RTGS,Success,0,
706,706,8,227492.41,2024-11-07 08:35:00,706,1,7,ATM,Success,0,
899,899,5,130976.48,2024-06-15 03:09:00,899,12,9,ATM,Success,0,
208,208,2,51438.16,2024-07-18 08:58:00,208,23,4,RTGS,Success,0,
566,566,4,620058.48,2025-01-22 05:32:00,566,1,5,NETBANKING,Success,0,
115,115,8,487852.92,2024-02-18 04:08:00,115,1,8,IMPS,Success,0,
691,691,1,216628.65,2024-11-12 11:20:00,691,1,4,UPI,Success,0,
751,751,2,335927.74,2024-01-01 20:35:00,751,15,5,RTGS,Success,0,
389,389,7,711437.91,2025-03-08 17:37:00,389,1,8,NEFT,Success,0,
544,544,6,56208.59,2025-02-23 01:23:00,544,18,6,POS,Success,0,
329,329,7,707369.71,2025-01-17 01:45:00,329,1,7,ATM,Success,0,
546,546,2,205414.46,2024-08-20 00:31:00,546,16,1,UPI,Success,0,
695,695,7,785074.68,2024-10-30 12:31:00,695,23,4,NETBANKING,Success,0,
371,371,1,49939.43,2024-01-03 20:04:00,371,12,1,IMPS,Failed,0,
544,544,6,468238.44,2025-02-07 03:28:00,544,20,8,UPI,Success,0,
890,890,8,705645.07,2024-02-12 03:26:00,890,26,7,ATM,Success,0,
331,331,7,527816.53,2024-09-07 14:14:00,331,10,10,RTGS,Success,0,
354,354,2,603396.21,2024-04-07 14:06:00,354,25,2,NEFT,Success,0,
869,869,9,363173.46,2025-01-12 19:20:00,869,21,3,ATM,Success,0,
558,558,4,78912.35,2024-04-07 21:13:00,558,29,4,POS,Success,0,
368,368,4,256476.67,2025-04-02 19:10:00,368,9,7,IMPS,Success,0,
391,391,3,451732.47,2024-04-19 19:58:00,391,26,5,UPI,Success,0,
978,978,5,89313.94,2024-01-11 14:09:00,978,5,1,NETBANKING,Success,0,
588,588,5,391256.06,2024-12-30 14:19:00,588,28,9,UPI,Success,1,New Device
331,331,10,481274.44,2024-07-10 14:13:00,331,3,10,RTGS,Failed,0,
606,606,6,313035.4,2024-04-04 22:47:00,606,16,6,IMPS,Success,0,
160,160,10,159096.81,2024-12-19 01:06:00,160,30,6,RTGS,Success,0,
808,808,3,534714.81,2025-01-09 08:07:00,808,25,7,POS,Success,0,
60,60,6,743865.92,2024-06-12 20:26:00,60,14,2,IMPS,Success,0,
191,191,6,226577.53,2024-03-05 06:08:00,191,3,3,RTGS,Success,0,
162,162,9,590431.46,2024-11-18 21:01:00,162,6,4,RTGS,Success,0,
757,757,8,559509.47,2024-09-05 12:40:00,757,8,1,UPI,Success,0,
35,35,6,348859.58,2024-04-05 01:26:00,35,25,10,UPI,Success,0,
541,541,3,577761.73,2025-01-29 08:52:00,541,22,6,UPI,Success,0,
886,886,8,737379.28,2024-01-23 03:20:00,886,24,4,ATM,Success,0,
767,767,6,296666.38,2024-01-22 21:10:00,767,4,4,ATM,Success,0,
697,697,4,655894.39,2024-08-04 05:22:00,697,23,3,NEFT,Success,0,
579,579,9,191640.69,2024-11-22 02:54:00,579,11,3,UPI,Pending,1,High Amount Transaction
25,25,7,310443.79,2024-09-30 08:10:00,25,20,7,NETBANKING,Success,0,
38,38,2,208404.21,2025-01-15 12:29:00,38,12,8,IMPS,Success,0,
229,229,2,600686.67,2024-03-06 06:56:00,229,11,4,POS,Success,1,Multiple Transactions
125,125,8,365737.64,2025-03-16 14:47:00,125,4,2,NETBANKING,Success,0,
142,142,1,684972.85,2024-07-26 16:19:00,142,18,7,NETBANKING,Success,0,
904,904,4,686211.8,2024-02-08 09:25:00,904,3,7,NETBANKING,Success,0,
322,322,7,253503.61,2024-12-02 12:14:00,322,21,7,RTGS,Success,0,
315,315,3,265205.75,2024-10-04 12:07:00,315,11,1,IMPS,Success,0,
622,622,9,758873.32,2025-02-23 03:50:00,622,26,5,POS,Success,0,
829,829,2,514174.47,2025-02-12 00:33:00,829,22,5,POS,Success,0,
393,393,1,428511.3,2024-05-01 03:19:00,393,23,2,UPI,Pending,1,High Amount Transaction
354,354,8,421462.45,2024-07-01 21:26:00,354,20,2,ATM,Success,0,
354,354,4,693594.79,2024-01-27 16:25:00,354,5,5,NEFT,Success,0,
166,166,9,195380.74,2024-09-10 16:18:00,166,2,9,IMPS,Success,0,
629,629,5,271436.09,2024-09-20 10:32:00,629,18,1,NETBANKING,Success,0,
560,560,5,88854.23,2024-12-01 16:35:00,560,20,3,NETBANKING,Success,0,
382,382,4,418323.76,2024-03-11 08:32:00,382,10,1,UPI,Success,0,
752,752,5,709888.6,2024-08-11 22:26:00,752,14,3,NETBANKING,Success,0,
823,823,7,143192.16,2024-08-31 12:55:00,823,10,6,NETBANKING,Success,0,
532,532,9,686434.94,2024-12-01 00:55:00,532,1,10,NETBANKING,Success,0,
406,406,8,450531.89,2024-07-22 15:21:00,406,26,8,UPI,Success,0,
408,408,3,604217.04,2024-01-29 11:54:00,408,27,6,ATM,Success,0,
780,780,10,474593.85,2024-03-16 10:03:00,780,25,2,NETBANKING,Pending,0,
357,357,8,714079.47,2024-12-04 02:49:00,357,18,5,POS,Success,0,
889,889,7,749108.77,2024-04-06 00:44:00,889,4,3,IMPS,Success,1,High Amount Transaction
525,525,9,187981.1,2025-01-01 02:49:00,525,18,10,POS,Success,0,
256,256,1,569638.51,2024-09-27 16:07:00,256,25,5,NETBANKING,Success,0,
652,652,5,544507.96,2024-11-11 21:14:00,652,20,10,RTGS,Success,0,
375,375,6,232364.32,2024-11-04 02:11:00,375,25,9,NEFT,Success,0,
777,777,3,527673.58,2024-02-18 08:29:00,777,6,2,NEFT,Success,0,
194,194,4,678663.29,2024-12-11 23:37:00,194,26,4,IMPS,Success,0,
1000,1000,10,628880.24,2024-02-22 09:06:00,1000,16,10,NETBANKING,Success,0,
612,612,10,61769.0,2025-01-29 04:26:00,612,25,7,UPI,Success,0,
283,283,8,221537.21,2024-05-10 10:50:00,283,8,2,POS,Success,0,
285,285,3,329778.64,2024-12-26 04:12:00,285,4,6,UPI,Success,0,
256,256,7,600576.72,2024-12-19 10:23:00,256,8,1,UPI,Success,0,
348,348,3,798293.79,2024-02-25 09:21:00,348,8,8,POS,Success,0,
80,80,9,269240.1,2024-11-15 23:23:00,80,10,1,NEFT,Pending,0,
379,379,10,259979.34,2025-01-19 11:44:00,379,30,7,IMPS,Success,0,
255,255,5,632164.57,2025-04-09 02:19:00,255,17,2,ATM,Success,0,
440,440,5,259340.43,2025-04-15 17:37:00,440,4,2,NEFT,Failed,0,
367,367,2,494383.89,2024-04-08 05:48:00,367,7,1,RTGS,Success,0,
19,19,7,290193.18,2024-03-22 15:50:00,19,5,3,RTGS,Success,0,
824,824,4,495846.53,2025-04-15 07:56:00,824,30,1,ATM,Success,0,
316,316,3,480652.56,2024-09-20 08:35:00,316,12,10,NEFT,Success,0,
916,916,2,699992.68,2024-09-24 05:51:00,916,3,9,RTGS,Success,0,
524,524,1,345218.72,2024-02-01 20:52:00,524,21,6,RTGS,Success,0,
546,546,4,81413.77,2024-07-13 09:06:00,546,17,2,ATM,Success,0,
779,779,1,72661.14,2024-10-31 03:32:00,779,10,9,NEFT,Success,1,Foreign Location
888,888,6,204575.01,2024-05-08 03:17:00,888,11,1,RTGS,Success,0,
503,503,3,87663.72,2024-10-04 00:46:00,503,23,5,POS,Success,0,
305,305,8,169662.86,2024-03-24 14:01:00,305,23,4,NETBANKING,Success,0,
508,508,1,45814.04,2024-08-14 01:00:00,508,9,1,IMPS,Success,0,
703,703,7,585933.22,2024-05-31 23:25:00,703,29,7,UPI,Success,0,
304,304,5,778912.07,2024-10-06 21:52:00,304,10,7,NETBANKING,Success,0,
858,858,6,88040.55,2024-01-23 16:54:00,858,27,5,IMPS,Success,0,
519,519,9,615043.28,2025-03-11 19:51:00,519,28,4,NEFT,Success,0,
249,249,2,265025.79,2024-07-22 17:26:00,249,24,5,NEFT,Success,0,
626,626,4,485030.26,2024-05-28 15:58:00,626,10,7,IMPS,Failed,0,
319,319,7,321976.87,2024-08-21 16:23:00,319,9,4,UPI,Success,0,
272,272,5,393132.1,2025-04-08 04:35:00,272,20,8,IMPS,Success,0,
69,69,9,263047.76,2025-03-05 02:26:00,69,22,2,NETBANKING,Success,0,
416,416,3,373177.76,2024-01-15 09:47:00,416,26,9,ATM,Success,0,
485,485,9,595345.25,2024-02-03 05:37:00,485,10,9,ATM,Success,0,
221,221,7,444064.81,2025-04-22 16:45:00,221,5,9,POS,Success,1,Night Transaction
631,631,7,403861.39,2024-07-07 01:57:00,631,26,9,POS,Success,0,
636,636,1,642062.56,2024-04-25 16:59:00,636,8,3,NEFT,Failed,0,
735,735,4,497847.91,2024-11-06 15:38:00,735,14,7,ATM,Success,0,
148,148,3,643998.63,2024-02-03 17:53:00,148,1,9,UPI,Success,0,
3,3,10,755270.78,2024-08-02 09:42:00,3,26,4,ATM,Pending,0,
686,686,9,797826.36,2024-11-27 06:04:00,686,16,9,NETBANKING,Failed,0,
27,27,5,732878.88,2024-11-15 02:10:00,27,26,4,NEFT,Success,0,
811,811,8,430500.34,2024-09-13 00:37:00,811,20,9,NETBANKING,Success,0,
730,730,8,394620.48,2024-10-12 12:16:00,730,21,5,NETBANKING,Success,0,
269,269,5,49171.53,2024-12-16 18:17:00,269,3,1,RTGS,Success,0,
343,343,7,117987.0,2024-04-18 19:49:00,343,14,2,NETBANKING,Success,0,
167,167,8,713308.6,2024-03-31 11:14:00,167,10,1,POS,Success,0,
243,243,10,759457.04,2024-04-06 23:41:00,243,29,5,ATM,Success,0,
828,828,5,409880.51,2024-11-02 14:04:00,828,27,4,POS,Failed,0,
699,699,4,337572.39,2024-02-23 15:10:00,699,29,7,UPI,Success,0,
830,830,2,498202.35,2025-04-01 16:30:00,830,19,10,IMPS,Success,0,
516,516,6,594073.63,2024-05-24 12:17:00,516,30,7,NEFT,Success,0,
825,825,4,181099.82,2024-02-12 04:30:00,825,17,2,ATM,Success,0,
603,603,5,403644.06,2025-01-05 13:07:00,603,29,2,NEFT,Success,0,
19,19,7,608547.74,2024-07-27 06:51:00,19,6,9,UPI,Success,0,
56,56,4,743594.63,2025-02-06 20:18:00,56,28,7,NEFT,Success,0,
241,241,2,645334.14,2025-01-16 14:01:00,241,14,6,ATM,Success,0,
904,904,3,207876.84,2024-07-18 02:07:00,904,3,1,IMPS,Success,0,
117,117,9,562927.16,2024-05-21 12:45:00,117,20,1,UPI,Success,0,
22,22,3,691610.39,2024-10-10 09:28:00,22,26,4,RTGS,Success,0,
148,148,6,486111.74,2024-02-29 06:01:00,148,20,3,POS,Success,0,
543,543,6,268037.8,2025-03-16 16:11:00,543,7,8,NEFT,Success,0,
692,692,7,122704.22,2024-06-13 02:24:00,692,4,8,POS,Success,0,
750,750,4,665075.45,2025-03-30 10:37:00,750,14,9,ATM,Success,0,
824,824,5,758666.43,2024-11-19 03:47:00,824,1,9,ATM,Failed,0,
750,750,9,13899.12,2025-04-09 00:56:00,750,23,6,NETBANKING,Success,0,
564,564,10,131027.55,2024-02-25 15:25:00,564,7,9,RTGS,Success,0,
8,8,9,293439.27,2024-03-22 06:14:00,8,12,4,POS,Success,0,
394,394,2,737350.43,2024-05-15 13:28:00,394,26,3,NETBANKING,Success,0,
663,663,4,656534.5,2024-09-07 00:31:00,663,7,8,ATM,Success,0,
136,136,1,402818.0,2024-03-11 03:21:00,136,18,2,ATM,Failed,0,
683,683,6,697084.57,2024-06-08 00:29:00,683,21,10,NEFT,Success,0,
198,198,4,143408.34,2025-02-14 02:28:00,198,20,6,NEFT,Failed,0,
975,975,6,586647.44,2024-06-04 04:31:00,975,7,3,NEFT,Success,0,
332,332,10,94405.77,2024-09-10 00:28:00,332,12,4,IMPS,Success,0,
726,726,6,420001.83,2024-09-16 22:28:00,726,7,2,NETBANKING,Success,0,
189,189,6,131718.8,2024-09-17 20:48:00,189,2,10,UPI,Success,0,
995,995,10,726972.82,2025-03-27 23:32:00,995,16,10,POS,Success,0,
809,809,5,708502.74,2024-02-09 22:15:00,809,8,5,IMPS,Success,0,
301,301,3,240485.51,2024-07-11 17:24:00,301,15,3,ATM,Success,0,
505,505,3,486815.78,2024-07-23 07:05:00,505,17,1,RTGS,Success,0,
942,942,1,767818.44,2024-01-19 05:45:00,942,24,8,ATM,Success,1,Foreign Location
674,674,9,570501.52,2025-02-06 04:27:00,674,5,4,NETBANKING,Success,0,
395,395,2,34260.43,2024-05-10 02:37:00,395,25,1,ATM,Success,0,
558,558,10,727654.06,2025-02-11 17:10:00,558,30,10,RTGS,Success,0,
308,308,9,4022.92,2024-09-17 18:56:00,308,2,10,ATM,Success,0,
250,250,9,53160.37,2024-02-07 15:28:00,250,17,8,NEFT,Success,0,
501,501,6,52240.17,2025-03-02 02:43:00,501,17,1,IMPS,Success,0,
660,660,10,63059.09,2024-11-10 12:27:00,660,29,10,POS,Success,0,
907,907,6,645562.18,2024-07-06 09:37:00,907,18,5,POS,Success,0,
134,134,1,697320.23,2024-07-08 18:31:00,134,9,4,NETBANKING,Success,0,
758,758,4,555315.94,2024-12-20 20:14:00,758,14,1,NETBANKING,Success,0,
838,838,1,692062.77,2024-07-16 02:08:00,838,9,10,NEFT,Success,0,
542,542,8,117440.71,2024-07-28 08:15:00,542,20,3,UPI,Success,0,
514,514,6,524426.02,2024-04-30 22:42:00,514,10,4,UPI,Success,0,
508,508,7,582227.16,2024-11-18 15:00:00,508,12,6,ATM,Success,0,
267,267,6,23714.19,2024-08-05 00:11:00,267,8,1,ATM,Failed,1,Multiple Transactions
658,658,8,591882.0,2025-03-16 03:34:00,658,12,8,NETBANKING,Success,0,
42,42,7,531411.01,2024-08-16 12:05:00,42,11,7,IMPS,Success,0,
464,464,9,246804.61,2025-01-25 02:29:00,464,18,7,NEFT,Success,0,
763,763,4,743352.19,2024-10-02 13:43:00,763,10,2,NETBANKING,Success,0,
635,635,1,565677.12,2024-04-30 10:01:00,635,20,9,RTGS,Failed,0,
818,818,1,281655.41,2025-04-18 22:24:00,818,8,5,NEFT,Success,0,
706,706,6,565472.5,2024-03-22 07:38:00,706,16,4,POS,Success,0,
252,252,8,498200.82,2025-03-27 22:00:00,252,12,7,NEFT,Success,0,
22,22,3,13953.59,2024-08-27 10:49:00,22,23,10,RTGS,Success,0,
32,32,4,493096.75,2024-07-03 07:46:00,32,24,7,NEFT,Success,0,
626,626,2,411138.09,2024-07-19 03:42:00,626,24,10,IMPS,Success,0,
359,359,8,476710.95,2024-05-04 02:40:00,359,22,7,RTGS,Success,0,
155,155,5,195434.09,2024-11-20 19:33:00,155,28,3,IMPS,Success,0,
382,382,8,414633.63,2024-03-12 06:36:00,382,12,4,ATM,Success,0,
644,644,2,729458.58,2024-05-24 11:12:00,644,10,4,UPI,Success,0,
842,842,10,542955.42,2025-03-25 06:06:00,842,25,1,POS,Success,0,
978,978,1,473477.46,2024-03-22 07:22:00,978,4,6,NEFT,Success,0,
262,262,3,127949.21,2024-02-04 15:50:00,262,17,1,UPI,Success,0,
687,687,10,46331.46,2024-08-26 21:03:00,687,25,5,POS,Success,1,Night Transaction
853,853,7,418344.91,2025-01-04 00:39:00,853,2,5,POS,Success,0,
700,700,9,48912.2,2024-10-19 15:30:00,700,28,6,NETBANKING,Success,0,
446,446,1,250471.16,2024-06-22 16:32:00,446,12,4,POS,Success,0,
309,309,1,284278.01,2025-03-12 11:00:00,309,23,2,ATM,Success,0,
556,556,10,544869.58,2024-06-07 11:47:00,556,7,10,ATM,Success,0,
136,136,2,198916.65,2024-11-06 21:15:00,136,18,9,UPI,Success,0,
806,806,5,652001.09,2024-12-17 11:11:00,806,25,9,IMPS,Success,0,
986,986,1,140630.77,2024-03-06 00:51:00,986,23,2,NEFT,Success,0,
462,462,8,382443.28,2024-06-26 00:44:00,462,16,6,RTGS,Success,0,
442,442,3,265508.26,2024-02-06 08:08:00,442,24,5,POS,Success,0,
788,788,10,763913.05,2024-01-29 19:51:00,788,2,4,NETBANKING,Success,0,
831,831,6,214434.12,2024-11-10 11:51:00,831,27,6,NETBANKING,Success,0,
931,931,4,721049.18,2024-07-14 19:16:00,931,5,2,UPI,Failed,0,
208,208,8,304001.16,2025-04-04 06:29:00,208,17,1,RTGS,Success,0,
139,139,6,565080.01,2024-09-02 21:05:00,139,8,3,RTGS,Success,0,
396,396,1,244266.9,2025-03-10 21:47:00,396,20,2,NEFT,Success,0,
280,280,5,462177.57,2024-11-29 15:32:00,280,14,3,UPI,Success,0,
349,349,2,250407.22,2024-06-28 18:44:00,349,28,4,RTGS,Failed,0,
330,330,3,203312.1,2024-08-11 21:17:00,330,26,7,NEFT,Success,0,
839,839,2,572829.63,2025-01-02 12:45:00,839,4,8,NETBANKING,Success,1,High Amount Transaction
149,149,2,366654.25,2024-06-28 20:12:00,149,30,5,RTGS,Success,0,
412,412,10,421419.68,2024-03-24 10:27:00,412,29,2,NEFT,Success,0,
285,285,2,249006.08,2024-03-11 04:24:00,285,25,8,NETBANKING,Success,0,
135,135,7,428657.57,2024-04-22 04:25:00,135,14,7,IMPS,Success,1,Multiple Transactions
612,612,6,620001.93,2025-01-31 03:56:00,612,8,1,NEFT,Success,0,
540,540,6,181981.0,2025-02-21 17:56:00,540,21,5,POS,Pending,0,
696,696,3,32729.38,2025-03-15 15:28:00,696,26,2,RTGS,Success,0,
799,799,2,44637.25,2025-01-22 20:14:00,799,9,7,RTGS,Success,0,
857,857,7,401166.94,2024-04-20 09:27:00,857,10,3,ATM,Success,0,
307,307,3,6975.77,2024-06-14 02:48:00,307,20,10,NEFT,Success,0,
620,620,2,643390.11,2025-01-17 16:53:00,620,17,2,POS,Success,0,
249,249,4,72479.42,2025-02-15 13:27:00,249,23,3,NETBANKING,Success,0,
805,805,1,557181.08,2024-12-09 16:17:00,805,22,8,IMPS,Success,0,
758,758,8,739976.31,2025-02-17 08:23:00,758,12,4,UPI,Success,0,
759,759,1,413760.7,2024-09-10 07:47:00,759,3,6,NEFT,Success,0,
239,239,3,47598.1,2024-08-09 15:31:00,239,17,10,NEFT,Success,0,
27,27,8,455029.25,2024-07-14 11:55:00,27,29,3,UPI,Success,0,
694,694,4,4761.93,2025-01-12 09:16:00,694,6,5,RTGS,Pending,0,
428,428,2,32730.92,2024-10-19 08:49:00,428,23,7,NETBANKING,Failed,0,
707,707,1,17480.44,2024-06-08 00:00:00,707,19,7,RTGS,Success,0,
423,423,2,290754.01,2025-03-25 10:44:00,423,15,1,IMPS,Success,0,
361,361,8,469126.44,2025-01-09 19:29:00,361,21,6,NEFT,Success,0,
317,317,10,302261.93,2024-05-10 11:58:00,317,19,6,IMPS,Success,0,
117,117,4,70317.2,2024-07-24 04:53:00,117,16,6,NEFT,Success,0,
614,614,7,78507.66,2024-06-18 11:33:00,614,22,4,RTGS,Success,0,
66,66,8,769633.32,2024-01-25 14:44:00,66,2,1,UPI,Success,0,
309,309,7,262197.84,2024-12-04 16:08:00,309,2,7,RTGS,Success,0,
495,495,8,127138.61,2024-05-19 07:53:00,495,30,10,ATM,Success,0,
199,199,2,19721.9,2024-02-24 18:53:00,199,8,3,RTGS,Success,0,
674,674,3,467695.16,2025-04-17 12:58:00,674,23,4,POS,Success,0,
248,248,8,270416.49,2025-04-29 07:40:00,248,4,8,IMPS,Success,1,High Amount Transaction
59,59,7,542528.14,2024-09-23 14:40:00,59,6,9,POS,Success,0,
846,846,6,424081.49,2024-02-19 20:27:00,846,14,5,POS,Success,0,
464,464,4,328253.84,2024-03-07 21:25:00,464,28,3,NEFT,Success,0,
513,513,1,257664.48,2024-02-21 18:30:00,513,19,4,UPI,Success,0,
803,803,4,536144.15,2024-06-04 10:57:00,803,25,10,RTGS,Success,0,
17,17,1,181049.93,2025-04-07 21:02:00,17,13,2,ATM,Success,0,
61,61,8,174455.98,2024-05-10 12:58:00,61,9,5,POS,Success,0,
340,340,2,15077.33,2024-03-01 03:42:00,340,16,1,IMPS,Success,0,
465,465,7,82048.93,2025-01-21 11:27:00,465,4,7,UPI,Success,0,
124,124,10,796319.9,2024-05-21 18:09:00,124,3,3,NETBANKING,Failed,0,
213,213,7,514276.01,2024-05-12 16:01:00,213,22,3,RTGS,Success,1,New Device
896,896,5,433055.73,2024-12-20 06:00:00,896,12,7,NEFT,Success,0,
849,849,8,18048.96,2024-03-13 02:59:00,849,24,5,RTGS,Success,0,
239,239,6,531371.55,2024-08-08 19:03:00,239,2,4,POS,Success,0,
17,17,7,790098.65,2024-08-18 18:10:00,17,19,7,ATM,Success,0,
993,993,1,763845.32,2024-07-26 14:41:00,993,1,1,RTGS,Success,0,
900,900,2,470639.93,2024-07-27 22:54:00,900,29,2,ATM,Success,0,
174,174,7,507873.9,2025-04-25 12:39:00,174,15,4,UPI,Success,0,
920,920,9,479189.63,2024-09-02 21:40:00,920,6,2,UPI,Success,0,
172,172,6,64742.32,2025-02-12 13:17:00,172,27,3,POS,Success,0,
548,548,6,681579.7,2024-09-28 01:58:00,548,15,9,NEFT,Success,0,
449,449,1,100950.38,2024-04-03 05:33:00,449,29,7,POS,Pending,0,
631,631,6,340759.99,2025-01-27 18:33:00,631,15,4,UPI,Success,0,
366,366,9,711820.89,2024-06-11 21:18:00,366,16,3,ATM,Success,0,
187,187,6,795493.91,2024-11-06 21:34:00,187,24,6,RTGS,Success,0,
696,696,6,619289.92,2024-11-11 07:48:00,696,9,2,ATM,Success,0,
558,558,1,419193.23,2024-09-01 11:52:00,558,4,7,NEFT,Success,1,New Device
614,614,6,518029.33,2024-05-02 01:27:00,614,11,10,NETBANKING,Success,1,Night Transaction
320,320,5,771130.59,2024-01-04 19:20:00,320,10,7,NETBANKING,Success,0,
316,316,6,39897.74,2024-12-08 05:28:00,316,6,3,IMPS,Success,1,Foreign Location
7,7,6,116389.98,2024-11-05 14:50:00,7,22,1,IMPS,Success,0,
620,620,8,488201.07,2024-12-16 14:28:00,620,28,10,UPI,Failed,0,
834,834,2,515206.51,2024-02-01 04:20:00,834,29,7,NETBANKING,Success,1,Multiple Transactions
120,120,6,615969.23,2024-09-27 06:29:00,120,12,1,NETBANKING,Success,0,
819,819,5,51541.88,2025-04-08 09:42:00,819,29,3,POS,Success,0,
311,311,2,525106.79,2024-10-31 19:58:00,311,11,7,UPI,Success,0,
400,400,1,748196.92,2025-03-18 11:16:00,400,15,4,NEFT,Success,0,
892,892,6,288337.83,2024-01-17 10:04:00,892,24,8,RTGS,Failed,0,
453,453,6,402653.94,2024-02-10 08:06:00,453,28,4,UPI,Success,0,
948,948,4,552489.54,2024-04-11 03:35:00,948,23,6,IMPS,Success,0,
11,11,6,604668.25,2024-02-24 10:51:00,11,8,4,NEFT,Success,0,
940,940,10,691693.47,2024-10-17 03:47:00,940,9,2,IMPS,Success,0,
576,576,3,385646.26,2025-04-05 07:36:00,576,30,10,RTGS,Success,0,
648,648,3,257241.84,2024-01-18 09:56:00,648,5,1,NEFT,Success,0,
900,900,5,70977.61,2024-03-08 01:28:00,900,8,6,NETBANKING,Success,0,
16,16,3,778479.87,2024-10-06 09:48:00,16,12,8,ATM,Success,0,
280,280,8,651625.48,2025-04-08 21:51:00,280,5,8,NETBANKING,Success,0,
792,792,5,628127.17,2025-03-08 01:17:00,792,23,2,POS,Success,0,
66,66,8,414018.44,2024-04-22 03:31:00,66,20,3,NETBANKING,Success,0,
955,955,9,705972.17,2025-04-21 06:18:00,955,16,6,UPI,Success,0,
941,941,3,187047.23,2024-10-18 11:47:00,941,6,6,ATM,Success,0,
980,980,10,541186.72,2024-02-21 06:45:00,980,4,6,RTGS,Success,0,
354,354,5,179174.28,2025-04-19 20:56:00,354,22,9,IMPS,Success,0,
220,220,10,505972.12,2024-04-09 10:55:00,220,18,7,NETBANKING,Success,0,
390,390,10,482502.15,2024-07-02 11:59:00,390,6,6,IMPS,Success,0,
680,680,9,249724.47,2024-05-28 12:25:00,680,27,1,RTGS,Success,1,Night Transaction
316,316,9,207249.54,2024-12-23 12:35:00,316,19,6,RTGS,Success,0,
949,949,3,11797.92,2024-10-26 18:50:00,949,4,3,POS,Success,0,
274,274,2,361874.59,2024-10-06 20:58:00,274,24,2,NETBANKING,Success,0,
974,974,3,774130.61,2025-01-05 06:37:00,974,29,8,NETBANKING,Success,0,
621,621,6,690758.25,2025-04-22 12:50:00,621,11,10,NEFT,Success,0,
201,201,1,126786.44,2024-12-02 07:26:00,201,13,5,UPI,Success,0,
681,681,6,52167.03,2025-04-10 01:39:00,681,23,6,NETBANKING,Failed,1,Foreign Location
680,680,8,310290.03,2025-02-27 01:50:00,680,22,5,IMPS,Success,0,
791,791,2,280919.23,2024-01-19 23:08:00,791,14,4,ATM,Success,0,
359,359,6,753811.83,2025-03-09 11:59:00,359,8,9,ATM,Success,0,
722,722,6,489264.64,2024-03-01 04:37:00,722,18,5,UPI,Pending,0,
896,896,1,96948.39,2024-02-13 09:39:00,896,29,10,IMPS,Success,0,
706,706,1,452286.68,2024-03-09 21:14:00,706,10,5,POS,Success,1,New Device
615,615,3,760697.98,2025-03-12 04:44:00,615,16,8,UPI,Success,0,
131,131,3,778346.44,2025-03-17 00:13:00,131,24,2,IMPS,Success,0,
262,262,9,535702.56,2024-01-31 13:14:00,262,30,1,POS,Success,0,
391,391,4,308921.67,2025-04-21 16:47:00,391,1,8,RTGS,Success,0,
761,761,6,484434.13,2024-01-27 18:22:00,761,27,10,IMPS,Success,0,
52,52,5,644422.88,2024-12-30 10:11:00,52,7,10,NETBANKING,Success,0,
469,469,4,458624.62,2024-12-20 12:38:00,469,27,5,ATM,Success,0,
431,431,4,341915.24,2024-09-06 09:40:00,431,9,8,NETBANKING,Success,0,
7,7,9,608139.12,2024-01-21 15:33:00,7,23,7,POS,Success,0,
128,128,8,480575.2,2024-04-08 10:41:00,128,23,3,IMPS,Success,0,
942,942,8,601095.2,2024-12-31 05:14:00,942,20,3,POS,Success,0,
411,411,10,647211.5,2024-03-16 10:17:00,411,13,9,NETBANKING,Success,0,
413,413,8,184851.16,2024-09-11 06:38:00,413,10,6,NETBANKING,Pending,0,
313,313,9,714183.83,2025-01-09 23:24:00,313,14,2,UPI,Success,0,
175,175,9,291064.09,2024-07-15 11:17:00,175,15,2,ATM,Success,0,
88,88,9,238854.37,2024-05-28 20:52:00,88,24,9,POS,Pending,0,
521,521,9,121914.12,2024-10-26 07:37:00,521,22,1,POS,Success,0,
844,844,2,570687.63,2025-01-24 23:44:00,844,29,7,IMPS,Pending,0,
633,633,7,706870.1,2024-10-26 02:45:00,633,3,6,IMPS,Success,0,
121,121,5,184110.01,2024-05-13 18:26:00,121,6,9,NEFT,Success,0,
942,942,6,174783.96,2024-04-10 12:44:00,942,1,4,NEFT,Success,0,
969,969,2,305957.37,2024-02-19 01:03:00,969,17,2,NEFT,Success,0,
425,425,4,216140.99,2025-04-16 04:41:00,425,25,9,UPI,Success,0,
168,168,5,562415.01,2025-01-19 01:50:00,168,21,4,NEFT,Success,0,
425,425,4,218354.1,2024-09-07 22:36:00,425,15,2,RTGS,Success,0,
861,861,1,529705.55,2025-03-07 02:12:00,861,29,4,ATM,Success,0,
740,740,5,213588.81,2024-12-27 23:22:00,740,7,7,NETBANKING,Success,0,
655,655,4,548402.75,2024-04-28 15:37:00,655,24,5,UPI,Success,0,
178,178,3,438012.33,2024-06-28 01:53:00,178,7,5,ATM,Success,0,
182,182,4,501394.06,2024-06-06 00:43:00,182,10,9,RTGS,Success,0,
802,802,4,433643.4,2024-10-13 14:11:00,802,23,2,NETBANKING,Success,0,
558,558,10,58873.47,2024-04-29 17:10:00,558,17,5,ATM,Success,0,
22,22,5,734475.07,2024-04-24 22:00:00,22,1,6,RTGS,Success,0,
299,299,9,700023.94,2025-03-18 06:12:00,299,1,2,NETBANKING,Success,0,
702,702,3,582580.67,2025-04-23 16:00:00,702,21,2,ATM,Success,0,
19,19,7,526711.23,2024-09-07 02:39:00,19,11,1,IMPS,Success,0,
307,307,5,621.85,2025-04-16 01:55:00,307,5,2,NETBANKING,Failed,0,
49,49,5,663071.32,2024-02-10 21:39:00,49,27,5,NEFT,Success,0,
868,868,8,796296.3,2025-03-09 02:28:00,868,4,8,UPI,Success,0,
132,132,7,223166.7,2024-05-26 09:00:00,132,13,10,IMPS,Success,0,
210,210,3,297611.35,2024-08-16 17:53:00,210,15,10,ATM,Success,0,
284,284,3,374919.11,2024-04-15 15:45:00,284,20,7,RTGS,Failed,0,
843,843,3,461959.36,2024-03-08 22:31:00,843,3,9,NETBANKING,Success,0,
535,535,6,721735.09,2024-02-04 06:45:00,535,6,7,POS,Success,0,
341,341,9,469206.37,2024-06-13 08:38:00,341,3,5,UPI,Success,0,
545,545,1,559172.5,2025-04-08 13:44:00,545,3,5,POS,Success,0,
408,408,10,391693.51,2024-09-19 15:33:00,408,16,9,IMPS,Success,0,
3,3,5,74804.61,2024-03-01 15:06:00,3,4,3,ATM,Success,0,
938,938,10,539673.31,2024-10-02 06:14:00,938,11,1,UPI,Success,0,
339,339,2,280507.56,2024-06-01 09:13:00,339,27,7,NETBANKING,Success,0,
180,180,7,173472.62,2025-01-13 06:26:00,180,26,5,NETBANKING,Success,0,
371,371,7,309313.66,2025-03-02 22:12:00,371,23,4,RTGS,Success,0,
438,438,1,449801.21,2024-12-05 13:00:00,438,7,2,IMPS,Success,0,
263,263,2,637998.45,2025-03-26 16:27:00,263,26,1,POS,Success,0,
83,83,7,497362.77,2024-06-05 18:43:00,83,27,10,NEFT,Pending,0,
836,836,1,640551.53,2025-04-07 05:40:00,836,26,2,NEFT,Success,0,
314,314,1,683306.88,2024-02-11 05:15:00,314,13,1,NEFT,Success,0,
571,571,4,517983.42,2024-10-06 08:22:00,571,7,1,IMPS,Success,0,
419,419,8,678607.74,2025-01-03 06:27:00,419,7,2,NETBANKING,Failed,0,
724,724,4,519906.33,2024-09-03 12:41:00,724,9,5,IMPS,Success,0,
574,574,10,275892.97,2025-01-18 02:21:00,574,28,5,UPI,Success,0,
237,237,4,113482.48,2024-04-19 09:26:00,237,25,3,UPI,Success,0,
577,577,9,679158.65,2024-05-13 04:47:00,577,1,6,ATM,Success,0,
754,754,3,196483.09,2024-10-10 18:53:00,754,29,2,NETBANKING,Success,0,
497,497,10,72981.63,2024-08-02 06:19:00,497,23,5,UPI,Success,0,
977,977,3,253445.14,2024-07-09 01:26:00,977,11,7,IMPS,Success,0,
967,967,6,784188.49,2025-02-02 13:32:00,967,6,6,IMPS,Success,0,
117,117,3,178690.64,2024-03-06 00:33:00,117,12,4,NETBANKING,Success,0,
555,555,6,679833.3,2024-05-22 19:12:00,555,29,10,UPI,Success,0,
108,108,6,720441.64,2024-04-09 07:42:00,108,19,2,NEFT,Failed,0,
719,719,10,172544.18,2025-04-04 03:24:00,719,4,6,NETBANKING,Success,0,
796,796,2,682554.23,2024-08-15 11:00:00,796,10,9,POS,Success,1,High Amount Transaction
779,779,1,95329.63,2025-04-17 12:46:00,779,26,6,ATM,Success,0,
922,922,8,59173.51,2024-06-24 14:28:00,922,9,5,UPI,Success,0,
334,334,9,459112.09,2024-02-02 17:45:00,334,20,3,UPI,Success,0,
673,673,9,647829.54,2024-08-30 03:48:00,673,7,5,UPI,Success,0,
720,720,10,665608.09,2024-01-01 23:19:00,720,3,6,UPI,Success,0,
764,764,2,356637.97,2024-10-18 13:07:00,764,25,8,RTGS,Success,0,
931,931,10,313820.36,2025-03-24 21:27:00,931,26,7,IMPS,Success,0,
63,63,1,726877.47,2025-01-31 23:51:00,63,6,2,ATM,Success,0,
228,228,10,459930.02,2024-12-05 18:11:00,228,14,8,NEFT,Success,0,
270,270,3,765693.42,2024-10-06 06:55:00,270,2,1,NEFT,Success,1,Multiple Transactions
615,615,7,501738.98,2024-11-23 01:10:00,615,24,5,RTGS,Success,0,
798,798,5,235204.2,2024-12-08 09:30:00,798,18,8,IMPS,Success,0,
479,479,1,279215.86,2025-04-09 12:48:00,479,7,1,ATM,Pending,0,
960,960,1,265769.75,2024-10-22 09:43:00,960,30,3,NETBANKING,Success,0,
378,378,1,65044.57,2024-04-14 23:44:00,378,4,9,UPI,Success,0,
78,78,5,385373.04,2024-10-22 13:44:00,78,17,1,IMPS,Success,0,
762,762,2,678330.12,2024-03-23 19:53:00,762,7,7,POS,Success,0,
939,939,9,190153.31,2025-03-18 12:52:00,939,21,4,IMPS,Success,0,
423,423,7,501396.57,2025-01-28 09:05:00,423,14,3,UPI,Success,0,
431,431,1,466335.48,2024-07-05 12:57:00,431,15,9,NEFT,Success,0,
773,773,3,672781.3,2025-03-29 23:58:00,773,7,7,NEFT,Success,0,
888,888,1,194613.77,2025-03-25 21:24:00,888,16,3,ATM,Success,0,
906,906,10,310896.15,2024-06-18 10:10:00,906,10,4,ATM,Success,0,
314,314,6,284252.44,2024-01-01 13:13:00,314,3,10,UPI,Success,0,
842,842,5,271884.98,2025-02-04 02:54:00,842,27,3,ATM,Success,0,
156,156,3,560422.84,2024-09-04 20:49:00,156,9,10,RTGS,Pending,0,
179,179,2,153793.74,2024-06-28 12:53:00,179,15,3,ATM,Success,1,High Amount Transaction
922,922,4,646967.96,2025-01-02 09:48:00,922,9,10,POS,Success,0,
947,947,5,725485.68,2024-09-11 05:52:00,947,26,1,UPI,Success,0,
555,555,6,199958.0,2024-09-26 00:28:00,555,17,3,UPI,Success,0,
139,139,5,637029.11,2024-09-28 14:57:00,139,18,8,NETBANKING,Success,0,
79,79,9,583170.53,2024-06-20 05:56:00,79,17,2,NEFT,Success,0,
59,59,4,500709.95,2024-02-06 20:21:00,59,18,2,IMPS,Success,0,
993,993,10,8176.74,2024-10-27 16:49:00,993,19,9,UPI,Success,0,
201,201,4,11282.65,2025-03-06 16:45:00,201,9,5,NEFT,Success,0,
850,850,1,145529.0,2024-04-25 03:01:00,850,2,8,NETBANKING,Failed,0,
86,86,10,607715.21,2024-12-01 20:23:00,86,7,5,NETBANKING,Success,0,
886,886,2,269480.98,2024-10-19 18:05:00,886,12,10,POS,Success,0,
586,586,8,451680.07,2024-08-17 13:11:00,586,9,8,ATM,Success,0,
192,192,9,647874.31,2024-08-26 13:04:00,192,4,6,UPI,Success,0,
555,555,9,276011.16,2024-09-02 04:04:00,555,12,10,POS,Success,0,
681,681,10,286145.36,2024-09-07 03:28:00,681,30,5,ATM,Success,0,
984,984,5,520104.53,2025-03-25 13:14:00,984,20,8,NETBANKING,Success,0,
268,268,1,620608.2,2024-11-15 21:21:00,268,26,3,IMPS,Success,0,
223,223,8,173580.78,2024-01-26 21:27:00,223,20,1,RTGS,Success,0,
751,751,5,322096.32,2025-03-21 12:23:00,751,20,3,RTGS,Success,0,
774,774,10,443569.06,2024-09-27 14:52:00,774,20,4,IMPS,Success,1,Night Transaction
185,185,1,454520.42,2024-12-20 02:36:00,185,12,10,NETBANKING,Success,0,
8,8,2,229408.68,2024-07-13 19:29:00,8,7,5,UPI,Pending,0,
187,187,6,245299.93,2024-03-20 02:37:00,187,10,5,NEFT,Success,0,
845,845,3,330233.19,2024-09-16 04:23:00,845,24,8,NETBANKING,Success,0,
229,229,4,450531.49,2024-09-24 22:58:00,229,20,4,NEFT,Pending,0,
984,984,7,752329.5,2025-03-03 21:10:00,984,27,6,NEFT,Success,0,
823,823,5,604820.26,2024-08-23 09:07:00,823,9,6,UPI,Success,0,
541,541,10,410273.4,2024-06-11 06:44:00,541,15,6,ATM,Success,0,
886,886,3,127905.32,2024-10-02 00:02:00,886,16,8,IMPS,Success,0,
671,671,6,561706.0,2024-12-14 13:35:00,671,11,7,NEFT,Success,0,
473,473,4,666495.8,2025-01-19 18:25:00,473,6,6,ATM,Pending,0,
353,353,7,546754.15,2025-04-15 15:13:00,353,4,4,UPI,Success,0,
762,762,10,503005.6,2024-04-21 14:25:00,762,8,1,NETBANKING,Success,0,
115,115,7,486287.87,2024-04-22 10:43:00,115,14,2,POS,Success,0,
16,16,5,133907.88,2024-01-02 02:35:00,16,3,9,ATM,Success,0,
811,811,1,139675.38,2024-11-06 18:59:00,811,14,2,ATM,Success,0,
777,777,6,581647.95,2024-11-20 19:53:00,777,8,5,NEFT,Success,0,
851,851,3,32837.45,2024-12-03 23:41:00,851,3,9,UPI,Success,0,
366,366,9,317864.37,2025-03-18 00:12:00,366,9,7,IMPS,Success,1,Multiple Transactions
56,56,7,150674.44,2024-08-13 20:29:00,56,22,2,NETBANKING,Failed,0,
608,608,2,690065.96,2024-08-13 07:55:00,608,10,4,NEFT,Success,0,
156,156,9,418253.47,2025-04-05 15:50:00,156,9,3,NETBANKING,Success,0,
897,897,3,655005.23,2025-04-03 10:39:00,897,11,4,UPI,Success,0,
314,314,5,316042.49,2024-12-02 22:41:00,314,21,2,NEFT,Success,0,
202,202,8,193598.23,2024-12-26 04:02:00,202,21,3,RTGS,Success,0,
806,806,2,21265.87,2025-02-15 12:12:00,806,25,9,NEFT,Success,0,
243,243,4,562475.96,2024-07-06 21:19:00,243,27,2,IMPS,Success,0,
569,569,9,163921.61,2024-02-13 22:48:00,569,24,5,IMPS,Success,0,
100,100,4,224198.08,2024-09-13 04:55:00,100,23,4,ATM,Success,0,
287,287,10,9656.1,2024-05-11 15:10:00,287,28,6,ATM,Success,0,
819,819,8,406253.08,2024-05-06 02:46:00,819,15,8,RTGS,Success,0,
74,74,4,44133.94,2024-09-03 01:42:00,74,27,8,RTGS,Success,0,
294,294,6,770429.15,2024-04-04 23:44:00,294,26,3,IMPS,Success,0,
920,920,2,403067.65,2024-12-05 04:47:00,920,26,5,ATM,Success,0,
454,454,7,396043.46,2024-08-01 20:06:00,454,29,9,ATM,Success,0,
936,936,10,589795.13,2024-11-23 10:51:00,936,30,9,NETBANKING,Success,0,
862,862,1,153025.99,2025-04-10 09:21:00,862,10,7,IMPS,Success,0,
415,415,6,422570.62,2024-10-12 12:38:00,415,8,4,NETBANKING,Pending,0,
284,284,3,106541.93,2024-05-21 20:00:00,284,7,8,NEFT,Success,0,
5,5,6,595685.89,2024-07-25 07:40:00,5,26,4,ATM,Success,0,
408,408,1,414851.16,2024-05-17 05:53:00,408,27,1,UPI,Success,0,
544,544,10,61486.76,2024-08-30 01:10:00,544,7,6,UPI,Success,0,
28,28,7,169026.55,2024-09-04 01:52:00,28,7,10,ATM,Success,0,
684,684,8,565369.9,2024-04-06 09:52:00,684,20,6,IMPS,Success,0,
271,271,5,195846.48,2024-10-25 16:54:00,271,5,1,UPI,Success,0,
740,740,1,310406.53,2024-08-16 01:26:00,740,29,1,NEFT,Success,0,
748,748,10,115167.31,2024-09-16 09:05:00,748,16,5,IMPS,Success,0,
250,250,1,573098.06,2024-01-02 02:49:00,250,1,3,POS,Success,1,Night Transaction
200,200,7,23610.04,2024-09-01 20:34:00,200,25,3,ATM,Success,1,Night Transaction
77,77,1,31622.32,2025-03-05 22:06:00,77,24,9,IMPS,Success,1,Foreign Location
496,496,6,346544.92,2024-04-12 23:41:00,496,16,5,POS,Success,0,
943,943,2,496255.52,2025-01-04 22:13:00,943,17,10,NEFT,Success,0,
389,389,3,401210.85,2024-04-07 17:27:00,389,30,9,UPI,Success,0,
736,736,1,727248.19,2025-03-12 23:23:00,736,14,3,POS,Failed,0,
32,32,8,717669.48,2024-01-28 03:23:00,32,5,10,ATM,Success,0,
288,288,4,372063.43,2024-03-20 22:08:00,288,22,10,NETBANKING,Failed,0,
499,499,1,296360.82,2025-02-06 21:01:00,499,25,6,UPI,Success,0,
692,692,10,765840.22,2024-03-22 13:20:00,692,5,5,IMPS,Success,0,
363,363,2,698014.24,2024-02-27 08:04:00,363,7,5,IMPS,Success,0,
623,623,3,636852.52,2024-02-23 16:57:00,623,13,1,POS,Success,0,
821,821,9,665653.26,2024-09-18 22:50:00,821,2,4,NETBANKING,Success,0,
87,87,1,216010.72,2025-03-01 02:26:00,87,11,6,UPI,Success,0,
995,995,7,81162.2,2024-08-19 03:51:00,995,8,4,UPI,Success,0,
890,890,6,572049.32,2025-04-14 09:08:00,890,22,8,RTGS,Success,0,
386,386,5,530704.15,2024-10-07 20:41:00,386,24,6,NEFT,Success,0,
2,2,9,194292.77,2024-01-01 19:10:00,2,21,2,NEFT,Success,0,
907,907,9,138986.33,2024-03-03 00:04:00,907,26,5,RTGS,Success,0,
474,474,2,474070.57,2024-12-15 16:10:00,474,23,7,POS,Success,0,
203,203,1,309311.26,2024-10-20 09:05:00,203,4,5,NEFT,Success,0,
445,445,2,154145.77,2024-12-16 05:07:00,445,27,3,IMPS,Success,0,
391,391,8,589945.62,2024-08-19 03:40:00,391,13,10,ATM,Success,0,
646,646,6,465617.67,2024-09-03 18:01:00,646,9,6,POS,Success,0,
961,961,10,52763.64,2025-01-15 07:12:00,961,18,5,RTGS,Success,0,
544,544,3,570567.25,2025-02-22 18:31:00,544,14,2,RTGS,Success,0,
458,458,3,707891.21,2024-11-01 19:00:00,458,7,1,NEFT,Success,0,
316,316,6,558340.53,2024-12-04 00:41:00,316,10,7,ATM,Success,0,
177,177,2,762366.37,2025-02-19 13:25:00,177,15,3,NEFT,Success,0,
807,807,1,708946.25,2025-02-10 18:53:00,807,1,8,IMPS,Pending,0,
127,127,1,107810.65,2024-08-11 23:46:00,127,8,7,RTGS,Success,0,
667,667,5,752271.5,2024-12-15 06:48:00,667,27,10,IMPS,Success,0,
501,501,9,556274.84,2025-03-09 10:41:00,501,2,8,ATM,Success,0,
579,579,9,97547.18,2024-03-10 23:34:00,579,9,9,IMPS,Success,0,
444,444,6,782229.24,2025-02-01 04:10:00,444,29,5,POS,Success,0,
805,805,7,198436.4,2024-07-14 10:42:00,805,19,4,ATM,Success,0,
939,939,8,789539.17,2024-11-08 05:48:00,939,30,1,NEFT,Success,0,
208,208,3,583956.55,2025-02-15 09:06:00,208,28,2,NEFT,Success,0,
242,242,3,149585.89,2024-01-04 22:42:00,242,23,1,NEFT,Success,0,
564,564,4,319321.55,2024-03-23 05:09:00,564,27,9,UPI,Success,0,
561,561,10,778098.82,2024-06-04 10:27:00,561,15,3,IMPS,Success,0,
523,523,10,418429.2,2024-03-10 17:58:00,523,11,3,ATM,Success,0,
910,910,8,238682.76,2024-06-13 22:39:00,910,2,7,RTGS,Success,0,
804,804,2,225496.22,2024-02-08 05:20:00,804,12,3,NETBANKING,Success,0,
376,376,5,169259.24,2024-05-13 09:07:00,376,7,5,RTGS,Success,0,
7,7,5,730522.09,2024-03-25 15:46:00,7,26,7,POS,Success,0,
106,106,5,283147.8,2025-03-26 15:59:00,106,22,9,RTGS,Success,0,
7,7,6,797593.18,2024-11-11 21:12:00,7,5,8,NETBANKING,Success,0,
258,258,4,674104.34,2025-01-04 14:44:00,258,12,8,ATM,Success,0,
351,351,4,362194.45,2024-01-05 04:48:00,351,18,9,POS,Success,0,
541,541,3,527874.42,2025-01-30 08:41:00,541,2,10,IMPS,Success,0,
491,491,6,225138.05,2024-02-23 01:42:00,491,22,7,IMPS,Success,1,New Device
880,880,8,783378.55,2025-01-11 16:09:00,880,3,4,RTGS,Pending,0,
571,571,7,400240.75,2024-07-17 12:46:00,571,17,2,NETBANKING,Success,0,
187,187,9,204985.44,2024-01-18 14:30:00,187,17,5,RTGS,Success,0,
67,67,4,690667.66,2024-08-10 00:01:00,67,16,7,ATM,Success,0,
91,91,5,274523.66,2025-01-17 08:30:00,91,2,5,ATM,Success,0,
754,754,6,143800.87,2025-04-08 00:33:00,754,2,10,NEFT,Success,0,
921,921,2,395842.74,2024-07-08 07:10:00,921,9,1,ATM,Success,0,
924,924,7,371815.08,2024-04-14 00:22:00,924,6,9,RTGS,Success,0,
481,481,9,724610.26,2024-05-30 15:13:00,481,4,8,NEFT,Success,1,New Device
326,326,10,622499.13,2025-02-22 02:23:00,326,2,6,POS,Success,0,
649,649,7,78733.86,2025-02-08 19:48:00,649,23,2,NEFT,Success,0,
214,214,8,600387.92,2024-05-28 21:04:00,214,1,3,ATM,Success,0,
486,486,1,557908.41,2024-11-20 10:55:00,486,13,1,NEFT,Success,1,Night Transaction
832,832,1,335331.65,2024-04-02 19:48:00,832,7,9,POS,Success,0,
587,587,2,215613.72,2024-03-21 06:33:00,587,17,7,NETBANKING,Success,0,
524,524,5,483951.07,2024-12-13 12:57:00,524,10,6,RTGS,Success,0,
761,761,5,446264.06,2024-07-31 23:52:00,761,7,6,UPI,Success,0,
617,617,9,351902.94,2024-07-13 06:41:00,617,11,1,NEFT,Success,0,
873,873,10,79627.67,2025-01-14 04:50:00,873,2,3,NEFT,Success,0,
831,831,3,760173.95,2025-04-16 19:19:00,831,7,2,UPI,Success,0,
193,193,10,712622.11,2024-06-04 02:37:00,193,9,7,NETBANKING,Success,0,
465,465,6,7654.14,2025-03-04 08:05:00,465,7,5,NEFT,Success,0,
570,570,9,53857.46,2024-01-25 20:04:00,570,28,10,IMPS,Failed,0,
97,97,7,188373.24,2025-04-03 08:11:00,97,16,9,NETBANKING,Success,0,
671,671,2,382558.42,2024-07-04 22:38:00,671,25,8,NEFT,Success,0,
950,950,7,587271.9,2024-06-28 14:17:00,950,24,4,ATM,Success,0,
370,370,10,726854.57,2025-01-10 00:09:00,370,14,7,ATM,Success,0,
704,704,5,55758.89,2025-02-07 04:36:00,704,1,2,RTGS,Success,0,
569,569,4,397734.8,2024-10-24 02:03:00,569,5,2,NETBANKING,Success,0,
84,84,6,389473.24,2024-04-18 20:47:00,84,21,9,NETBANKING,Success,0,
361,361,10,253375.18,2024-05-02 13:22:00,361,4,9,UPI,Success,0,
360,360,6,149307.0,2024-05-09 04:55:00,360,12,3,ATM,Success,0,
980,980,7,579120.28,2024-02-21 16:58:00,980,24,5,POS,Success,0,
194,194,4,478953.42,2025-02-17 23:36:00,194,28,5,NETBANKING,Success,0,
514,514,1,59805.93,2025-03-21 16:21:00,514,10,8,UPI,Success,0,
958,958,3,402970.16,2024-07-08 06:26:00,958,27,4,RTGS,Success,0,
717,717,1,364154.76,2024-04-21 05:19:00,717,13,2,NETBANKING,Pending,0,
130,130,9,196249.46,2025-02-11 19:22:00,130,12,9,NETBANKING,Success,0,
274,274,3,583577.38,2024-06-23 07:26:00,274,11,3,NEFT,Success,0,
360,360,5,432106.98,2024-01-21 20:35:00,360,29,1,RTGS,Success,0,
969,969,8,426514.14,2024-09-22 01:15:00,969,22,10,UPI,Success,0,
698,698,2,122738.94,2024-11-13 14:38:00,698,26,9,NEFT,Success,0,
913,913,7,524437.19,2024-07-12 20:03:00,913,21,4,NETBANKING,Success,0,
505,505,9,486118.64,2024-10-10 05:40:00,505,23,3,UPI,Success,0,
610,610,3,6883.79,2024-09-28 23:59:00,610,21,5,POS,Success,1,Foreign Location
216,216,3,768443.88,2024-12-16 01:08:00,216,12,3,POS,Success,0,
81,81,8,539684.38,2024-09-23 19:34:00,81,1,5,UPI,Success,0,
257,257,8,222275.4,2024-07-20 10:13:00,257,25,3,ATM,Success,0,
965,965,6,630660.53,2024-10-02 02:51:00,965,12,4,IMPS,Success,0,
630,630,2,678236.38,2024-07-06 02:32:00,630,23,2,UPI,Success,0,
153,153,1,104559.76,2024-08-21 23:44:00,153,1,8,IMPS,Success,0,
670,670,6,64231.38,2025-03-15 07:00:00,670,9,6,IMPS,Success,0,
780,780,1,12140.61,2024-09-30 13:44:00,780,3,9,UPI,Success,0,
840,840,6,387655.73,2024-08-08 08:23:00,840,24,3,RTGS,Success,0,
641,641,9,189956.92,2024-02-19 22:16:00,641,30,1,NEFT,Success,0,
644,644,6,742706.87,2025-04-06 16:27:00,644,19,9,IMPS,Success,0,
226,226,3,626201.66,2024-08-24 03:13:00,226,7,2,NETBANKING,Success,0,
587,587,9,322374.18,2024-05-26 00:37:00,587,3,8,RTGS,Success,0,
223,223,8,662627.97,2025-04-02 01:55:00,223,9,3,NETBANKING,Success,0,
764,764,3,421716.85,2025-03-17 09:23:00,764,3,8,IMPS,Success,0,
379,379,9,197442.99,2025-02-15 19:33:00,379,6,6,POS,Success,0,
614,614,3,456863.35,2024-12-14 12:59:00,614,20,5,RTGS,Success,0,
854,854,5,302761.56,2024-10-15 01:48:00,854,20,4,UPI,Failed,0,
479,479,1,721310.75,2024-08-15 13:35:00,479,24,1,NEFT,Success,0,
356,356,7,60644.6,2024-06-05 11:54:00,356,20,10,NEFT,Success,0,
789,789,9,412058.07,2024-08-01 18:48:00,789,25,8,UPI,Success,0,
388,388,4,569824.94,2025-03-03 14:50:00,388,29,4,IMPS,Success,0,
37,37,7,113742.45,2025-02-12 18:27:00,37,28,8,IMPS,Success,0,
94,94,4,258195.28,2025-04-15 10:05:00,94,24,9,NETBANKING,Success,0,
249,249,9,463408.55,2024-04-07 21:05:00,249,8,5,UPI,Success,0,
323,323,3,366367.71,2024-05-26 22:37:00,323,4,5,POS,Success,0,
326,326,9,735814.65,2024-07-16 03:57:00,326,6,1,IMPS,Success,0,
896,896,9,355674.35,2024-05-19 12:05:00,896,18,3,ATM,Failed,0,
387,387,1,546590.7,2025-04-26 06:35:00,387,9,8,IMPS,Success,1,Multiple Transactions
96,96,1,72153.06,2025-01-09 18:44:00,96,19,6,UPI,Success,0,
570,570,10,159178.92,2024-02-19 11:50:00,570,2,7,RTGS,Success,0,
407,407,9,62805.88,2024-09-07 20:01:00,407,16,9,UPI,Success,0,
119,119,10,361367.71,2024-11-26 09:12:00,119,23,1,IMPS,Success,0,
683,683,7,793857.57,2024-06-27 05:50:00,683,22,8,NETBANKING,Success,0,
772,772,2,378628.01,2024-03-22 03:24:00,772,12,7,RTGS,Success,0,
474,474,8,160032.57,2024-03-20 18:03:00,474,16,9,IMPS,Success,0,
915,915,9,539984.6,2024-03-11 17:03:00,915,2,9,NETBANKING,Success,0,
811,811,8,534128.58,2024-08-29 18:30:00,811,2,7,POS,Success,0,
459,459,3,510293.47,2025-01-13 06:40:00,459,27,10,IMPS,Success,0,
237,237,5,29038.87,2025-02-09 23:57:00,237,7,4,POS,Success,0,
29,29,7,260378.63,2024-11-21 12:07:00,29,15,2,NEFT,Success,0,
743,743,10,371214.9,2025-03-27 18:43:00,743,28,6,NEFT,Success,1,New Device
97,97,6,412701.63,2025-04-18 09:46:00,97,29,3,NETBANKING,Success,0,
256,256,7,223263.68,2025-04-29 03:47:00,256,1,7,POS,Success,0,
851,851,3,788552.11,2024-02-12 21:33:00,851,27,4,POS,Success,0,
932,932,10,442129.77,2025-04-01 22:32:00,932,4,3,UPI,Success,0,
475,475,8,790495.96,2024-04-27 08:31:00,475,19,9,RTGS,Success,0,
383,383,1,49919.28,2024-10-14 19:52:00,383,18,8,ATM,Success,0,
275,275,1,389938.15,2024-01-16 11:28:00,275,16,10,NETBANKING,Success,0,
641,641,10,13629.56,2024-01-01 10:56:00,641,13,9,UPI,Success,0,
488,488,10,706159.4,2024-11-02 08:22:00,488,29,7,POS,Success,1,High Amount Transaction
519,519,6,678528.76,2024-01-21 13:27:00,519,19,1,IMPS,Failed,0,
828,828,10,116398.34,2024-07-13 13:49:00,828,14,5,ATM,Success,0,
96,96,6,199912.04,2024-10-17 08:52:00,96,14,10,ATM,Success,0,
569,569,10,743025.14,2024-02-27 14:55:00,569,30,5,RTGS,Success,0,
908,908,7,309307.25,2024-05-28 14:23:00,908,7,5,ATM,Success,0,
216,216,9,170649.73,2025-01-24 16:18:00,216,15,6,NEFT,Success,0,
659,659,9,33211.15,2024-06-09 00:54:00,659,8,9,RTGS,Success,0,
531,531,4,141853.15,2024-12-08 12:59:00,531,2,9,IMPS,Success,0,
487,487,9,741847.27,2024-01-15 22:31:00,487,2,5,NETBANKING,Success,0,
265,265,9,110720.34,2024-01-23 16:30:00,265,18,7,NETBANKING,Failed,0,
795,795,5,368822.81,2024-04-20 09:37:00,795,5,1,UPI,Success,0,
689,689,9,638526.15,2024-02-01 06:44:00,689,10,6,POS,Success,0,
643,643,2,607666.6,2024-07-10 10:11:00,643,10,4,ATM,Success,1,New Device
894,894,3,541700.0,2024-04-25 08:07:00,894,19,1,POS,Success,0,
366,366,10,465321.9,2024-07-15 00:43:00,366,12,3,POS,Success,0,
328,328,7,210476.7,2025-01-15 01:34:00,328,30,10,NEFT,Success,0,
176,176,8,343199.86,2025-03-08 15:33:00,176,4,3,NEFT,Success,0,
465,465,5,472053.57,2024-11-08 10:21:00,465,11,9,ATM,Pending,0,
700,700,2,798946.92,2024-12-20 14:02:00,700,21,7,IMPS,Success,1,New Device
825,825,2,664916.44,2024-05-27 05:00:00,825,18,8,RTGS,Success,0,
742,742,7,659013.1,2024-10-12 09:15:00,742,2,9,ATM,Success,0,
323,323,6,496171.97,2024-10-13 11:16:00,323,13,6,NEFT,Success,0,
64,64,6,656997.17,2024-01-06 08:23:00,64,28,7,RTGS,Success,0,
481,481,10,19343.56,2024-10-30 11:24:00,481,5,4,NEFT,Success,0,
269,269,4,303067.52,2024-05-11 12:49:00,269,2,4,POS,Success,0,
245,245,8,557108.64,2025-04-09 12:41:00,245,30,10,ATM,Success,0,
174,174,8,20348.44,2024-05-07 22:14:00,174,28,6,UPI,Success,0,
796,796,8,672463.61,2024-08-27 13:55:00,796,19,2,NETBANKING,Success,0,
290,290,9,421196.59,2024-04-17 15:01:00,290,1,1,NETBANKING,Success,0,
725,725,6,187574.09,2025-01-27 15:46:00,725,16,4,POS,Success,0,
621,621,2,783025.45,2025-03-02 15:05:00,621,3,6,IMPS,Success,0,
335,335,7,66754.73,2024-12-07 15:07:00,335,4,5,RTGS,Success,0,
880,880,3,99889.57,2025-04-25 18:30:00,880,18,10,RTGS,Success,0,
159,159,2,347169.29,2024-06-28 12:04:00,159,15,3,NEFT,Success,0,
58,58,3,421771.63,2024-02-18 05:36:00,58,23,8,NEFT,Success,0,
479,479,1,380066.99,2025-04-21 17:49:00,479,16,9,RTGS,Success,0,
459,459,5,109482.44,2024-01-31 05:31:00,459,15,10,NETBANKING,Success,0,
624,624,9,361708.74,2024-09-11 09:03:00,624,28,9,ATM,Success,0,
960,960,3,257821.49,2025-03-05 03:37:00,960,8,8,NEFT,Success,0,
180,180,5,675058.45,2024-09-01 17:07:00,180,13,2,NETBANKING,Success,0,
398,398,1,301073.26,2025-02-12 10:23:00,398,6,1,POS,Pending,0,
599,599,5,495441.76,2024-12-30 11:53:00,599,7,10,UPI,Success,1,Foreign Location
853,853,8,548725.81,2024-01-02 16:28:00,853,12,3,POS,Success,0,
979,979,9,708657.84,2024-12-25 12:09:00,979,10,2,POS,Success,0,
154,154,7,128084.17,2025-01-30 04:46:00,154,4,3,POS,Failed,0,
848,848,8,100263.99,2024-09-04 06:49:00,848,11,9,POS,Success,0,
269,269,10,734578.78,2024-01-13 13:48:00,269,15,4,IMPS,Pending,0,
652,652,2,540200.98,2024-07-31 09:15:00,652,12,6,RTGS,Failed,0,
844,844,2,568990.56,2024-01-23 17:46:00,844,27,7,NETBANKING,Success,0,
295,295,1,141723.78,2025-01-31 03:41:00,295,27,4,ATM,Success,0,
859,859,6,731985.43,2024-09-21 08:48:00,859,6,4,NEFT,Success,0,
197,197,9,525406.54,2024-11-03 05:57:00,197,16,5,NEFT,Success,1,Night Transaction
327,327,3,487469.81,2024-07-26 04:17:00,327,20,5,RTGS,Success,0,
329,329,9,792022.13,2024-11-13 06:34:00,329,21,2,POS,Success,0,
42,42,8,553118.55,2025-01-20 04:41:00,42,13,1,NETBANKING,Success,0,
317,317,4,366527.13,2024-08-14 13:05:00,317,23,1,ATM,Success,0,
335,335,8,765639.69,2024-03-10 18:15:00,335,13,2,UPI,Success,0,
120,120,6,225395.58,2025-01-15 10:52:00,120,29,1,NETBANKING,Success,0,
661,661,8,554627.42,2025-01-20 04:08:00,661,18,4,UPI,Success,0,
180,180,2,776755.26,2024-12-23 20:38:00,180,11,5,IMPS,Success,0,
459,459,1,494473.07,2024-08-18 22:53:00,459,25,9,RTGS,Success,0,
843,843,5,582055.12,2024-11-12 09:39:00,843,17,6,UPI,Success,0,
1,1,8,296504.58,2025-01-11 13:11:00,1,22,3,POS,Success,0,
646,646,2,576048.4,2024-04-21 06:42:00,646,11,4,UPI,Success,0,
312,312,8,520318.06,2025-03-22 23:05:00,312,9,6,UPI,Success,0,
326,326,1,447294.48,2024-02-23 23:20:00,326,10,10,IMPS,Success,0,
608,608,1,176254.29,2025-02-23 18:32:00,608,4,10,NEFT,Success,0,
863,863,3,69166.04,2024-12-09 04:23:00,863,16,6,NETBANKING,Success,0,
542,542,9,334549.85,2025-03-17 01:18:00,542,14,6,IMPS,Success,0,
599,599,4,101161.75,2025-04-27 08:14:00,599,18,1,ATM,Success,0,
176,176,9,582165.52,2024-05-10 08:31:00,176,9,5,NETBANKING,Success,0,
695,695,10,506446.73,2024-10-15 08:56:00,695,30,4,POS,Success,0,
825,825,10,786775.71,2024-06-16 21:54:00,825,26,8,NEFT,Success,0,
960,960,7,273087.74,2025-02-08 13:28:00,960,14,2,ATM,Success,0,
684,684,1,276775.58,2025-01-12 04:40:00,684,11,9,RTGS,Success,0,
669,669,3,500162.53,2025-02-02 17:18:00,669,9,7,IMPS,Success,0,
558,558,9,298606.2,2024-07-30 15:46:00,558,17,4,POS,Success,0,
609,609,10,457345.52,2024-05-11 12:16:00,609,28,3,NEFT,Failed,0,
430,430,9,582616.87,2024-07-27 10:19:00,430,2,3,IMPS,Success,0,
66,66,6,793914.62,2024-08-01 04:35:00,66,17,2,UPI,Success,0,
794,794,2,25000.89,2024-08-04 20:24:00,794,5,3,ATM,Success,0,
240,240,2,563408.13,2024-05-30 11:24:00,240,17,10,NEFT,Pending,0,
564,564,10,286133.19,2024-10-26 19:47:00,564,22,3,RTGS,Success,0,
697,697,2,480827.21,2024-01-10 01:13:00,697,5,1,NEFT,Success,0,
320,320,8,43544.49,2025-03-29 09:19:00,320,8,9,NETBANKING,Success,0,
40,40,2,64135.4,2025-04-18 03:00:00,40,14,5,ATM,Success,0,
779,779,3,580221.9,2024-04-24 14:46:00,779,11,5,IMPS,Success,0,
136,136,4,131378.36,2025-03-06 23:13:00,136,19,1,IMPS,Success,0,
530,530,7,25241.29,2025-02-04 08:02:00,530,17,1,NETBANKING,Success,0,
136,136,10,383141.13,2024-08-01 14:42:00,136,22,9,ATM,Pending,0,
335,335,2,743745.42,2024-08-14 19:19:00,335,11,3,NETBANKING,Success,0,
346,346,1,522232.34,2024-05-09 23:08:00,346,9,7,ATM,Success,0,
651,651,5,702343.77,2024-10-24 18:21:00,651,4,6,ATM,Success,0,
518,518,9,280092.96,2024-11-05 07:26:00,518,6,6,ATM,Pending,0,
225,225,4,621274.13,2025-04-04 02:48:00,225,27,8,NETBANKING,Pending,0,
649,649,8,508742.58,2024-04-13 18:13:00,649,8,4,NETBANKING,Success,0,
27,27,6,448050.28,2024-12-02 09:41:00,27,23,8,NETBANKING,Success,0,
876,876,4,350989.11,2024-06-30 23:49:00,876,15,5,POS,Success,0,
919,919,7,718921.22,2025-01-08 07:44:00,919,10,5,IMPS,Success,0,
751,751,1,462131.98,2024-08-30 13:08:00,751,16,7,UPI,Success,0,
855,855,2,262367.65,2024-01-25 13:22:00,855,2,8,NETBANKING,Success,0,
139,139,10,689085.83,2024-01-31 11:02:00,139,15,8,ATM,Success,0,
904,904,3,601171.01,2024-10-20 03:12:00,904,13,8,ATM,Success,0,
787,787,9,606618.76,2025-02-02 17:12:00,787,1,10,RTGS,Success,0,
157,157,9,291848.61,2024-03-20 07:00:00,157,1,9,NETBANKING,Success,0,
16,16,2,246305.08,2024-08-23 23:10:00,16,30,6,RTGS,Success,0,
157,157,9,48919.3,2025-04-06 08:20:00,157,3,1,NETBANKING,Success,0,
257,257,7,106615.35,2024-08-15 17:40:00,257,16,4,NEFT,Success,0,
253,253,2,486379.33,2025-03-01 10:54:00,253,17,2,UPI,Success,0,
341,341,5,245458.39,2024-03-05 13:59:00,341,10,7,UPI,Success,0,
678,678,5,461636.97,2025-04-03 01:12:00,678,24,3,UPI,Success,0,
101,101,9,6368.05,2025-01-27 14:47:00,101,26,5,ATM,Success,0,
188,188,7,96910.83,2024-12-31 01:36:00,188,28,8,POS,Success,0,
949,949,3,133808.79,2024-11-13 13:48:00,949,16,2,RTGS,Success,0,
104,104,6,12475.38,2025-02-27 02:58:00,104,20,8,RTGS,Pending,0,
911,911,1,362298.41,2024-07-22 13:34:00,911,2,1,NETBANKING,Success,1,Night Transaction
198,198,1,117939.15,2024-06-06 03:25:00,198,13,8,NETBANKING,Success,0,
392,392,4,452127.46,2024-03-31 23:08:00,392,8,10,ATM,Success,0,
552,552,3,218152.68,2024-03-06 01:03:00,552,13,1,NETBANKING,Success,0,
403,403,3,284118.72,2024-11-28 06:50:00,403,6,9,NETBANKING,Success,0,
715,715,9,551542.02,2025-02-12 08:42:00,715,21,10,ATM,Success,0,
964,964,2,656869.61,2024-10-14 17:43:00,964,8,8,NETBANKING,Pending,0,
926,926,3,160992.75,2024-05-12 13:53:00,926,12,2,NETBANKING,Success,0,
649,649,4,340325.14,2024-11-07 10:12:00,649,11,6,IMPS,Success,0,
755,755,10,188483.22,2024-03-28 15:45:00,755,25,9,RTGS,Success,0,
659,659,7,748283.12,2024-06-10 18:20:00,659,6,8,POS,Success,0,
145,145,3,119280.68,2024-01-15 06:43:00,145,19,10,ATM,Success,0,
544,544,9,522091.17,2024-10-19 03:55:00,544,12,8,UPI,Success,0,
123,123,10,650832.92,2024-12-05 04:03:00,123,13,9,RTGS,Success,0,
415,415,8,736229.3,2024-05-10 13:30:00,415,15,8,RTGS,Failed,0,
240,240,3,678728.9,2024-03-19 04:02:00,240,23,9,NEFT,Success,0,
407,407,3,512218.04,2025-03-29 10:25:00,407,17,7,NETBANKING,Success,0,
831,831,2,334328.62,2024-01-02 19:23:00,831,14,8,NETBANKING,Success,0,
726,726,9,255464.0,2024-12-19 22:39:00,726,18,1,POS,Success,0,
960,960,8,76274.29,2024-10-04 10:40:00,960,6,1,NEFT,Success,0,
531,531,9,327887.84,2025-01-09 12:01:00,531,11,4,IMPS,Success,0,
471,471,4,402197.76,2024-12-02 15:55:00,471,6,10,POS,Success,0,
656,656,9,753634.16,2024-06-27 12:41:00,656,4,7,POS,Success,0,
547,547,10,333913.68,2025-04-13 07:25:00,547,22,9,IMPS,Success,0,
560,560,2,90436.45,2024-04-06 23:35:00,560,1,9,ATM,Success,0,
956,956,8,741100.07,2024-04-06 04:49:00,956,17,2,POS,Success,0,
11,11,2,614474.74,2025-04-02 22:45:00,11,21,5,POS,Success,0,
425,425,10,521104.33,2024-09-12 06:40:00,425,2,1,UPI,Success,0,
906,906,2,273029.39,2024-04-09 04:17:00,906,25,9,POS,Pending,0,
757,757,10,612903.58,2024-06-09 00:28:00,757,23,3,UPI,Success,0,
451,451,6,592157.45,2024-05-10 15:45:00,451,22,3,NETBANKING,Success,0,
219,219,2,156295.25,2024-12-13 10:58:00,219,28,10,POS,Success,0,
908,908,3,60853.3,2024-03-24 22:37:00,908,19,7,RTGS,Success,0,
277,277,9,442947.36,2024-12-24 08:44:00,277,4,9,NETBANKING,Success,0,
791,791,2,723811.84,2025-01-05 03:22:00,791,11,9,ATM,Success,0,
157,157,5,415538.83,2024-11-14 06:02:00,157,7,8,RTGS,Success,0,
947,947,10,632471.39,2024-06-21 04:09:00,947,16,1,ATM,Pending,0,
866,866,2,108529.23,2024-03-18 16:39:00,866,4,6,UPI,Failed,0,
726,726,7,479307.2,2024-11-19 22:17:00,726,23,5,ATM,Success,0,
152,152,9,570634.68,2025-01-03 19:07:00,152,20,7,ATM,Success,0,
891,891,3,374702.92,2024-06-24 19:45:00,891,6,7,NEFT,Success,0,
50,50,3,504305.1,2025-03-24 21:04:00,50,22,1,IMPS,Failed,0,
288,288,1,195455.01,2024-09-26 16:44:00,288,13,5,RTGS,Success,0,
931,931,5,715104.84,2024-06-12 04:42:00,931,20,1,ATM,Success,0,
800,800,8,107881.26,2024-12-21 22:02:00,800,21,6,NETBANKING,Success,0,
761,761,1,485716.43,2024-09-10 08:08:00,761,26,6,UPI,Success,0,
502,502,1,698940.52,2024-04-27 10:29:00,502,14,10,IMPS,Success,0,
250,250,2,441375.95,2024-09-18 05:09:00,250,5,5,ATM,Pending,0,
264,264,10,169904.53,2024-02-06 16:39:00,264,18,5,NEFT,Success,0,
534,534,5,427054.72,2024-01-09 06:45:00,534,10,7,IMPS,Success,0,
447,447,2,531894.84,2024-10-11 05:49:00,447,15,8,IMPS,Success,0,
685,685,3,51059.83,2025-01-06 02:24:00,685,29,2,POS,Success,1,Night Transaction
702,702,9,603599.92,2025-01-19 14:31:00,702,4,8,NEFT,Success,0,
278,278,6,481476.5,2024-09-20 15:02:00,278,30,8,UPI,Success,0,
32,32,5,258496.42,2025-01-02 12:55:00,32,26,1,IMPS,Success,0,
198,198,7,782197.61,2024-09-14 13:12:00,198,20,9,RTGS,Success,0,
486,486,9,169298.68,2025-01-31 07:40:00,486,2,3,NEFT,Success,0,
733,733,6,714996.27,2024-05-09 02:49:00,733,27,10,ATM,Success,0,
186,186,9,600951.53,2024-07-13 21:40:00,186,27,7,RTGS,Success,0,
155,155,10,731999.61,2025-02-03 02:49:00,155,22,7,POS,Success,0,
416,416,3,479643.62,2024-12-22 10:48:00,416,16,7,IMPS,Success,0,
127,127,8,403560.69,2024-05-05 16:28:00,127,27,3,UPI,Success,0,
208,208,4,305077.54,2025-02-08 04:02:00,208,29,1,NEFT,Success,0,
203,203,8,219786.16,2025-04-28 20:02:00,203,14,6,IMPS,Success,0,
303,303,9,538201.56,2024-04-28 21:57:00,303,19,4,UPI,Success,0,
964,964,8,72147.82,2024-11-18 12:23:00,964,30,4,POS,Success,0,
77,77,6,665879.72,2025-01-16 15:17:00,77,19,7,POS,Success,0,
29,29,5,785489.0,2024-12-10 13:51:00,29,19,5,NEFT,Success,0,
733,733,1,381127.26,2024-09-02 20:54:00,733,27,6,NETBANKING,Success,0,
237,237,8,291814.93,2024-05-03 03:52:00,237,18,2,NEFT,Success,0,
442,442,6,738409.67,2024-07-22 20:39:00,442,14,1,ATM,Success,0,
800,800,1,248548.61,2024-10-09 04:59:00,800,26,7,UPI,Success,0,
256,256,9,319593.62,2024-03-18 13:33:00,256,9,1,UPI,Success,0,
691,691,5,764552.23,2024-10-09 05:50:00,691,12,5,NETBANKING,Success,1,High Amount Transaction
845,845,6,52873.48,2025-04-04 01:24:00,845,16,5,UPI,Success,0,
524,524,7,117795.45,2024-11-11 20:28:00,524,10,3,IMPS,Success,0,
907,907,7,334610.57,2024-08-30 07:04:00,907,21,5,NEFT,Success,0,
480,480,10,670639.81,2024-11-25 04:06:00,480,28,4,IMPS,Success,0,
687,687,3,153470.39,2024-10-10 16:47:00,687,4,3,NEFT,Success,0,
698,698,9,292894.47,2024-02-03 08:25:00,698,12,1,ATM,Success,0,
735,735,9,181133.72,2024-12-01 15:38:00,735,8,4,IMPS,Success,0,
462,462,3,757774.71,2024-02-21 20:00:00,462,22,6,UPI,Success,0,
394,394,6,599220.13,2025-03-29 02:59:00,394,17,10,IMPS,Success,0,
763,763,8,737752.26,2025-02-14 10:09:00,763,1,9,RTGS,Success,0,
817,817,1,378036.35,2025-04-06 22:56:00,817,11,2,RTGS,Success,0,
3,3,8,346583.68,2024-07-21 18:56:00,3,17,4,POS,Success,0,
567,567,3,178350.45,2025-02-12 10:50:00,567,18,10,IMPS,Success,0,
251,251,3,227257.01,2024-12-29 15:10:00,251,5,2,NETBANKING,Success,0,
521,521,6,612751.11,2025-01-03 18:52:00,521,14,4,IMPS,Success,0,
344,344,6,507136.46,2024-02-28 19:52:00,344,30,7,POS,Success,0,
27,27,5,797194.95,2024-09-21 11:12:00,27,16,6,ATM,Pending,0,
963,963,5,571414.66,2024-09-01 11:06:00,963,19,5,UPI,Success,0,
290,290,3,116893.71,2024-10-29 16:45:00,290,21,9,UPI,Success,0,
664,664,7,589246.84,2024-07-11 06:15:00,664,11,3,RTGS,Success,0,
448,448,3,415446.04,2025-03-12 05:42:00,448,24,6,POS,Success,0,
12,12,10,261639.13,2024-07-19 23:10:00,12,13,6,ATM,Success,0,
53,53,2,422765.65,2024-09-17 12:13:00,53,9,5,POS,Success,0,
127,127,10,129423.02,2024-11-29 00:40:00,127,18,8,IMPS,Success,0,
309,309,9,447751.72,2025-01-01 17:41:00,309,16,2,IMPS,Success,0,
760,760,3,560780.97,2025-04-23 01:49:00,760,29,9,RTGS,Success,0,
496,496,8,50355.41,2024-01-11 11:39:00,496,8,4,POS,Pending,0,
40,40,9,583809.64,2024-02-08 11:03:00,40,25,2,UPI,Success,0,
2,2,7,391354.69,2024-04-01 18:10:00,2,17,1,IMPS,Success,0,
773,773,6,612237.54,2024-05-09 18:32:00,773,12,9,UPI,Success,0,
283,283,5,317478.5,2024-11-20 14:15:00,283,28,3,NEFT,Success,0,
276,276,9,92295.92,2024-09-24 14:17:00,276,10,10,ATM,Success,0,
721,721,1,668244.97,2024-10-13 08:35:00,721,29,8,NEFT,Success,0,
149,149,1,142140.04,2024-04-07 18:49:00,149,28,6,ATM,Success,0,
683,683,1,608039.79,2024-09-26 13:53:00,683,21,4,IMPS,Failed,0,
402,402,6,262863.56,2024-08-15 11:13:00,402,23,5,NETBANKING,Success,0,
457,457,6,733783.05,2024-05-28 03:09:00,457,14,9,IMPS,Success,0,
264,264,9,377792.84,2024-02-14 03:21:00,264,22,2,RTGS,Success,0,
603,603,5,125008.52,2024-04-23 08:36:00,603,24,8,IMPS,Success,0,
920,920,2,11041.6,2025-01-29 05:59:00,920,11,10,UPI,Success,0,
665,665,6,677221.38,2025-03-05 11:50:00,665,6,6,NEFT,Success,0,
253,253,4,764105.32,2024-05-24 17:51:00,253,25,6,NEFT,Success,0,
112,112,2,743289.9,2024-01-07 07:06:00,112,21,1,NEFT,Success,0,
656,656,5,659744.52,2024-04-30 18:05:00,656,6,6,ATM,Success,0,
485,485,5,114797.98,2024-01-27 04:25:00,485,9,8,UPI,Success,0,
876,876,6,602194.59,2024-06-15 12:44:00,876,6,6,UPI,Success,0,
411,411,1,34621.47,2024-04-21 05:31:00,411,15,5,RTGS,Success,0,
748,748,7,416025.76,2024-09-09 18:49:00,748,6,2,POS,Success,0,
988,988,7,318789.52,2025-02-04 12:48:00,988,1,7,ATM,Success,0,
389,389,2,619755.42,2024-11-21 19:46:00,389,17,2,IMPS,Success,0,
425,425,10,719756.81,2024-10-05 13:11:00,425,20,8,IMPS,Failed,0,
228,228,9,30445.78,2024-07-26 10:59:00,228,23,3,NETBANKING,Success,0,
500,500,7,579344.76,2024-12-31 00:04:00,500,10,1,ATM,Success,0,
441,441,4,461075.14,2024-02-07 11:58:00,441,4,6,UPI,Success,0,
559,559,1,510509.31,2024-09-24 04:37:00,559,5,8,IMPS,Success,0,
409,409,7,457163.97,2025-04-09 03:56:00,409,9,3,NEFT,Success,0,
228,228,2,151132.98,2024-02-08 17:35:00,228,7,10,RTGS,Success,0,
887,887,5,771918.61,2025-01-03 12:59:00,887,24,4,UPI,Success,0,
771,771,6,217965.32,2024-11-24 09:44:00,771,21,8,NEFT,Success,0,
560,560,10,180696.81,2024-05-29 00:27:00,560,19,8,UPI,Success,0,
840,840,4,141627.72,2024-06-04 19:55:00,840,22,6,NEFT,Success,0,
189,189,4,751141.29,2025-01-06 07:23:00,189,15,4,NEFT,Success,0,
148,148,6,690492.48,2025-04-01 04:47:00,148,21,4,RTGS,Success,0,
333,333,9,41282.67,2024-04-13 11:22:00,333,4,5,NETBANKING,Success,0,
221,221,5,10743.67,2025-02-20 02:44:00,221,9,5,NETBANKING,Success,0,
359,359,1,147974.97,2024-10-12 04:57:00,359,11,10,NETBANKING,Success,0,
130,130,5,21307.04,2024-05-16 13:15:00,130,12,2,ATM,Success,0,
26,26,4,228293.71,2024-02-23 16:30:00,26,12,1,UPI,Success,0,
649,649,8,340956.15,2024-12-21 22:31:00,649,26,3,POS,Success,0,
515,515,5,560832.3,2024-01-03 06:15:00,515,4,8,RTGS,Success,0,
479,479,3,144926.42,2025-03-28 16:10:00,479,11,5,POS,Success,0,
516,516,3,85935.43,2024-03-22 23:09:00,516,17,3,RTGS,Success,0,
475,475,5,126109.11,2025-03-12 21:23:00,475,3,3,ATM,Success,0,
151,151,6,59426.85,2024-01-25 06:12:00,151,15,2,NEFT,Success,0,
183,183,10,180872.84,2024-03-11 22:37:00,183,10,9,NETBANKING,Success,0,
38,38,9,141447.46,2024-02-03 17:31:00,38,7,5,POS,Success,0,
207,207,5,35117.96,2024-02-23 21:57:00,207,11,9,NETBANKING,Success,0,
184,184,10,494575.34,2025-03-02 07:23:00,184,21,5,RTGS,Success,0,
664,664,3,641822.38,2025-02-15 10:26:00,664,8,6,ATM,Success,0,
183,183,2,116848.16,2024-07-31 10:44:00,183,10,6,IMPS,Success,0,
222,222,9,714297.99,2024-10-16 14:45:00,222,1,8,UPI,Success,0,
86,86,4,30643.35,2024-04-05 14:40:00,86,26,7,POS,Success,0,
899,899,8,628994.66,2025-02-27 08:55:00,899,27,6,NETBANKING,Pending,1,Night Transaction
191,191,8,231819.1,2024-05-17 19:58:00,191,17,5,IMPS,Success,0,
56,56,3,108348.04,2024-04-16 16:02:00,56,21,2,NETBANKING,Success,0,
376,376,8,108087.97,2024-05-25 19:01:00,376,17,8,POS,Success,0,
333,333,10,423507.69,2025-01-21 06:23:00,333,18,8,IMPS,Success,0,
617,617,10,600312.76,2025-04-25 04:23:00,617,14,3,POS,Success,0,
470,470,7,298092.43,2025-04-07 16:55:00,470,25,4,POS,Failed,0,
739,739,8,544811.56,2024-02-12 09:19:00,739,16,6,IMPS,Success,0,
464,464,1,733204.93,2024-05-07 04:59:00,464,21,5,IMPS,Success,0,
774,774,4,606501.88,2024-10-31 13:26:00,774,26,4,UPI,Success,0,
403,403,7,16408.36,2025-04-05 07:45:00,403,20,1,UPI,Success,0,
272,272,10,273039.06,2024-01-15 06:20:00,272,28,6,NEFT,Success,0,
127,127,7,207782.77,2024-06-25 22:49:00,127,24,6,POS,Success,0,
910,910,2,422104.23,2024-06-28 04:43:00,910,24,2,POS,Success,0,
17,17,2,799530.26,2025-04-13 05:14:00,17,5,6,ATM,Success,0,
696,696,4,204169.69,2024-06-03 16:23:00,696,17,6,UPI,Success,1,New Device
981,981,9,308255.61,2024-03-15 00:34:00,981,29,1,IMPS,Success,0,
326,326,9,65643.92,2024-07-05 18:53:00,326,10,9,NETBANKING,Success,0,
87,87,2,529256.84,2024-08-20 21:04:00,87,19,9,IMPS,Success,0,
357,357,1,125394.91,2024-08-19 11:27:00,357,26,4,UPI,Success,0,
958,958,5,793510.65,2024-01-01 15:37:00,958,21,2,NEFT,Success,0,
799,799,9,419773.11,2024-01-23 00:52:00,799,19,4,POS,Pending,0,
887,887,4,169060.43,2024-03-12 22:03:00,887,10,5,NEFT,Success,0,
888,888,6,325853.92,2024-03-16 21:54:00,888,4,9,IMPS,Success,0,
702,702,2,177493.73,2025-04-02 22:05:00,702,25,9,UPI,Success,0,
273,273,5,798287.95,2024-02-09 04:02:00,273,22,10,UPI,Success,0,
887,887,7,44939.39,2024-05-25 01:45:00,887,6,3,RTGS,Success,0,
601,601,6,546596.91,2024-06-12 12:34:00,601,9,7,IMPS,Success,0,
338,338,7,501713.66,2024-02-05 10:15:00,338,23,2,POS,Success,0,
445,445,8,752011.07,2024-08-24 19:33:00,445,5,3,NEFT,Success,0,
662,662,4,167055.85,2024-12-19 02:56:00,662,5,1,NETBANKING,Success,0,
846,846,3,207901.92,2024-10-31 18:30:00,846,26,4,NETBANKING,Success,0,
528,528,9,197609.3,2024-01-23 04:13:00,528,30,3,NETBANKING,Success,0,
979,979,4,637624.19,2024-06-05 19:44:00,979,25,1,RTGS,Success,0,
215,215,3,693598.36,2024-07-13 02:06:00,215,18,3,POS,Success,0,
260,260,4,691788.02,2024-03-20 11:30:00,260,15,7,RTGS,Success,0,
189,189,4,649091.88,2025-04-22 13:22:00,189,12,8,RTGS,Success,0,
387,387,6,345898.12,2024-07-26 16:27:00,387,25,1,NEFT,Success,1,Night Transaction
363,363,8,750436.23,2024-03-24 21:51:00,363,26,10,RTGS,Success,0,
857,857,1,620680.82,2025-02-04 08:34:00,857,29,7,NEFT,Success,0,
155,155,6,254663.73,2024-07-06 12:30:00,155,14,10,ATM,Success,1,New Device
696,696,9,243666.0,2024-01-09 09:52:00,696,7,7,POS,Success,0,
847,847,10,101283.62,2024-03-12 21:59:00,847,26,7,UPI,Success,1,Multiple Transactions
376,376,10,626899.92,2024-02-24 13:48:00,376,8,1,POS,Success,0,
525,525,6,551242.71,2024-03-16 03:26:00,525,3,3,RTGS,Success,0,
736,736,1,168389.74,2025-02-15 17:04:00,736,22,8,RTGS,Success,0,
591,591,6,112728.86,2024-08-02 03:32:00,591,16,1,IMPS,Success,0,
793,793,5,173097.93,2025-04-19 23:37:00,793,16,10,UPI,Success,1,Night Transaction
144,144,8,454037.25,2024-11-12 20:17:00,144,30,6,NEFT,Success,1,Multiple Transactions
759,759,10,344289.54,2024-07-01 05:28:00,759,10,10,IMPS,Success,0,
361,361,2,408869.83,2024-06-23 22:45:00,361,2,3,POS,Success,0,
569,569,3,393920.35,2024-11-16 20:53:00,569,8,1,IMPS,Failed,0,
422,422,1,468854.57,2024-07-03 12:24:00,422,17,8,NEFT,Success,0,
325,325,7,418809.1,2024-09-01 10:02:00,325,26,5,IMPS,Success,0,
422,422,8,636263.89,2024-07-22 13:49:00,422,18,10,NETBANKING,Success,0,
130,130,1,103845.5,2024-04-14 06:20:00,130,28,2,RTGS,Success,0,
421,421,2,676005.27,2024-07-07 02:55:00,421,1,9,NEFT,Success,0,
289,289,3,405634.83,2025-03-05 09:22:00,289,19,6,ATM,Success,0,
327,327,6,272748.69,2025-03-11 12:44:00,327,20,3,NETBANKING,Success,0,
899,899,4,789643.84,2024-08-16 14:29:00,899,8,3,NETBANKING,Success,0,
296,296,1,201226.41,2025-01-06 09:44:00,296,19,4,NEFT,Success,0,
343,343,5,486056.35,2025-01-08 06:37:00,343,2,9,NEFT,Success,0,
917,917,6,181467.86,2025-02-19 08:29:00,917,19,3,IMPS,Success,0,
469,469,6,250719.39,2024-06-30 02:01:00,469,25,6,UPI,Success,1,Foreign Location
56,56,2,461749.23,2025-03-17 23:33:00,56,20,3,NETBANKING,Success,0,
859,859,10,17333.65,2024-08-12 10:27:00,859,7,8,RTGS,Success,0,
611,611,5,205480.42,2025-04-21 05:19:00,611,14,3,IMPS,Success,0,
718,718,1,72970.89,2024-11-03 01:59:00,718,24,2,ATM,Success,0,
229,229,5,662293.95,2024-06-30 20:09:00,229,26,10,IMPS,Success,0,
397,397,1,429674.52,2024-10-22 15:29:00,397,24,10,POS,Success,0,
902,902,1,192632.53,2024-02-08 01:34:00,902,29,4,RTGS,Success,0,
979,979,3,201578.42,2024-07-25 13:02:00,979,13,4,NETBANKING,Success,0,
926,926,6,48336.21,2024-05-24 14:00:00,926,12,2,RTGS,Success,0,
772,772,10,504234.15,2025-04-28 00:51:00,772,14,8,UPI,Success,0,
810,810,9,370040.01,2024-08-17 05:22:00,810,9,3,POS,Success,0,
692,692,2,200191.7,2024-02-26 14:02:00,692,28,2,IMPS,Success,0,
828,828,8,226044.1,2024-05-11 03:02:00,828,15,3,IMPS,Pending,0,
155,155,7,321524.4,2024-07-22 09:22:00,155,29,10,NETBANKING,Success,0,
291,291,4,56076.5,2024-09-22 11:31:00,291,29,2,RTGS,Success,0,
74,74,10,430462.2,2024-07-02 15:10:00,74,21,6,UPI,Success,0,
146,146,6,289583.35,2024-06-07 22:26:00,146,8,2,UPI,Success,0,
164,164,8,788131.83,2024-11-22 01:40:00,164,1,1,UPI,Success,0,
247,247,4,48134.63,2025-02-04 12:12:00,247,21,7,UPI,Success,0,
359,359,1,688499.8,2025-03-09 20:52:00,359,11,6,RTGS,Success,0,
700,700,10,444313.64,2024-06-12 08:59:00,700,14,1,UPI,Success,0,
610,610,7,527102.85,2025-01-25 10:14:00,610,28,7,ATM,Success,0,
197,197,4,478241.13,2024-12-29 23:04:00,197,21,8,NETBANKING,Success,0,
699,699,6,471847.8,2024-06-11 21:38:00,699,9,5,RTGS,Success,1,New Device
27,27,9,514651.02,2024-06-16 18:29:00,27,12,5,UPI,Success,0,
587,587,10,779623.46,2024-09-18 09:58:00,587,21,1,NETBANKING,Success,0,
284,284,10,117711.43,2024-12-14 12:04:00,284,30,9,NETBANKING,Success,0,
226,226,7,442364.25,2024-07-28 21:39:00,226,12,8,ATM,Success,0,
799,799,9,730361.53,2024-10-08 02:30:00,799,7,5,IMPS,Success,1,Foreign Location
422,422,10,108578.04,2024-03-18 06:49:00,422,26,5,UPI,Success,0,
771,771,6,24338.42,2024-11-25 07:39:00,771,6,1,UPI,Failed,0,
645,645,8,75050.99,2024-07-19 14:45:00,645,20,2,RTGS,Success,0,
654,654,5,97933.84,2024-11-05 13:48:00,654,22,9,UPI,Failed,0,
902,902,8,606415.08,2024-02-03 22:57:00,902,7,5,ATM,Success,0,
519,519,6,574992.64,2024-08-13 13:12:00,519,5,9,RTGS,Success,0,
499,499,5,684519.21,2024-05-11 23:44:00,499,26,7,RTGS,Success,0,
379,379,2,337154.42,2024-11-18 17:18:00,379,12,3,POS,Success,0,
884,884,2,406442.45,2024-10-20 15:45:00,884,14,10,POS,Success,0,
542,542,9,190600.88,2024-12-12 15:44:00,542,22,8,ATM,Pending,0,
743,743,10,156317.22,2024-01-19 11:08:00,743,27,10,RTGS,Success,0,
94,94,2,417146.52,2024-01-01 17:50:00,94,1,9,NETBANKING,Success,0,
459,459,8,509777.48,2024-05-19 15:51:00,459,17,1,POS,Success,0,
200,200,5,560752.95,2025-04-17 05:38:00,200,22,10,ATM,Success,0,
594,594,4,151509.19,2025-01-05 14:35:00,594,15,6,POS,Failed,0,
637,637,2,565359.33,2025-04-23 12:33:00,637,18,3,IMPS,Pending,0,
618,618,4,693959.67,2025-02-08 15:25:00,618,26,2,IMPS,Success,0,
740,740,7,732974.68,2024-09-10 05:22:00,740,7,3,NETBANKING,Success,0,
855,855,2,238881.63,2024-11-25 05:52:00,855,8,7,POS,Failed,0,
378,378,9,183742.87,2024-07-16 17:11:00,378,11,3,NEFT,Success,0,
305,305,8,27929.77,2024-12-18 12:15:00,305,10,4,NETBANKING,Success,0,
190,190,1,305552.99,2024-08-08 15:36:00,190,28,5,RTGS,Success,0,
766,766,9,520352.52,2024-07-04 04:34:00,766,9,8,ATM,Success,0,
686,686,8,564659.17,2024-09-14 20:05:00,686,18,10,ATM,Success,1,High Amount Transaction
845,845,5,533637.63,2024-11-10 18:01:00,845,28,2,NETBANKING,Success,0,
757,757,1,430881.79,2024-08-02 23:00:00,757,1,9,NETBANKING,Success,1,New Device
604,604,7,528798.64,2024-10-14 02:10:00,604,20,8,IMPS,Success,0,
945,945,4,436595.03,2024-01-16 16:48:00,945,10,10,UPI,Success,0,
560,560,4,699997.76,2024-09-18 03:49:00,560,30,7,UPI,Success,0,
159,159,7,82575.7,2024-12-04 10:13:00,159,24,7,NEFT,Success,0,
810,810,1,714143.22,2024-04-13 23:51:00,810,27,4,UPI,Success,0,
41,41,6,285685.75,2024-02-24 11:57:00,41,1,6,ATM,Success,0,
575,575,9,552833.87,2024-09-04 03:52:00,575,10,6,RTGS,Failed,0,
78,78,9,490741.99,2025-02-22 20:55:00,78,10,8,POS,Success,0,
177,177,9,235679.43,2024-03-10 13:02:00,177,7,9,NEFT,Success,0,
556,556,7,208614.12,2024-02-29 19:04:00,556,26,8,POS,Success,0,
191,191,6,511382.09,2024-10-18 12:10:00,191,28,7,UPI,Success,0,
413,413,4,7740.95,2024-12-17 18:08:00,413,7,2,IMPS,Success,0,
941,941,2,54600.62,2024-08-18 07:29:00,941,29,6,POS,Success,0,
333,333,4,755802.68,2025-04-02 05:29:00,333,8,5,ATM,Success,0,
942,942,9,335768.84,2024-08-12 17:05:00,942,22,8,IMPS,Success,0,
689,689,1,652077.97,2024-02-25 16:29:00,689,6,8,IMPS,Success,0,
21,21,7,523647.28,2024-07-08 18:09:00,21,29,8,UPI,Success,0,
303,303,9,120236.77,2024-07-06 01:44:00,303,4,6,POS,Success,0,
46,46,10,729339.96,2024-03-11 13:55:00,46,29,10,NEFT,Success,0,
973,973,2,634344.16,2024-04-08 11:04:00,973,23,3,NEFT,Success,0,
856,856,2,360815.95,2024-01-14 19:57:00,856,2,3,ATM,Success,0,
911,911,5,409416.6,2024-12-30 15:42:00,911,14,4,IMPS,Success,0,
965,965,4,246354.98,2025-01-14 02:24:00,965,29,3,NETBANKING,Success,0,
570,570,4,226925.87,2024-03-30 03:05:00,570,15,1,UPI,Success,1,Multiple Transactions
159,159,9,106867.13,2024-11-11 02:26:00,159,1,9,NETBANKING,Success,0,
659,659,2,122640.97,2024-09-29 07:57:00,659,8,10,NETBANKING,Success,0,
705,705,10,257268.81,2025-03-04 09:04:00,705,4,7,RTGS,Success,0,
17,17,4,730688.49,2024-08-19 22:50:00,17,5,3,IMPS,Success,0,
520,520,5,498915.76,2025-04-06 06:28:00,520,25,9,ATM,Success,0,
492,492,8,104731.55,2024-06-19 07:14:00,492,5,4,POS,Success,0,
674,674,10,493031.28,2024-04-12 03:16:00,674,12,1,NETBANKING,Success,0,
848,848,5,694173.08,2024-01-31 00:14:00,848,6,4,UPI,Success,0,
901,901,9,16583.3,2025-02-24 18:16:00,901,12,5,RTGS,Success,0,
997,997,3,758541.86,2025-04-02 15:38:00,997,16,4,UPI,Success,0,
620,620,8,119080.71,2025-04-07 17:46:00,620,19,3,POS,Success,0,
188,188,2,278852.31,2024-04-22 08:25:00,188,16,2,NEFT,Success,0,
719,719,5,40082.96,2024-06-02 20:04:00,719,25,10,IMPS,Success,0,
787,787,2,205570.16,2024-11-15 06:40:00,787,1,8,UPI,Success,0,
548,548,8,386066.92,2024-02-01 05:56:00,548,14,10,NEFT,Failed,0,
327,327,3,31398.33,2024-05-19 09:17:00,327,8,4,POS,Success,0,
552,552,1,345802.48,2025-03-04 12:59:00,552,4,6,POS,Success,0,
648,648,7,657736.85,2024-09-20 14:07:00,648,28,2,POS,Success,0,
643,643,9,668925.27,2024-11-15 22:51:00,643,2,2,NEFT,Success,0,
905,905,7,466631.87,2024-05-22 13:20:00,905,17,8,NEFT,Success,0,
296,296,6,675413.74,2024-07-11 13:04:00,296,12,3,RTGS,Success,0,
183,183,7,93673.9,2024-10-27 23:28:00,183,20,4,RTGS,Success,0,
721,721,7,32275.37,2024-11-01 00:22:00,721,5,2,RTGS,Success,0,
817,817,10,586068.69,2025-01-18 03:53:00,817,5,9,ATM,Success,1,Night Transaction
119,119,4,80889.44,2024-02-10 11:15:00,119,30,8,NEFT,Success,0,
688,688,8,401.48,2024-02-14 21:55:00,688,25,2,POS,Success,0,
797,797,6,558640.99,2024-11-19 15:38:00,797,9,6,UPI,Success,0,
774,774,2,368078.76,2025-02-28 16:02:00,774,11,4,NETBANKING,Failed,0,
295,295,3,429715.17,2024-06-19 13:57:00,295,20,2,RTGS,Success,0,
17,17,6,725600.31,2024-03-27 04:53:00,17,15,8,POS,Success,0,
742,742,6,585878.89,2024-06-13 07:22:00,742,11,7,NETBANKING,Success,0,
945,945,8,282527.71,2024-11-08 05:48:00,945,14,5,POS,Success,0,
834,834,5,581628.09,2024-09-09 21:51:00,834,8,3,UPI,Success,0,
355,355,5,178815.32,2024-06-06 14:44:00,355,5,10,RTGS,Success,0,
711,711,4,628256.92,2025-04-03 11:19:00,711,6,1,UPI,Success,0,
434,434,3,268536.46,2024-06-17 03:01:00,434,9,10,POS,Success,0,
194,194,9,353397.72,2024-12-25 04:04:00,194,27,2,NEFT,Success,0,
194,194,4,243911.89,2024-04-29 14:53:00,194,4,4,POS,Success,0,
979,979,3,604183.6,2024-11-03 06:46:00,979,26,8,RTGS,Success,0,
385,385,1,596731.26,2024-12-08 22:53:00,385,8,1,NETBANKING,Success,0,
781,781,2,565850.77,2024-05-09 05:19:00,781,26,3,NETBANKING,Success,0,
407,407,7,170294.97,2024-08-07 07:32:00,407,24,7,UPI,Success,0,
120,120,9,429684.59,2024-11-27 05:55:00,120,8,7,POS,Success,0,
57,57,6,553946.67,2025-04-19 19:58:00,57,29,6,NETBANKING,Failed,0,
600,600,2,30169.94,2024-10-16 12:02:00,600,2,3,ATM,Success,0,
58,58,7,225037.68,2024-10-15 07:17:00,58,30,4,IMPS,Success,0,
737,737,8,783334.31,2024-01-22 01:53:00,737,16,2,RTGS,Success,0,
313,313,4,162265.69,2024-06-07 17:13:00,313,30,6,IMPS,Success,0,
733,733,8,375453.3,2024-07-18 12:26:00,733,5,8,UPI,Success,0,
49,49,1,604345.15,2024-08-27 00:22:00,49,12,5,NETBANKING,Success,0,
816,816,4,448312.7,2025-04-02 17:31:00,816,16,5,NETBANKING,Failed,0,
537,537,6,53458.34,2024-08-11 08:23:00,537,23,1,POS,Success,0,
253,253,5,529899.34,2024-12-10 15:15:00,253,2,9,POS,Success,0,
787,787,4,316577.57,2024-04-19 09:15:00,787,1,7,NEFT,Success,0,
132,132,1,758291.87,2024-03-28 01:54:00,132,18,4,RTGS,Success,0,
919,919,2,276427.7,2024-01-31 23:42:00,919,15,2,ATM,Success,0,
520,520,6,511342.3,2024-05-25 00:26:00,520,20,2,NETBANKING,Success,0,
697,697,7,745152.21,2024-05-12 22:06:00,697,13,10,UPI,Success,1,New Device
195,195,8,602504.01,2024-05-16 21:58:00,195,28,3,POS,Failed,0,
93,93,3,522496.79,2025-01-10 03:33:00,93,27,4,UPI,Success,0,
645,645,9,767463.31,2025-01-22 10:22:00,645,1,5,NEFT,Success,0,
829,829,6,184023.98,2024-10-12 10:17:00,829,30,4,POS,Success,0,
72,72,1,585447.59,2024-04-21 01:52:00,72,29,3,UPI,Success,0,
102,102,2,676847.85,2024-07-30 14:43:00,102,17,1,NEFT,Failed,0,
103,103,1,713498.08,2024-12-19 16:31:00,103,5,8,ATM,Success,0,
372,372,1,772160.31,2025-02-22 13:00:00,372,2,2,IMPS,Success,0,
33,33,1,28659.92,2024-09-24 19:19:00,33,9,9,NETBANKING,Success,0,
704,704,1,219004.9,2024-06-28 05:40:00,704,25,5,RTGS,Success,0,
678,678,7,580746.24,2024-03-11 13:16:00,678,9,1,IMPS,Success,0,
235,235,6,484324.93,2024-09-22 15:31:00,235,22,1,UPI,Success,0,
174,174,1,536843.41,2024-03-29 12:11:00,174,30,10,ATM,Success,0,
57,57,6,90374.98,2024-04-20 01:31:00,57,4,3,ATM,Success,0,
429,429,3,106120.86,2024-06-21 01:30:00,429,12,2,UPI,Success,0,
224,224,7,289906.6,2024-07-16 07:04:00,224,15,9,POS,Success,0,
531,531,6,101922.73,2024-04-23 05:39:00,531,17,4,POS,Success,0,
460,460,9,68305.59,2024-05-21 06:47:00,460,19,5,ATM,Success,0,
383,383,10,426267.83,2024-03-17 03:26:00,383,15,9,ATM,Success,0,
247,247,2,680195.81,2025-03-27 05:17:00,247,17,1,NEFT,Success,0,
437,437,8,732831.94,2025-02-15 02:31:00,437,12,5,RTGS,Success,0,
278,278,5,115415.16,2024-07-25 00:48:00,278,28,1,ATM,Success,0,
352,352,6,776550.08,2025-03-03 14:00:00,352,7,3,ATM,Success,0,
643,643,1,247920.27,2024-10-01 13:47:00,643,1,3,IMPS,Success,0,
786,786,8,597607.67,2024-11-05 20:56:00,786,12,2,IMPS,Success,0,
912,912,5,603003.95,2024-05-03 04:33:00,912,12,2,RTGS,Success,0,
925,925,1,117010.43,2025-04-17 12:29:00,925,22,1,UPI,Success,0,
623,623,5,463660.21,2024-07-18 23:04:00,623,8,7,NETBANKING,Success,0,
96,96,6,228851.77,2025-02-05 16:38:00,96,26,2,NEFT,Success,0,
820,820,9,510249.54,2024-01-25 08:13:00,820,20,5,ATM,Success,0,
622,622,5,413563.17,2024-01-31 14:16:00,622,21,7,NEFT,Success,0,
61,61,4,23188.32,2024-08-16 07:55:00,61,17,1,ATM,Success,0,
870,870,3,310589.03,2024-01-10 02:15:00,870,18,6,RTGS,Success,0,
147,147,10,81241.51,2025-02-25 07:11:00,147,25,10,POS,Success,0,
333,333,10,729364.19,2025-03-10 06:39:00,333,28,3,IMPS,Success,0,
929,929,7,603745.21,2024-04-03 00:08:00,929,8,1,IMPS,Success,0,
966,966,10,669121.13,2024-11-02 08:25:00,966,26,1,ATM,Success,0,
44,44,1,375180.46,2025-02-09 06:56:00,44,25,7,ATM,Failed,0,
455,455,4,108774.08,2024-10-15 05:12:00,455,11,1,ATM,Success,0,
717,717,8,630136.86,2024-11-12 07:42:00,717,18,1,NETBANKING,Success,0,
749,749,9,286585.66,2024-11-21 21:54:00,749,30,7,NETBANKING,Success,0,
22,22,2,146856.98,2024-12-01 08:47:00,22,19,6,UPI,Success,0,
910,910,1,332657.85,2024-04-17 14:50:00,910,14,8,UPI,Success,0,
367,367,8,464504.04,2024-07-17 15:26:00,367,24,2,UPI,Success,1,Multiple Transactions
43,43,4,960.02,2024-01-11 07:46:00,43,13,8,ATM,Success,0,
295,295,9,8236.57,2024-04-01 02:05:00,295,26,2,UPI,Success,0,
274,274,5,307271.68,2024-11-16 20:45:00,274,16,5,ATM,Success,0,
867,867,1,754794.67,2024-10-02 14:20:00,867,17,7,UPI,Success,0,
805,805,9,685462.18,2025-04-08 18:16:00,805,3,3,UPI,Success,1,Foreign Location
367,367,10,265783.12,2025-03-23 17:42:00,367,10,2,RTGS,Success,0,
717,717,1,198485.73,2024-04-27 08:04:00,717,5,10,RTGS,Success,0,
626,626,1,706542.13,2025-04-06 17:51:00,626,23,8,ATM,Success,0,
113,113,7,335929.03,2025-02-06 02:53:00,113,21,4,IMPS,Success,0,
842,842,9,547456.08,2024-02-27 09:47:00,842,14,2,UPI,Success,0,
298,298,10,632347.63,2024-05-10 15:13:00,298,7,7,NEFT,Success,0,
604,604,3,647781.59,2024-02-20 09:54:00,604,4,5,NEFT,Success,0,
922,922,2,157180.46,2024-06-06 18:47:00,922,11,5,RTGS,Success,0,
835,835,3,18635.28,2025-01-05 08:25:00,835,14,1,RTGS,Failed,0,
437,437,10,47036.07,2024-11-26 20:01:00,437,18,10,IMPS,Success,0,
684,684,10,781487.7,2024-11-30 20:26:00,684,17,9,UPI,Success,0,
724,724,10,100365.67,2024-12-22 19:15:00,724,26,3,UPI,Success,0,
94,94,5,223043.76,2025-03-15 15:54:00,94,17,9,POS,Success,0,
420,420,6,422339.6,2025-01-22 19:06:00,420,15,10,ATM,Success,0,
957,957,9,527890.12,2024-06-01 01:36:00,957,17,4,ATM,Success,0,
805,805,2,359945.22,2024-11-30 02:43:00,805,2,3,ATM,Success,0,
100,100,5,138171.58,2024-11-01 13:13:00,100,4,6,ATM,Success,0,
347,347,2,121118.27,2024-03-03 18:49:00,347,8,9,NETBANKING,Success,0,
120,120,1,368316.58,2024-03-09 06:05:00,120,15,3,UPI,Success,0,
396,396,8,770109.92,2024-12-07 01:37:00,396,4,10,ATM,Success,0,
891,891,3,724971.49,2024-08-01 19:02:00,891,4,2,POS,Success,0,
715,715,9,446430.62,2025-04-01 08:34:00,715,25,6,NEFT,Failed,0,
64,64,8,746613.89,2025-01-16 08:35:00,64,1,5,NETBANKING,Success,0,
228,228,4,415724.64,2025-03-21 08:02:00,228,11,2,POS,Success,0,
958,958,5,796313.69,2024-02-10 10:01:00,958,23,4,NETBANKING,Success,0,
73,73,5,312415.39,2025-02-23 03:12:00,73,26,5,ATM,Success,0,
640,640,2,394397.9,2024-01-20 02:40:00,640,11,2,IMPS,Success,0,
777,777,8,763271.73,2024-08-26 17:25:00,777,28,9,UPI,Success,0,
645,645,2,461344.12,2024-12-04 13:14:00,645,7,10,POS,Success,0,
546,546,9,41012.34,2024-11-01 05:25:00,546,7,7,UPI,Success,0,
873,873,5,219136.81,2024-06-13 02:03:00,873,5,9,RTGS,Failed,0,
690,690,5,129876.64,2024-02-22 17:35:00,690,12,7,ATM,Success,0,
284,284,6,16677.01,2024-12-17 06:19:00,284,19,7,IMPS,Success,0,
503,503,2,768246.92,2024-04-02 15:06:00,503,27,4,NETBANKING,Success,0,
826,826,4,316233.39,2024-05-25 07:35:00,826,17,7,NEFT,Success,0,
182,182,10,69725.3,2025-03-12 22:47:00,182,7,2,UPI,Success,1,New Device
424,424,1,562228.71,2024-08-09 10:43:00,424,24,2,UPI,Success,1,New Device
737,737,8,278984.9,2024-02-22 13:54:00,737,20,4,NEFT,Success,1,Night Transaction
370,370,2,325995.96,2025-04-20 04:00:00,370,13,1,ATM,Success,0,
594,594,7,739529.35,2024-03-07 00:35:00,594,11,8,UPI,Success,1,New Device
724,724,2,655258.78,2024-02-01 04:59:00,724,25,1,RTGS,Success,0,
519,519,6,50999.8,2024-01-06 09:34:00,519,12,2,NEFT,Success,0,
547,547,3,381136.4,2024-08-02 15:16:00,547,13,4,ATM,Success,0,
594,594,2,561404.56,2024-10-09 08:50:00,594,2,5,UPI,Success,0,
30,30,9,346092.34,2024-02-28 10:46:00,30,20,5,RTGS,Success,0,
460,460,8,220729.71,2025-02-23 17:40:00,460,11,10,ATM,Success,0,
480,480,9,106732.48,2024-12-22 16:16:00,480,3,8,IMPS,Success,0,
755,755,6,437892.84,2024-05-07 10:29:00,755,10,5,NETBANKING,Success,0,
742,742,6,364498.91,2024-01-06 23:14:00,742,14,1,NETBANKING,Success,0,
645,645,8,561642.61,2025-01-26 18:26:00,645,15,3,UPI,Success,0,
463,463,1,453703.09,2024-12-29 08:52:00,463,11,3,POS,Success,1,New Device
691,691,3,648394.4,2024-04-02 15:13:00,691,19,1,IMPS,Success,0,
853,853,3,327850.0,2024-01-16 19:53:00,853,9,8,POS,Success,0,
282,282,7,213511.85,2024-11-08 02:11:00,282,13,4,NETBANKING,Pending,0,
82,82,8,349680.51,2024-08-11 06:15:00,82,16,8,POS,Success,0,
477,477,1,204106.14,2024-10-06 02:28:00,477,7,1,RTGS,Success,0,
665,665,10,37767.98,2024-10-25 09:43:00,665,17,8,IMPS,Success,0,
466,466,5,389398.24,2024-05-30 03:28:00,466,1,3,IMPS,Failed,0,
131,131,6,669679.02,2025-01-23 17:08:00,131,18,9,NETBANKING,Success,0,
852,852,10,740260.34,2025-04-08 15:35:00,852,24,9,RTGS,Success,0,
562,562,3,203103.04,2025-04-14 15:06:00,562,27,2,NEFT,Pending,0,
61,61,10,556385.43,2024-05-05 04:21:00,61,9,6,ATM,Success,0,
321,321,3,176995.73,2024-06-30 02:03:00,321,5,5,POS,Success,0,
946,946,9,308926.85,2024-03-16 00:55:00,946,13,1,RTGS,Success,0,
932,932,1,581829.85,2024-05-07 10:43:00,932,30,7,POS,Success,0,
968,968,6,76918.29,2024-09-10 07:02:00,968,14,6,UPI,Success,0,
459,459,8,168428.58,2024-12-29 14:38:00,459,19,6,NETBANKING,Success,0,
551,551,9,165746.11,2024-01-07 22:39:00,551,7,2,RTGS,Success,0,
927,927,8,390876.96,2024-08-10 05:31:00,927,14,5,UPI,Success,0,
895,895,5,316904.63,2025-04-19 19:20:00,895,24,2,RTGS,Success,0,
969,969,2,770062.44,2024-11-23 02:54:00,969,30,5,RTGS,Success,0,
484,484,3,369682.72,2024-08-19 10:21:00,484,14,10,NEFT,Success,0,
87,87,2,371448.94,2024-06-11 23:46:00,87,15,6,UPI,Success,0,
492,492,8,765208.73,2024-05-01 12:47:00,492,13,2,POS,Success,0,
174,174,6,71590.03,2024-08-22 11:29:00,174,10,8,IMPS,Success,0,
650,650,2,529015.61,2024-12-02 23:30:00,650,22,5,POS,Success,0,
401,401,5,302541.79,2024-05-31 22:08:00,401,24,10,NEFT,Failed,0,
116,116,6,324922.91,2024-01-02 14:13:00,116,2,9,IMPS,Success,0,
953,953,2,145442.14,2024-10-20 18:41:00,953,18,7,IMPS,Success,0,
151,151,8,460366.58,2024-01-03 04:01:00,151,28,10,ATM,Success,0,
97,97,6,592662.51,2024-10-27 21:50:00,97,10,1,UPI,Success,1,High Amount Transaction
766,766,2,439462.7,2025-02-11 19:16:00,766,23,9,RTGS,Failed,0,
836,836,1,519727.72,2024-09-08 08:25:00,836,12,2,IMPS,Success,0,
59,59,10,222821.92,2024-01-06 04:46:00,59,19,2,POS,Success,0,
400,400,7,625616.09,2024-07-28 10:11:00,400,16,6,UPI,Success,0,
475,475,2,638204.65,2025-01-09 00:38:00,475,20,6,NEFT,Success,0,
724,724,1,747867.99,2024-03-07 20:58:00,724,22,5,RTGS,Success,0,
82,82,2,353714.81,2024-03-29 01:46:00,82,30,3,NETBANKING,Success,0,
354,354,6,56444.44,2025-04-23 15:24:00,354,15,2,POS,Success,0,
425,425,1,411093.78,2024-05-04 06:03:00,425,7,5,ATM,Success,0,
449,449,6,289356.81,2024-10-22 23:59:00,449,14,1,RTGS,Success,0,
412,412,4,799392.15,2024-05-04 21:03:00,412,8,4,NEFT,Success,0,
318,318,9,236.14,2024-05-24 06:35:00,318,8,6,NEFT,Success,0,
234,234,3,600856.9,2024-04-12 20:49:00,234,30,1,POS,Success,0,
227,227,7,21325.28,2024-07-19 01:02:00,227,13,3,NEFT,Success,1,New Device
526,526,8,239283.0,2024-06-09 15:56:00,526,30,1,ATM,Success,0,
843,843,8,594742.7,2024-11-12 16:35:00,843,29,1,UPI,Success,0,
767,767,1,262585.92,2024-04-23 01:56:00,767,20,6,UPI,Success,0,
902,902,7,775382.22,2024-07-05 04:08:00,902,5,7,IMPS,Success,0,
200,200,6,769876.2,2024-02-27 21:49:00,200,13,4,NEFT,Success,0,
547,547,3,25139.66,2025-04-16 08:44:00,547,29,2,POS,Success,0,
70,70,1,591337.36,2024-11-10 08:57:00,70,2,6,UPI,Success,0,
437,437,3,296468.3,2025-01-25 20:48:00,437,12,10,NEFT,Success,0,
586,586,10,567253.01,2024-10-11 08:42:00,586,18,2,ATM,Success,0,
695,695,8,714053.86,2024-01-17 00:44:00,695,19,3,NETBANKING,Success,0,
962,962,9,756042.11,2024-12-25 20:28:00,962,16,5,NEFT,Success,0,
434,434,2,787851.08,2024-04-04 01:31:00,434,25,4,NETBANKING,Success,0,
637,637,6,387367.7,2024-06-15 11:50:00,637,17,9,ATM,Success,0,
439,439,6,784915.51,2024-11-16 19:05:00,439,24,1,POS,Success,0,
608,608,9,458454.67,2024-09-06 09:23:00,608,6,2,IMPS,Success,0,
879,879,5,313485.91,2025-01-17 12:50:00,879,23,7,NETBANKING,Success,0,
705,705,4,563652.91,2024-04-17 20:03:00,705,28,4,UPI,Success,0,
144,144,7,471922.29,2025-03-24 07:56:00,144,25,5,NEFT,Success,0,
854,854,6,46374.45,2024-06-27 11:00:00,854,19,4,POS,Success,0,
57,57,4,632842.61,2024-10-12 14:00:00,57,22,10,ATM,Success,0,
90,90,10,773330.47,2024-08-30 01:05:00,90,5,8,NEFT,Success,0,
596,596,7,268730.14,2024-03-11 04:09:00,596,9,6,RTGS,Success,0,
893,893,9,79712.33,2024-01-27 06:27:00,893,24,3,POS,Success,0,
606,606,10,702778.01,2024-08-03 04:39:00,606,23,5,NETBANKING,Success,0,
992,992,9,689926.59,2025-02-20 09:58:00,992,3,9,UPI,Success,0,
139,139,10,584486.76,2025-02-06 06:05:00,139,12,3,RTGS,Success,0,
944,944,9,409638.58,2024-03-09 23:44:00,944,24,6,POS,Success,0,
814,814,8,551570.12,2024-08-06 03:31:00,814,26,2,NETBANKING,Success,0,
76,76,4,774311.25,2024-07-20 03:26:00,76,30,1,RTGS,Pending,0,
481,481,4,93378.93,2024-04-23 04:52:00,481,20,1,IMPS,Success,0,
303,303,7,116553.01,2025-02-19 09:20:00,303,4,10,UPI,Success,1,Foreign Location
611,611,5,75171.12,2024-11-21 11:06:00,611,21,5,NEFT,Pending,0,
77,77,8,672373.28,2024-09-13 12:30:00,77,1,10,RTGS,Success,0,
313,313,4,324330.37,2024-10-16 01:02:00,313,13,5,ATM,Success,0,
779,779,2,725992.51,2025-03-30 22:58:00,779,14,4,NEFT,Success,0,
351,351,7,527090.12,2024-02-07 21:41:00,351,6,4,NETBANKING,Success,0,
701,701,10,620745.65,2024-05-16 05:11:00,701,23,2,NETBANKING,Success,0,
868,868,6,224038.6,2024-03-30 15:53:00,868,14,8,NETBANKING,Success,0,
188,188,5,688483.14,2024-07-30 06:54:00,188,20,1,POS,Success,0,
150,150,7,722114.33,2024-08-07 08:04:00,150,22,4,NETBANKING,Success,0,
953,953,3,566221.09,2024-02-14 22:05:00,953,9,1,POS,Success,0,
766,766,3,577161.39,2024-02-14 08:41:00,766,2,3,POS,Success,0,
798,798,8,606242.24,2024-08-25 23:33:00,798,13,5,ATM,Success,0,
474,474,1,623420.31,2024-07-04 16:20:00,474,25,4,IMPS,Success,0,
396,396,5,88158.0,2024-01-03 17:16:00,396,29,8,NETBANKING,Success,0,
792,792,4,276480.08,2024-11-22 11:54:00,792,25,9,UPI,Success,0,
913,913,6,6290.43,2024-09-22 19:22:00,913,11,5,NEFT,Success,0,
402,402,2,791921.12,2024-01-26 15:53:00,402,24,8,NETBANKING,Failed,0,
872,872,3,564293.22,2024-10-18 13:32:00,872,27,10,ATM,Success,0,
646,646,6,559543.0,2024-04-05 02:00:00,646,1,10,UPI,Success,1,Night Transaction
485,485,8,492659.33,2024-01-01 12:09:00,485,29,10,ATM,Success,0,
588,588,8,150064.54,2025-02-28 06:08:00,588,15,9,UPI,Success,0,
374,374,10,783436.34,2024-06-15 17:37:00,374,21,8,NEFT,Success,0,
677,677,2,396472.94,2024-03-19 06:02:00,677,9,9,RTGS,Success,0,
333,333,10,464414.04,2024-02-08 12:21:00,333,28,2,RTGS,Success,0,
695,695,2,485651.85,2024-02-04 23:32:00,695,19,2,NETBANKING,Success,0,
175,175,10,780263.56,2025-02-05 17:48:00,175,11,9,NEFT,Success,0,
33,33,2,410207.63,2024-07-02 00:22:00,33,5,7,POS,Success,0,
69,69,5,639115.05,2024-07-13 06:00:00,69,21,3,NEFT,Success,0,
131,131,3,585974.43,2024-05-27 21:56:00,131,14,6,RTGS,Success,0,
894,894,10,514852.41,2024-12-15 12:17:00,894,7,3,NEFT,Success,0,
597,597,7,797428.84,2024-11-27 15:53:00,597,15,5,POS,Success,0,
154,154,10,654588.32,2024-03-13 06:16:00,154,13,1,NEFT,Success,0,
704,704,10,792299.62,2024-03-20 00:48:00,704,19,3,UPI,Success,0,
450,450,1,688888.26,2024-12-13 12:44:00,450,3,1,NEFT,Success,0,
939,939,6,467337.02,2024-11-02 13:27:00,939,30,3,ATM,Success,0,
928,928,3,588998.28,2024-05-30 19:19:00,928,1,6,IMPS,Success,0,
819,819,9,441074.75,2024-04-16 16:58:00,819,4,7,NETBANKING,Success,0,
701,701,1,384725.82,2025-03-08 03:23:00,701,9,3,IMPS,Success,0,
59,59,7,396433.61,2024-02-17 08:30:00,59,25,10,IMPS,Success,0,
834,834,6,639841.41,2024-12-17 11:24:00,834,4,3,NEFT,Success,0,
54,54,3,780327.93,2024-04-24 17:11:00,54,22,8,RTGS,Success,0,
722,722,3,499236.94,2024-12-27 23:21:00,722,16,4,UPI,Success,0,
279,279,2,695827.92,2024-08-04 11:24:00,279,9,2,IMPS,Success,0,
586,586,3,510927.39,2024-01-31 00:09:00,586,17,9,NEFT,Success,0,
2,2,8,316468.64,2024-12-18 04:56:00,2,18,2,ATM,Success,0,
57,57,3,123030.78,2025-02-12 09:27:00,57,21,6,RTGS,Success,0,
475,475,5,171758.91,2024-09-01 17:58:00,475,3,3,IMPS,Success,1,Foreign Location
105,105,2,536217.69,2024-12-08 11:36:00,105,3,3,IMPS,Success,0,
712,712,6,360670.66,2024-05-31 05:37:00,712,8,10,POS,Success,0,
600,600,3,342074.85,2025-02-01 01:12:00,600,29,1,UPI,Success,0,
740,740,9,243506.46,2024-06-01 17:54:00,740,7,9,POS,Success,0,
749,749,10,336562.7,2024-04-08 06:02:00,749,1,8,UPI,Success,0,
267,267,3,451992.61,2024-12-04 18:17:00,267,4,4,POS,Success,0,
659,659,6,531751.76,2025-03-15 23:38:00,659,3,1,ATM,Success,0,
691,691,10,495251.23,2024-07-25 14:37:00,691,9,7,NETBANKING,Success,0,
549,549,3,342865.66,2024-07-23 12:09:00,549,19,3,NEFT,Failed,0,
488,488,10,287820.85,2024-12-31 01:59:00,488,19,9,ATM,Success,0,
845,845,1,99405.1,2024-09-03 20:11:00,845,2,6,RTGS,Success,0,
34,34,1,154024.12,2025-02-01 22:04:00,34,5,5,NEFT,Success,0,
792,792,3,537220.74,2024-09-08 05:56:00,792,15,10,IMPS,Success,0,
240,240,8,4053.52,2024-08-01 15:25:00,240,26,8,NEFT,Success,0,
207,207,10,200580.88,2024-10-21 08:19:00,207,23,1,RTGS,Success,0,
319,319,1,747900.89,2025-03-19 06:21:00,319,25,10,RTGS,Pending,0,
523,523,8,107662.08,2024-08-18 16:47:00,523,4,10,UPI,Success,0,
81,81,3,675666.01,2024-04-02 21:21:00,81,23,7,RTGS,Success,0,
788,788,10,254946.27,2025-04-13 13:13:00,788,14,1,UPI,Success,0,
605,605,3,141233.29,2024-09-26 22:36:00,605,3,5,IMPS,Success,0,
835,835,10,166338.88,2024-05-04 18:54:00,835,14,8,NEFT,Success,0,
561,561,1,530839.99,2025-02-23 17:21:00,561,20,6,IMPS,Success,0,
993,993,2,478804.12,2024-04-02 09:24:00,993,8,8,NEFT,Success,0,
723,723,6,481178.47,2024-11-01 13:56:00,723,2,9,IMPS,Success,0,
991,991,3,754278.51,2024-08-25 05:14:00,991,3,7,UPI,Success,0,
22,22,5,461941.65,2025-01-05 18:38:00,22,6,1,ATM,Success,0,
694,694,2,512246.98,2024-10-06 09:38:00,694,25,2,NETBANKING,Success,0,
336,336,2,197674.32,2024-11-03 13:25:00,336,13,5,NETBANKING,Success,0,
876,876,8,321458.76,2025-02-18 22:59:00,876,9,8,NEFT,Success,0,
499,499,9,150309.15,2024-08-07 11:11:00,499,4,10,ATM,Success,0,
105,105,4,382873.42,2024-05-28 21:04:00,105,14,5,POS,Failed,0,
907,907,5,739579.94,2024-07-22 05:00:00,907,20,5,UPI,Success,0,
305,305,10,83929.95,2025-03-12 06:53:00,305,9,3,NETBANKING,Success,0,
374,374,3,537705.67,2024-05-07 20:52:00,374,18,5,UPI,Success,0,
213,213,4,294390.31,2024-08-30 17:11:00,213,22,10,ATM,Success,0,
923,923,9,319503.83,2025-03-28 08:48:00,923,5,5,NEFT,Success,0,
851,851,1,352004.47,2024-11-15 08:20:00,851,4,3,ATM,Pending,0,
995,995,7,168984.1,2024-11-02 02:47:00,995,27,5,NETBANKING,Success,0,
412,412,10,265779.54,2025-02-18 06:46:00,412,27,5,POS,Success,0,
642,642,7,254699.61,2024-10-12 08:12:00,642,7,1,RTGS,Success,0,
750,750,9,500317.78,2024-07-11 22:47:00,750,12,7,IMPS,Success,0,
48,48,7,386510.61,2024-10-01 02:07:00,48,1,8,UPI,Success,0,
983,983,4,292842.1,2024-06-12 19:52:00,983,25,7,IMPS,Success,0,
659,659,2,566669.89,2024-08-25 02:17:00,659,18,7,IMPS,Success,0,
428,428,10,746083.93,2024-07-07 05:23:00,428,2,6,NETBANKING,Success,0,
358,358,8,638753.17,2024-06-15 02:38:00,358,7,6,RTGS,Success,0,
847,847,1,713637.35,2024-05-05 11:53:00,847,2,6,POS,Success,1,New Device
917,917,6,545967.42,2024-02-16 13:43:00,917,11,6,NETBANKING,Success,0,
99,99,3,630971.11,2025-02-06 13:22:00,99,28,7,NEFT,Success,0,
946,946,2,303831.58,2024-12-04 12:57:00,946,14,7,NEFT,Success,0,
451,451,4,293542.8,2024-07-28 18:59:00,451,4,5,NEFT,Success,0,
742,742,5,719305.34,2024-07-17 15:21:00,742,7,7,IMPS,Success,0,
364,364,4,571458.21,2024-12-24 18:39:00,364,23,10,RTGS,Success,0,
543,543,2,240005.3,2025-02-27 00:56:00,543,5,5,POS,Failed,0,
505,505,8,616318.64,2025-01-12 23:45:00,505,17,8,POS,Success,0,
113,113,4,362935.22,2024-05-26 16:47:00,113,27,1,UPI,Success,0,
284,284,3,278522.53,2024-06-09 08:22:00,284,29,5,NETBANKING,Success,0,
545,545,4,593952.91,2025-01-21 22:38:00,545,7,2,ATM,Success,0,
94,94,5,515520.71,2024-05-22 13:20:00,94,5,8,RTGS,Success,0,
305,305,5,333791.37,2024-06-26 17:28:00,305,13,6,IMPS,Pending,1,Night Transaction
738,738,5,743488.32,2025-02-23 22:33:00,738,15,4,ATM,Success,0,
403,403,9,314873.71,2024-12-16 20:48:00,403,28,8,NEFT,Success,0,
595,595,5,62613.61,2024-10-11 19:24:00,595,15,1,POS,Success,0,
782,782,10,598071.61,2024-11-25 15:56:00,782,21,5,IMPS,Success,0,
376,376,2,746234.56,2024-01-10 23:26:00,376,21,7,NETBANKING,Success,1,Foreign Location
993,993,10,487741.98,2024-10-05 08:15:00,993,15,8,ATM,Success,0,
958,958,10,743028.98,2024-06-15 04:02:00,958,25,6,RTGS,Success,0,
457,457,1,382732.88,2024-01-01 08:37:00,457,7,1,ATM,Failed,1,High Amount Transaction
18,18,10,89659.04,2024-02-19 08:05:00,18,23,2,ATM,Success,0,
909,909,6,45665.46,2024-05-12 06:45:00,909,19,5,RTGS,Success,0,
784,784,5,109590.36,2024-05-13 18:26:00,784,15,10,NEFT,Success,0,
440,440,7,432059.9,2025-01-19 12:31:00,440,9,6,NEFT,Success,0,
206,206,10,180262.25,2024-10-06 06:01:00,206,21,8,UPI,Success,0,
260,260,6,351081.03,2024-02-20 04:05:00,260,28,3,IMPS,Success,0,
956,956,1,186659.93,2024-03-26 06:14:00,956,18,3,UPI,Success,0,
175,175,2,586456.75,2025-01-13 07:30:00,175,27,7,NEFT,Success,0,
558,558,6,616894.23,2024-05-19 06:58:00,558,29,9,RTGS,Success,0,
630,630,3,631463.39,2024-10-08 00:31:00,630,8,10,RTGS,Success,0,
616,616,5,640789.68,2024-05-04 21:51:00,616,3,7,UPI,Success,0,
536,536,9,346464.61,2024-08-03 03:51:00,536,30,7,NETBANKING,Success,0,
271,271,7,366986.42,2025-02-05 08:13:00,271,2,7,UPI,Success,0,
820,820,3,185621.72,2025-02-08 18:19:00,820,16,8,NETBANKING,Success,0,
66,66,1,693903.02,2024-09-13 17:18:00,66,17,8,IMPS,Success,1,Multiple Transactions
842,842,8,535303.87,2025-04-21 16:02:00,842,3,2,UPI,Success,0,
545,545,4,395317.13,2025-02-26 20:54:00,545,20,4,UPI,Success,0,
557,557,7,622648.09,2024-10-26 20:07:00,557,5,7,RTGS,Pending,0,
806,806,3,214379.98,2024-12-02 12:29:00,806,5,5,POS,Success,0,
223,223,5,192661.73,2025-02-24 06:13:00,223,5,7,NEFT,Success,1,Foreign Location
586,586,1,483577.13,2024-03-22 14:49:00,586,28,2,UPI,Success,0,
485,485,3,71947.01,2025-01-18 20:27:00,485,17,9,NETBANKING,Success,0,
160,160,9,673630.14,2025-03-23 22:00:00,160,29,7,POS,Success,0,
645,645,5,539296.27,2025-01-06 07:49:00,645,2,10,IMPS,Success,0,
74,74,3,140153.1,2024-01-12 04:09:00,74,3,8,RTGS,Success,0,
240,240,10,451730.27,2024-02-06 03:03:00,240,2,3,POS,Success,0,
297,297,3,213298.55,2024-01-05 21:47:00,297,15,7,IMPS,Success,0,
639,639,4,603262.7,2024-05-22 07:18:00,639,19,5,RTGS,Success,0,
237,237,4,532646.03,2024-02-02 18:21:00,237,7,5,ATM,Success,0,
676,676,8,268628.96,2024-08-14 08:33:00,676,6,10,POS,Success,0,
979,979,2,727053.12,2024-07-25 03:01:00,979,25,5,ATM,Success,0,
868,868,10,450142.43,2024-11-03 19:26:00,868,28,9,UPI,Success,0,
863,863,5,80035.31,2024-07-17 19:37:00,863,15,4,POS,Success,0,
501,501,7,181247.22,2024-09-03 10:51:00,501,5,1,IMPS,Success,0,
695,695,10,503910.98,2024-01-05 17:40:00,695,24,7,ATM,Success,0,
683,683,6,681233.53,2025-03-05 15:56:00,683,16,7,NEFT,Success,0,
535,535,8,493020.51,2024-06-02 04:38:00,535,15,7,IMPS,Success,0,
238,238,4,183807.44,2025-03-25 19:12:00,238,29,1,UPI,Success,0,
669,669,1,368136.97,2024-07-06 01:41:00,669,21,9,NETBANKING,Success,0,
158,158,3,645737.86,2024-10-12 06:51:00,158,25,3,ATM,Success,0,
944,944,1,436186.19,2024-10-30 18:48:00,944,20,9,NEFT,Success,0,
224,224,2,412040.49,2024-03-12 08:45:00,224,20,4,RTGS,Success,0,
301,301,1,786862.39,2024-07-28 05:09:00,301,26,10,NETBANKING,Success,1,Multiple Transactions
447,447,7,13241.23,2024-01-21 01:17:00,447,18,9,RTGS,Success,0,
363,363,3,375686.76,2024-11-21 09:30:00,363,9,5,ATM,Success,0,
689,689,5,604672.42,2024-02-01 19:01:00,689,19,4,UPI,Success,0,
97,97,1,206241.08,2024-06-10 22:33:00,97,15,9,ATM,Success,0,
732,732,9,308069.57,2024-06-07 20:02:00,732,21,5,UPI,Success,0,
708,708,10,789138.25,2024-02-18 21:21:00,708,8,7,IMPS,Success,0,
518,518,5,586957.97,2024-10-13 18:34:00,518,3,2,RTGS,Success,0,
383,383,2,788046.14,2024-06-15 22:20:00,383,22,10,NEFT,Success,0,
142,142,5,799992.99,2024-06-06 17:44:00,142,8,8,RTGS,Success,0,
943,943,5,123702.47,2024-08-01 03:37:00,943,14,1,NETBANKING,Success,0,
684,684,1,578495.7,2024-02-02 12:41:00,684,5,4,NEFT,Success,0,
596,596,3,718835.98,2024-08-25 14:12:00,596,18,8,POS,Success,0,
317,317,4,561740.67,2024-08-30 06:58:00,317,23,3,NEFT,Pending,0,
495,495,5,162223.12,2024-08-02 03:05:00,495,25,4,POS,Success,0,
443,443,4,572531.06,2024-02-04 08:46:00,443,2,1,NEFT,Success,0,
993,993,5,486561.33,2024-10-17 03:22:00,993,24,10,NETBANKING,Success,0,
210,210,7,378708.25,2024-07-30 08:58:00,210,19,3,UPI,Pending,0,
519,519,6,763194.78,2024-10-18 14:47:00,519,16,7,UPI,Success,0,
674,674,6,628158.6,2024-12-27 09:08:00,674,14,5,NETBANKING,Success,0,
298,298,1,339886.33,2024-01-08 08:03:00,298,12,7,NEFT,Success,0,
996,996,9,492381.89,2024-01-08 06:12:00,996,8,7,NETBANKING,Success,0,
749,749,4,243630.57,2025-01-13 04:56:00,749,30,9,NEFT,Success,0,
715,715,7,4836.56,2025-03-27 14:42:00,715,13,10,NEFT,Success,0,
374,374,7,291088.36,2024-09-14 14:21:00,374,19,9,POS,Success,0,
641,641,7,167760.57,2025-02-13 22:20:00,641,23,6,UPI,Success,0,
379,379,10,430682.4,2024-04-07 14:27:00,379,4,3,UPI,Pending,0,
792,792,3,638910.31,2024-02-07 07:32:00,792,13,6,UPI,Success,0,
719,719,1,441546.56,2025-03-24 09:37:00,719,7,5,RTGS,Success,0,
611,611,10,335092.05,2024-02-26 06:19:00,611,16,3,ATM,Success,0,
395,395,6,615004.96,2024-07-08 15:37:00,395,12,8,NEFT,Success,0,
902,902,9,283223.38,2024-07-14 07:41:00,902,20,7,UPI,Success,0,
345,345,3,446538.48,2025-02-28 07:45:00,345,19,5,IMPS,Success,0,
118,118,1,258390.38,2025-01-01 06:01:00,118,30,8,NEFT,Success,0,
45,45,2,447164.83,2025-01-26 21:38:00,45,21,3,RTGS,Success,0,
937,937,10,353637.71,2025-03-19 13:37:00,937,18,5,POS,Success,0,
447,447,2,453201.91,2024-06-23 11:00:00,447,9,2,POS,Success,0,
570,570,3,256956.71,2024-12-24 13:13:00,570,7,3,IMPS,Success,0,
981,981,2,258015.21,2024-12-24 17:38:00,981,22,7,NETBANKING,Success,0,
290,290,6,677251.88,2025-01-29 12:48:00,290,26,5,NEFT,Success,0,
321,321,3,178909.09,2024-08-20 10:37:00,321,27,5,ATM,Success,0,
1000,1000,10,532610.46,2025-03-01 20:16:00,1000,20,2,POS,Success,0,
4,4,6,163967.07,2025-03-07 11:38:00,4,14,3,IMPS,Success,0,
854,854,3,561354.92,2024-06-21 01:35:00,854,23,4,UPI,Success,0,
942,942,8,98978.04,2024-08-21 10:33:00,942,5,6,UPI,Success,0,
474,474,1,286777.52,2024-05-17 01:50:00,474,6,2,UPI,Failed,0,
763,763,4,41159.17,2024-02-02 04:46:00,763,6,5,NEFT,Success,0,
633,633,5,305331.13,2025-02-18 21:26:00,633,10,10,NETBANKING,Success,0,
958,958,6,321636.6,2025-01-25 10:07:00,958,4,6,NETBANKING,Success,0,
105,105,5,389494.85,2024-07-26 15:27:00,105,9,4,UPI,Success,0,
170,170,10,780198.81,2024-02-14 12:45:00,170,23,7,POS,Success,0,
985,985,3,142640.72,2025-03-28 16:57:00,985,17,1,UPI,Success,0,
192,192,3,290793.31,2025-01-31 18:42:00,192,16,5,RTGS,Success,0,
244,244,5,242256.21,2024-10-31 05:48:00,244,17,2,POS,Success,0,
465,465,5,92493.79,2024-11-18 18:10:00,465,20,8,POS,Success,0,
559,559,4,105583.63,2024-08-06 00:49:00,559,20,3,ATM,Success,0,
725,725,5,64664.98,2024-08-18 04:07:00,725,7,3,POS,Failed,0,
929,929,6,633569.43,2024-06-14 03:54:00,929,9,2,ATM,Success,1,High Amount Transaction
745,745,3,201601.6,2025-01-29 19:13:00,745,30,7,NETBANKING,Success,0,
428,428,3,400543.9,2024-05-24 10:39:00,428,5,1,NEFT,Success,0,
821,821,5,679961.31,2024-08-09 14:17:00,821,2,3,RTGS,Success,0,
441,441,5,556243.46,2025-02-16 22:08:00,441,12,2,POS,Success,0,
942,942,2,727065.06,2024-04-13 08:04:00,942,7,9,POS,Success,0,
508,508,10,177371.03,2024-05-16 04:31:00,508,30,5,UPI,Success,0,
367,367,3,33676.19,2024-04-02 08:20:00,367,24,4,RTGS,Success,0,
54,54,1,699999.04,2024-04-05 02:29:00,54,4,6,RTGS,Success,0,
518,518,10,537970.11,2025-01-12 11:28:00,518,15,1,IMPS,Success,0,
387,387,7,735521.16,2024-01-07 01:39:00,387,8,5,NETBANKING,Success,0,
683,683,8,224834.13,2024-02-16 05:41:00,683,27,4,UPI,Success,0,
473,473,1,750661.75,2025-02-24 18:33:00,473,14,6,POS,Success,0,
543,543,9,686467.44,2024-07-14 16:10:00,543,20,9,UPI,Failed,0,
159,159,4,531432.38,2025-04-03 23:59:00,159,5,8,UPI,Success,0,
753,753,10,607380.55,2024-07-22 03:24:00,753,13,8,NEFT,Success,0,
539,539,6,522242.89,2025-03-04 13:55:00,539,26,2,IMPS,Success,0,
399,399,3,325341.55,2024-04-13 13:54:00,399,23,4,RTGS,Success,0,
399,399,9,532108.83,2024-08-26 21:42:00,399,6,10,IMPS,Success,0,
490,490,6,626177.34,2024-12-25 16:45:00,490,16,2,NETBANKING,Success,0,
446,446,6,275276.46,2024-02-27 10:38:00,446,13,5,NEFT,Success,0,
59,59,8,699974.3,2024-03-20 07:26:00,59,5,4,ATM,Success,0,
109,109,10,634184.06,2024-03-26 01:07:00,109,1,10,POS,Success,0,
970,970,3,510139.95,2024-12-05 17:25:00,970,5,5,NETBANKING,Success,0,
107,107,8,28506.89,2024-08-03 04:38:00,107,13,1,NETBANKING,Success,0,
606,606,3,714563.73,2024-04-22 21:28:00,606,21,9,IMPS,Success,0,
739,739,6,537213.25,2025-04-06 23:10:00,739,14,1,NETBANKING,Success,0,
852,852,10,56424.73,2025-01-21 01:02:00,852,12,3,IMPS,Success,0,
595,595,10,382807.58,2024-05-16 12:02:00,595,9,10,NETBANKING,Success,0,
352,352,10,28366.67,2024-07-20 06:13:00,352,7,1,POS,Success,0,
696,696,1,586008.34,2025-02-14 09:40:00,696,1,4,RTGS,Success,0,
769,769,6,249733.17,2024-04-15 13:20:00,769,8,6,POS,Success,0,
472,472,10,689091.22,2024-11-06 20:01:00,472,2,6,NETBANKING,Success,0,
466,466,2,291532.02,2024-11-24 08:51:00,466,15,8,RTGS,Success,0,
165,165,9,584782.17,2024-09-20 03:05:00,165,19,1,NEFT,Success,0,
270,270,2,280164.0,2024-04-12 00:02:00,270,2,5,RTGS,Success,0,
244,244,2,17979.54,2024-07-11 05:04:00,244,26,6,NEFT,Success,1,Foreign Location
783,783,5,777855.52,2024-03-08 08:14:00,783,12,1,ATM,Success,0,
549,549,3,133742.77,2025-03-13 01:15:00,549,17,3,ATM,Success,0,
399,399,4,88723.77,2024-05-31 19:38:00,399,13,7,IMPS,Success,0,
450,450,5,510358.78,2025-04-06 13:21:00,450,2,1,RTGS,Success,0,
534,534,6,492017.65,2024-12-05 21:12:00,534,15,3,UPI,Success,0,
925,925,1,467870.22,2024-12-14 21:21:00,925,21,9,NEFT,Success,0,
407,407,7,498836.47,2025-03-30 05:55:00,407,28,3,ATM,Success,0,
54,54,9,497961.88,2024-05-21 06:12:00,54,21,1,IMPS,Success,0,
326,326,1,609753.77,2024-01-12 17:26:00,326,8,8,NEFT,Success,0,
657,657,4,99326.03,2025-02-08 13:15:00,657,5,10,IMPS,Success,0,
955,955,3,174121.97,2024-12-17 14:28:00,955,25,2,ATM,Success,0,
199,199,1,376380.87,2024-07-21 18:00:00,199,9,6,NETBANKING,Success,0,
31,31,5,47890.75,2024-09-24 16:09:00,31,10,10,UPI,Success,0,
910,910,6,480526.55,2024-12-24 09:32:00,910,17,9,IMPS,Success,0,
581,581,8,419372.42,2025-02-04 07:59:00,581,10,3,NEFT,Success,0,
213,213,7,213467.09,2024-11-13 13:08:00,213,7,6,RTGS,Success,1,High Amount Transaction
963,963,2,353475.32,2024-07-30 06:41:00,963,5,10,POS,Success,0,
713,713,4,578941.7,2024-10-28 06:25:00,713,9,2,NEFT,Success,0,
658,658,9,139413.47,2024-04-01 00:50:00,658,27,6,NETBANKING,Failed,0,
688,688,10,509372.97,2024-03-30 08:35:00,688,13,7,IMPS,Success,0,
631,631,1,416995.92,2024-09-12 03:55:00,631,23,3,IMPS,Success,0,
299,299,8,200182.52,2024-03-20 15:35:00,299,18,1,NETBANKING,Success,0,
755,755,8,314338.41,2025-04-14 01:15:00,755,17,9,NETBANKING,Success,0,
359,359,1,310539.29,2024-04-06 19:24:00,359,10,2,IMPS,Success,0,
142,142,2,509664.2,2024-10-19 05:33:00,142,25,10,NEFT,Success,0,
287,287,6,315835.61,2025-02-09 04:07:00,287,23,2,POS,Success,0,
200,200,8,139319.65,2024-02-28 07:59:00,200,6,3,UPI,Success,0,
572,572,5,142792.68,2025-03-30 21:39:00,572,9,10,NEFT,Success,0,
620,620,4,36709.63,2025-04-02 20:41:00,620,29,5,POS,Success,0,
976,976,8,231354.86,2024-06-07 14:11:00,976,12,4,UPI,Success,0,
909,909,10,534816.27,2024-03-01 09:13:00,909,1,8,NEFT,Success,1,Foreign Location
591,591,7,154945.4,2025-01-24 07:21:00,591,21,2,UPI,Success,0,
132,132,3,459936.9,2024-01-22 19:15:00,132,2,7,RTGS,Success,0,
977,977,7,518143.82,2024-12-28 06:39:00,977,5,7,ATM,Success,0,
147,147,3,545737.67,2025-03-17 02:50:00,147,20,4,NEFT,Success,0,
425,425,6,269076.81,2024-11-20 19:50:00,425,16,6,IMPS,Success,0,
400,400,6,50960.14,2025-01-21 08:24:00,400,3,8,NETBANKING,Success,0,
726,726,4,388479.13,2024-02-26 22:08:00,726,23,6,NEFT,Success,0,
896,896,7,162120.96,2024-11-05 02:02:00,896,28,10,IMPS,Success,0,
5,5,2,464117.52,2024-02-22 10:51:00,5,7,10,RTGS,Success,0,
900,900,1,475457.93,2024-06-08 10:16:00,900,12,6,UPI,Failed,0,
582,582,7,297482.3,2024-01-26 13:01:00,582,22,7,UPI,Success,0,
953,953,6,442620.13,2024-03-08 05:11:00,953,29,4,RTGS,Success,0,
588,588,6,139109.82,2025-03-04 19:13:00,588,27,3,ATM,Success,0,
540,540,9,520513.78,2024-04-16 05:00:00,540,11,7,ATM,Success,0,
562,562,6,202887.84,2024-12-11 20:36:00,562,21,3,IMPS,Success,0,
974,974,4,320357.35,2025-03-20 04:23:00,974,24,10,NEFT,Success,1,New Device
895,895,6,417408.02,2024-04-03 22:07:00,895,26,6,NEFT,Success,0,
850,850,6,112148.23,2025-03-02 21:55:00,850,11,9,RTGS,Success,0,
498,498,1,202920.86,2024-01-13 06:19:00,498,2,8,ATM,Success,0,
765,765,7,150024.11,2024-11-28 08:22:00,765,30,4,POS,Failed,0,
747,747,3,260489.3,2025-02-04 03:15:00,747,1,9,NETBANKING,Success,0,
583,583,9,579892.6,2024-03-27 05:38:00,583,5,2,ATM,Success,0,
499,499,7,571370.55,2025-03-04 23:33:00,499,5,7,POS,Success,0,
669,669,9,684821.28,2025-02-07 09:45:00,669,23,6,NEFT,Success,0,
504,504,4,197067.17,2024-02-06 15:52:00,504,10,10,NEFT,Success,0,
644,644,7,561352.6,2024-01-10 10:15:00,644,22,10,RTGS,Success,0,
145,145,10,446940.56,2024-08-09 14:52:00,145,21,4,IMPS,Success,0,
319,319,2,616838.97,2025-04-21 14:49:00,319,19,5,NEFT,Success,0,
372,372,3,386425.93,2024-09-05 02:35:00,372,20,7,RTGS,Success,0,
525,525,2,158762.82,2024-05-27 14:39:00,525,24,4,POS,Success,0,
504,504,5,519879.22,2024-03-02 17:08:00,504,30,7,ATM,Success,0,
619,619,7,589754.31,2024-04-20 23:09:00,619,17,1,ATM,Success,0,
999,999,10,151878.86,2024-12-27 03:35:00,999,1,4,RTGS,Success,0,
699,699,8,476373.32,2024-01-28 07:10:00,699,23,7,ATM,Success,0,
466,466,3,737202.64,2024-08-29 09:36:00,466,11,9,NEFT,Success,0,
289,289,3,758738.61,2024-11-20 14:25:00,289,4,6,NEFT,Success,0,
534,534,9,536328.96,2024-10-06 09:46:00,534,10,8,ATM,Success,0,
761,761,9,91935.5,2025-04-02 07:25:00,761,1,6,ATM,Success,0,
973,973,5,552308.06,2025-02-17 02:47:00,973,23,6,ATM,Success,0,
223,223,3,394075.43,2024-09-19 17:17:00,223,18,6,UPI,Failed,0,
85,85,10,287869.7,2024-10-08 18:00:00,85,29,10,IMPS,Success,0,
401,401,6,54118.02,2024-04-17 08:22:00,401,29,4,IMPS,Success,1,Night Transaction
219,219,5,568385.21,2024-12-14 01:00:00,219,9,8,ATM,Success,0,
820,820,8,257291.26,2024-07-26 12:07:00,820,10,1,IMPS,Success,0,
756,756,9,258632.87,2024-06-11 21:13:00,756,18,8,RTGS,Success,0,
222,222,3,449198.0,2024-06-14 08:32:00,222,22,10,RTGS,Success,0,
768,768,3,342813.17,2024-11-18 14:42:00,768,23,4,UPI,Success,0,
700,700,7,764658.04,2025-03-26 08:46:00,700,13,4,RTGS,Success,0,
266,266,2,245329.29,2024-02-09 01:38:00,266,5,8,POS,Success,0,
564,564,1,775645.26,2024-11-21 20:26:00,564,5,2,UPI,Success,0,
242,242,1,470532.42,2025-01-30 03:26:00,242,11,4,NEFT,Success,1,Night Transaction
940,940,7,632358.65,2024-06-14 00:25:00,940,22,10,ATM,Success,0,
141,141,9,158658.96,2024-07-28 15:55:00,141,30,5,RTGS,Success,0,
240,240,2,134032.4,2024-11-11 11:59:00,240,10,1,NETBANKING,Success,0,
568,568,7,595450.22,2024-11-28 05:08:00,568,13,8,NETBANKING,Success,0,
142,142,9,119116.59,2025-03-12 16:36:00,142,1,2,NEFT,Success,0,
862,862,1,130828.98,2024-04-25 08:59:00,862,6,8,ATM,Failed,0,
555,555,10,790298.78,2025-02-06 06:13:00,555,9,7,RTGS,Success,0,
127,127,2,737342.48,2024-07-26 21:06:00,127,14,7,IMPS,Success,0,
381,381,5,756879.9,2024-08-04 09:51:00,381,20,6,NETBANKING,Success,0,
575,575,9,637805.21,2025-03-01 02:50:00,575,12,6,RTGS,Failed,0,
978,978,7,122292.47,2024-08-14 16:45:00,978,5,6,NEFT,Success,0,
265,265,7,420776.11,2024-01-07 20:20:00,265,28,7,UPI,Success,0,
779,779,3,687539.91,2025-02-04 14:43:00,779,8,10,IMPS,Pending,0,
674,674,9,729030.27,2024-09-15 12:19:00,674,28,10,RTGS,Success,0,
456,456,6,106715.28,2024-10-31 01:41:00,456,15,3,ATM,Success,0,
411,411,10,523623.9,2025-04-13 12:18:00,411,2,1,POS,Success,1,Night Transaction
237,237,5,33797.73,2024-09-12 01:22:00,237,10,9,NEFT,Success,0,
659,659,9,654062.95,2024-03-17 08:47:00,659,29,10,NEFT,Success,0,
570,570,2,785230.72,2024-02-06 20:46:00,570,13,9,NEFT,Success,0,
785,785,9,227473.29,2024-08-17 08:13:00,785,16,2,POS,Success,0,
909,909,4,782605.33,2024-01-16 07:54:00,909,17,3,UPI,Success,0,
203,203,1,159750.95,2024-10-14 04:41:00,203,25,7,NEFT,Success,0,
568,568,3,123161.88,2025-04-06 01:06:00,568,8,3,IMPS,Success,0,
392,392,4,104931.49,2024-02-01 06:22:00,392,2,3,IMPS,Success,0,
891,891,1,751498.26,2024-01-11 04:38:00,891,23,6,ATM,Success,0,
118,118,9,86516.84,2024-10-01 00:29:00,118,23,2,ATM,Success,0,
97,97,1,106709.78,2024-11-26 20:35:00,97,16,4,ATM,Success,0,
725,725,8,361774.26,2024-07-31 16:57:00,725,16,10,RTGS,Success,0,
582,582,8,546222.78,2025-04-07 07:51:00,582,22,1,NETBANKING,Success,0,
559,559,1,771696.46,2024-04-10 06:28:00,559,6,2,RTGS,Success,0,
670,670,1,511703.34,2024-07-20 08:58:00,670,6,3,UPI,Success,0,
859,859,5,583891.17,2024-05-19 07:54:00,859,7,7,UPI,Success,0,
573,573,8,570020.11,2024-10-07 01:25:00,573,22,5,IMPS,Success,0,
315,315,4,410158.87,2024-11-19 04:41:00,315,1,9,RTGS,Success,0,
619,619,7,347927.01,2024-01-25 19:02:00,619,19,5,POS,Success,0,
957,957,5,180185.01,2024-10-27 04:11:00,957,11,5,NEFT,Success,0,
230,230,1,683452.29,2024-07-01 18:13:00,230,3,6,ATM,Success,0,
826,826,3,547900.38,2024-11-26 20:36:00,826,14,6,RTGS,Failed,0,
18,18,5,614848.94,2025-04-27 11:03:00,18,11,2,NEFT,Failed,0,
145,145,5,338384.31,2024-11-13 12:37:00,145,17,6,POS,Success,0,
146,146,1,652788.84,2024-03-24 06:11:00,146,6,7,IMPS,Success,0,
905,905,7,214623.61,2024-01-25 13:11:00,905,7,10,ATM,Success,0,
460,460,5,332639.51,2024-01-14 05:44:00,460,9,1,RTGS,Success,0,
251,251,9,224467.69,2024-05-15 11:24:00,251,6,3,IMPS,Success,0,
903,903,8,128570.42,2024-01-16 22:47:00,903,5,3,NEFT,Success,0,
789,789,9,729649.2,2024-04-27 06:25:00,789,19,10,NETBANKING,Success,0,
395,395,9,10484.88,2024-09-07 23:31:00,395,26,3,ATM,Failed,0,
874,874,1,461684.73,2024-05-17 00:11:00,874,21,5,ATM,Success,0,
96,96,6,698028.85,2024-03-18 02:28:00,96,7,9,NEFT,Success,0,
146,146,5,463196.95,2025-03-22 11:25:00,146,11,7,UPI,Success,0,
623,623,9,102603.66,2024-02-11 04:22:00,623,5,3,POS,Pending,0,
606,606,10,169151.3,2025-01-17 04:56:00,606,16,2,IMPS,Success,1,New Device
487,487,2,790340.56,2024-06-20 18:30:00,487,28,8,NETBANKING,Success,0,
44,44,8,349665.31,2024-07-01 22:10:00,44,29,7,NETBANKING,Success,0,
918,918,5,376233.4,2024-11-14 06:46:00,918,23,9,UPI,Success,0,
434,434,5,562913.58,2025-04-26 13:55:00,434,2,4,POS,Success,0,
305,305,1,799363.18,2024-09-22 04:11:00,305,21,6,POS,Success,0,
688,688,5,572605.99,2024-07-16 17:24:00,688,29,7,NEFT,Success,0,
291,291,3,639545.95,2025-02-03 15:20:00,291,26,10,IMPS,Success,0,
526,526,8,132159.86,2024-05-22 13:08:00,526,9,4,IMPS,Success,0,
863,863,10,491436.88,2024-04-23 18:28:00,863,18,3,NETBANKING,Success,0,
820,820,9,615284.65,2024-08-02 13:13:00,820,19,1,NETBANKING,Success,0,
920,920,3,52946.72,2024-06-17 22:24:00,920,14,9,RTGS,Success,0,
663,663,8,401421.2,2025-04-28 10:50:00,663,9,9,IMPS,Success,0,
322,322,6,600602.09,2025-01-29 05:22:00,322,11,7,IMPS,Success,0,
651,651,6,553456.14,2025-02-09 05:07:00,651,20,8,RTGS,Success,0,
670,670,10,720768.86,2024-05-28 18:35:00,670,6,10,NETBANKING,Success,0,
560,560,1,82775.98,2024-08-17 04:23:00,560,22,10,RTGS,Success,0,
120,120,9,536787.11,2024-12-16 18:25:00,120,20,5,POS,Success,0,
622,622,3,69625.65,2024-09-18 10:45:00,622,9,5,NETBANKING,Failed,0,
120,120,1,224101.16,2024-11-22 02:17:00,120,7,2,NETBANKING,Success,0,
754,754,10,458776.69,2024-04-26 17:21:00,754,20,9,RTGS,Pending,0,
852,852,1,684253.47,2025-01-01 01:30:00,852,28,10,NEFT,Success,0,
467,467,3,358811.09,2024-10-13 04:22:00,467,22,2,IMPS,Success,0,
827,827,10,65368.08,2025-03-29 06:06:00,827,22,7,IMPS,Success,0,
605,605,4,271771.96,2024-08-07 09:39:00,605,19,8,NEFT,Success,0,
411,411,3,300632.81,2024-07-10 21:51:00,411,18,4,IMPS,Success,0,
315,315,2,363787.46,2024-05-15 06:06:00,315,30,3,NEFT,Success,0,
691,691,8,531283.63,2024-04-29 06:39:00,691,27,5,POS,Success,0,
171,171,1,563586.89,2024-03-17 04:23:00,171,28,7,POS,Success,0,
731,731,7,35177.51,2024-03-09 05:59:00,731,17,4,NETBANKING,Pending,0,
963,963,7,559872.24,2025-04-26 05:32:00,963,4,8,NEFT,Success,0,
166,166,5,581631.92,2024-12-11 16:41:00,166,9,4,UPI,Success,0,
386,386,3,147386.98,2024-11-21 00:25:00,386,23,4,NEFT,Success,0,
469,469,10,604726.92,2024-10-13 20:08:00,469,18,9,POS,Success,0,
971,971,2,288673.96,2024-09-21 20:25:00,971,20,7,NETBANKING,Success,0,
566,566,6,367154.72,2024-08-16 15:43:00,566,20,5,RTGS,Success,0,
973,973,10,349663.19,2024-08-14 03:30:00,973,12,1,IMPS,Success,0,
36,36,5,592627.78,2024-11-13 07:29:00,36,14,6,IMPS,Success,0,
970,970,8,454375.08,2024-03-30 19:43:00,970,16,1,RTGS,Success,0,
416,416,5,569335.45,2025-04-03 03:30:00,416,24,8,UPI,Success,0,
525,525,9,297374.33,2024-03-27 02:59:00,525,8,9,UPI,Success,1,New Device
295,295,7,794214.08,2024-01-26 13:17:00,295,4,3,IMPS,Success,0,
602,602,7,532683.3,2024-04-23 07:03:00,602,18,6,NEFT,Success,0,
155,155,7,618949.64,2024-04-24 12:01:00,155,18,4,ATM,Success,0,
953,953,4,98109.74,2024-05-06 11:58:00,953,20,3,NEFT,Failed,0,
433,433,6,258423.69,2024-08-18 15:08:00,433,10,6,NEFT,Success,0,
623,623,9,310692.02,2024-10-14 15:45:00,623,26,6,RTGS,Success,0,
930,930,10,420731.09,2024-02-09 06:14:00,930,3,5,POS,Success,0,
909,909,7,173197.11,2025-01-03 07:07:00,909,15,3,RTGS,Success,0,
951,951,9,683836.35,2024-02-28 18:06:00,951,6,5,NETBANKING,Success,0,
862,862,10,392049.63,2025-04-07 11:21:00,862,20,9,NEFT,Success,0,
641,641,5,378869.0,2024-01-10 07:16:00,641,20,6,ATM,Success,0,
147,147,6,411892.34,2024-03-13 08:40:00,147,4,6,NETBANKING,Success,1,Night Transaction
516,516,6,359246.31,2025-01-27 22:20:00,516,16,5,NEFT,Success,0,
284,284,5,633967.0,2024-04-19 23:09:00,284,11,10,POS,Success,0,
266,266,3,515428.17,2024-09-20 12:01:00,266,7,6,NEFT,Success,0,
631,631,9,217575.92,2024-10-09 11:04:00,631,16,6,IMPS,Success,0,
914,914,10,29860.96,2024-09-09 03:31:00,914,27,2,IMPS,Failed,0,
205,205,1,72637.43,2024-01-02 12:23:00,205,28,2,POS,Success,0,
9,9,9,492241.38,2024-08-24 11:47:00,9,27,7,ATM,Success,0,
824,824,3,93029.92,2024-08-11 20:36:00,824,4,3,POS,Success,0,
168,168,7,163267.15,2024-12-03 17:25:00,168,8,3,NEFT,Success,0,
275,275,7,431659.81,2024-04-28 21:00:00,275,23,7,UPI,Success,0,
163,163,10,311428.48,2024-02-13 04:49:00,163,5,1,POS,Success,0,
676,676,10,271983.4,2024-09-28 02:26:00,676,22,1,POS,Success,1,New Device
848,848,9,623389.08,2024-12-01 22:43:00,848,30,8,ATM,Failed,0,
540,540,2,298332.55,2024-05-07 05:59:00,540,23,7,RTGS,Success,0,
421,421,3,152142.67,2024-06-28 22:04:00,421,9,9,NETBANKING,Success,0,
780,780,10,533864.91,2025-01-03 13:34:00,780,1,2,NEFT,Success,0,
152,152,5,361878.96,2024-09-10 04:48:00,152,8,10,UPI,Success,0,
11,11,7,269433.96,2024-05-23 18:39:00,11,18,4,POS,Success,0,
984,984,10,459750.64,2025-01-14 02:34:00,984,15,7,IMPS,Success,0,
788,788,9,448078.42,2024-01-07 02:21:00,788,7,6,IMPS,Success,1,New Device
623,623,2,231476.18,2024-01-27 05:04:00,623,19,6,UPI,Success,0,
167,167,1,504999.22,2024-04-26 21:47:00,167,7,6,POS,Success,0,
218,218,2,570179.05,2024-11-21 06:46:00,218,18,8,ATM,Success,0,
855,855,10,183880.29,2024-07-22 06:39:00,855,13,10,ATM,Success,0,
618,618,9,88231.02,2024-09-29 07:57:00,618,30,8,ATM,Success,0,
213,213,4,82700.1,2024-09-22 14:52:00,213,4,2,IMPS,Success,0,
934,934,5,613848.18,2024-12-30 03:29:00,934,21,4,POS,Success,0,
408,408,10,93247.13,2025-03-22 20:10:00,408,17,9,POS,Success,0,
93,93,2,791028.64,2025-02-15 21:37:00,93,22,10,ATM,Success,0,
748,748,2,557923.47,2024-02-01 16:07:00,748,13,6,UPI,Success,0,
214,214,6,116563.28,2024-08-01 22:55:00,214,13,9,NETBANKING,Success,0,
556,556,2,407511.36,2024-03-28 21:16:00,556,10,6,POS,Success,0,
629,629,2,722285.58,2024-01-29 11:10:00,629,3,3,UPI,Success,0,
677,677,1,734604.82,2024-09-27 22:24:00,677,16,8,IMPS,Success,0,
683,683,9,326233.44,2024-07-27 02:44:00,683,2,3,IMPS,Success,0,
931,931,5,217067.88,2024-12-01 23:21:00,931,5,10,ATM,Success,1,Night Transaction
975,975,7,27124.4,2024-02-05 20:55:00,975,11,9,NETBANKING,Success,0,
813,813,1,448102.64,2024-12-02 01:09:00,813,12,8,POS,Success,1,Multiple Transactions
509,509,9,76588.29,2025-03-25 10:38:00,509,20,6,NEFT,Success,0,
889,889,4,634921.99,2024-02-27 08:55:00,889,13,5,NETBANKING,Success,0,
755,755,10,58792.64,2024-08-19 10:15:00,755,9,3,POS,Success,0,
74,74,10,253062.78,2025-03-23 18:19:00,74,26,5,NEFT,Success,0,
556,556,2,737504.67,2024-02-14 19:15:00,556,3,5,NEFT,Success,0,
199,199,10,325569.01,2025-03-12 13:53:00,199,7,2,NETBANKING,Success,0,
110,110,5,45866.66,2024-10-19 22:54:00,110,21,10,NETBANKING,Success,0,
699,699,2,33002.24,2024-11-20 17:17:00,699,16,4,RTGS,Success,0,
857,857,7,231645.19,2024-05-29 12:34:00,857,15,8,NEFT,Success,0,
137,137,5,535008.79,2025-01-27 16:18:00,137,22,2,UPI,Success,0,
86,86,8,220332.1,2024-10-26 12:24:00,86,9,2,POS,Success,0,
981,981,3,687100.84,2025-03-10 23:35:00,981,7,6,NEFT,Success,0,
103,103,7,642706.04,2024-02-08 23:50:00,103,7,10,NEFT,Success,0,
806,806,1,101498.61,2024-07-18 13:39:00,806,3,3,NETBANKING,Success,0,
351,351,6,782927.73,2024-01-10 00:47:00,351,7,4,ATM,Success,0,
390,390,6,139877.79,2025-03-14 07:22:00,390,16,3,POS,Failed,0,
985,985,1,295807.54,2024-08-30 23:57:00,985,27,1,RTGS,Success,0,
648,648,2,216692.02,2024-08-15 21:49:00,648,27,7,IMPS,Success,0,
532,532,9,397966.13,2024-01-27 06:19:00,532,22,6,RTGS,Success,0,
704,704,4,59820.56,2024-06-07 22:26:00,704,4,8,UPI,Success,0,
886,886,8,289339.81,2024-09-30 09:43:00,886,30,10,RTGS,Success,0,
789,789,2,203258.42,2024-12-11 19:34:00,789,19,4,ATM,Success,0,
877,877,9,269566.65,2025-04-07 05:03:00,877,6,6,IMPS,Success,0,
306,306,1,550706.41,2024-03-22 13:25:00,306,1,2,IMPS,Success,0,
274,274,4,135695.19,2024-11-09 23:50:00,274,15,5,POS,Success,0,
150,150,2,32312.24,2024-11-23 23:29:00,150,20,3,IMPS,Success,0,
461,461,9,201828.77,2024-04-24 09:10:00,461,25,1,NETBANKING,Success,0,
879,879,10,488055.76,2024-06-28 11:12:00,879,28,3,RTGS,Success,0,
506,506,6,440085.79,2024-09-10 02:32:00,506,12,6,NETBANKING,Pending,0,
200,200,9,563742.22,2024-10-16 11:23:00,200,11,4,ATM,Success,0,
897,897,9,527921.83,2025-04-13 15:23:00,897,30,7,NEFT,Success,0,
354,354,8,643940.69,2024-05-15 06:23:00,354,10,6,NETBANKING,Success,1,Multiple Transactions
972,972,6,755878.09,2025-04-08 03:19:00,972,8,3,ATM,Success,0,
383,383,2,721925.36,2025-02-03 09:15:00,383,18,4,UPI,Success,0,
431,431,2,657780.56,2025-04-30 07:15:00,431,16,7,IMPS,Success,0,
857,857,5,59368.67,2025-01-27 22:57:00,857,12,8,NETBANKING,Success,0,
817,817,5,213794.31,2024-06-03 03:03:00,817,24,4,NETBANKING,Success,0,
168,168,7,185463.32,2024-02-25 16:09:00,168,9,9,RTGS,Success,0,
921,921,1,192593.68,2025-02-08 21:10:00,921,4,4,NEFT,Success,0,
638,638,6,262373.32,2024-02-20 18:55:00,638,28,7,NETBANKING,Success,0,
774,774,9,42770.19,2024-06-15 13:23:00,774,11,7,ATM,Success,0,
517,517,10,532039.82,2024-04-07 12:23:00,517,18,7,ATM,Success,0,
909,909,8,403617.82,2025-02-05 22:28:00,909,22,10,NETBANKING,Success,0,
672,672,2,701428.61,2024-01-05 07:58:00,672,10,6,IMPS,Success,0,
55,55,3,687378.06,2024-08-02 03:21:00,55,1,3,POS,Success,0,
183,183,3,683108.18,2024-10-19 13:26:00,183,9,6,NEFT,Success,0,
699,699,7,212004.37,2025-01-19 08:05:00,699,2,3,UPI,Success,0,
461,461,7,642369.87,2024-05-15 10:33:00,461,1,2,NEFT,Success,0,
390,390,1,295521.94,2025-02-16 16:36:00,390,28,3,POS,Success,0,
440,440,5,136275.88,2024-08-25 21:17:00,440,11,6,NEFT,Success,0,
656,656,7,342079.82,2024-12-19 08:21:00,656,2,4,ATM,Success,0,
532,532,8,390191.02,2024-07-21 03:24:00,532,9,5,NEFT,Success,0,
562,562,5,380552.14,2024-06-11 22:37:00,562,3,6,IMPS,Success,0,
941,941,4,317247.52,2025-03-11 07:14:00,941,23,4,NEFT,Success,1,Foreign Location
765,765,6,343879.6,2024-11-23 20:02:00,765,30,3,UPI,Failed,0,
312,312,1,399173.16,2025-04-26 11:17:00,312,6,7,NEFT,Success,0,
466,466,3,525639.11,2024-02-19 21:49:00,466,10,6,RTGS,Success,0,
38,38,5,694872.65,2025-01-24 04:47:00,38,13,5,RTGS,Failed,0,
715,715,4,336969.91,2024-05-05 09:42:00,715,30,7,POS,Success,0,
630,630,4,547248.71,2025-04-17 08:57:00,630,22,7,NEFT,Success,0,
876,876,1,249020.15,2024-05-12 06:12:00,876,25,5,NETBANKING,Success,1,Night Transaction
953,953,8,108923.08,2024-07-01 04:36:00,953,8,10,RTGS,Success,0,
236,236,7,354329.59,2024-04-28 23:18:00,236,29,8,NEFT,Success,0,
311,311,1,547554.92,2024-04-01 21:54:00,311,11,4,RTGS,Success,0,
833,833,8,110173.73,2024-12-09 21:58:00,833,24,8,UPI,Success,0,
399,399,2,261373.58,2024-04-17 18:57:00,399,17,4,NETBANKING,Success,0,
308,308,7,636668.1,2024-05-02 14:23:00,308,16,9,IMPS,Success,0,
421,421,6,227284.88,2024-06-29 18:33:00,421,14,10,POS,Success,1,Foreign Location
653,653,5,729796.88,2024-07-24 14:00:00,653,19,2,NETBANKING,Success,0,
171,171,1,790327.72,2024-01-09 01:02:00,171,29,9,NEFT,Success,0,
36,36,6,486121.63,2024-01-25 05:40:00,36,6,10,NEFT,Success,0,
174,174,3,462953.0,2024-06-07 09:56:00,174,6,9,NETBANKING,Success,0,
167,167,4,289188.32,2024-11-09 15:34:00,167,18,10,POS,Success,0,
150,150,7,68015.61,2024-03-16 15:52:00,150,28,6,RTGS,Success,0,
199,199,1,43946.39,2024-10-05 15:42:00,199,29,1,ATM,Success,0,
761,761,2,464872.45,2024-03-17 23:23:00,761,8,1,UPI,Success,0,
854,854,8,401364.2,2024-09-26 18:27:00,854,26,1,NEFT,Success,0,
867,867,6,530482.31,2025-03-29 16:53:00,867,4,4,ATM,Success,0,
235,235,3,709512.8,2025-01-22 23:48:00,235,30,1,IMPS,Success,0,
291,291,8,53479.03,2024-10-17 10:29:00,291,24,3,NEFT,Success,0,
140,140,10,406675.81,2024-11-22 17:55:00,140,27,8,UPI,Success,0,
66,66,3,674622.3,2024-03-29 20:00:00,66,4,8,POS,Success,0,
519,519,4,75045.66,2025-03-07 06:19:00,519,8,9,IMPS,Success,0,
215,215,2,339083.91,2024-03-25 14:19:00,215,11,7,RTGS,Success,0,
485,485,6,658903.41,2024-05-22 23:34:00,485,12,6,NEFT,Success,0,
783,783,10,524064.82,2024-10-02 11:04:00,783,2,1,ATM,Success,0,
223,223,2,758144.21,2024-09-19 02:32:00,223,23,10,NETBANKING,Success,0,
974,974,6,218967.82,2025-04-18 08:00:00,974,12,8,NEFT,Success,0,
538,538,1,260694.18,2024-01-07 14:41:00,538,16,2,NETBANKING,Success,0,
223,223,9,319234.14,2024-12-08 12:36:00,223,13,2,POS,Success,0,
646,646,7,428493.29,2024-05-25 17:07:00,646,6,3,IMPS,Success,0,
251,251,9,497610.83,2024-04-11 14:35:00,251,6,6,IMPS,Success,0,
441,441,9,515563.77,2024-03-08 18:39:00,441,8,10,NETBANKING,Success,0,
407,407,2,397723.92,2024-01-14 02:58:00,407,1,7,NEFT,Success,0,
497,497,5,23004.0,2024-04-11 00:11:00,497,17,3,ATM,Success,0,
253,253,8,482188.94,2024-01-22 08:18:00,253,27,10,NEFT,Success,0,
121,121,2,406305.12,2024-11-13 23:15:00,121,18,5,NEFT,Success,0,
955,955,8,361985.93,2025-03-13 07:02:00,955,13,8,NEFT,Success,0,
398,398,2,321703.0,2024-08-13 05:22:00,398,2,5,IMPS,Success,0,
204,204,10,752520.22,2024-02-18 11:38:00,204,9,9,ATM,Success,0,
779,779,9,550370.2,2024-08-07 19:53:00,779,3,1,IMPS,Success,0,
655,655,3,312113.46,2024-05-03 12:17:00,655,30,10,ATM,Success,0,
762,762,10,684792.84,2024-02-25 19:45:00,762,21,5,ATM,Success,0,
50,50,8,398217.67,2024-09-18 16:11:00,50,9,6,POS,Success,0,
616,616,2,301126.38,2025-03-29 03:40:00,616,1,9,POS,Success,1,Night Transaction
205,205,8,153559.94,2024-03-24 02:49:00,205,4,6,UPI,Success,0,
42,42,3,62770.44,2024-09-28 07:54:00,42,6,8,UPI,Success,1,New Device
461,461,6,55164.29,2024-08-11 19:26:00,461,26,10,NETBANKING,Success,0,
180,180,2,477884.5,2024-07-21 19:14:00,180,1,5,IMPS,Success,0,
582,582,2,256070.84,2025-02-04 18:15:00,582,1,1,UPI,Success,1,Night Transaction
317,317,4,537110.32,2024-11-26 04:39:00,317,8,4,RTGS,Success,0,
239,239,2,356835.55,2024-04-30 06:01:00,239,11,9,UPI,Success,0,
444,444,6,264908.76,2024-02-27 02:27:00,444,29,9,NEFT,Success,0,
663,663,3,220593.66,2024-03-26 19:35:00,663,22,1,ATM,Success,0,
105,105,8,645265.45,2024-05-15 15:30:00,105,25,2,NETBANKING,Failed,0,
753,753,5,504063.45,2024-06-12 03:46:00,753,4,10,UPI,Success,0,
106,106,9,616214.21,2024-04-20 07:55:00,106,9,2,NETBANKING,Success,0,
12,12,7,705024.98,2024-03-19 00:10:00,12,29,8,UPI,Success,0,
426,426,10,757028.94,2024-04-26 23:30:00,426,8,3,ATM,Success,0,
916,916,5,438807.81,2024-12-15 22:04:00,916,17,4,NETBANKING,Success,0,
619,619,3,554195.76,2024-01-18 08:18:00,619,3,9,IMPS,Success,0,
444,444,10,58069.32,2024-08-24 02:52:00,444,2,9,POS,Success,0,
504,504,2,153240.34,2025-03-07 07:05:00,504,16,2,IMPS,Success,0,
443,443,8,196645.23,2024-10-02 17:33:00,443,8,4,POS,Success,0,
79,79,9,645840.42,2024-10-18 23:08:00,79,9,3,ATM,Success,0,
560,560,2,41646.97,2024-01-21 22:27:00,560,11,1,RTGS,Success,0,
748,748,10,475451.63,2024-02-25 05:04:00,748,26,1,NEFT,Success,0,
120,120,10,56144.07,2025-01-26 01:25:00,120,7,2,ATM,Success,0,
936,936,7,736439.89,2024-11-19 07:42:00,936,5,3,NEFT,Success,0,
142,142,4,701141.86,2024-02-24 03:50:00,142,17,2,POS,Success,0,
418,418,4,657894.95,2025-01-28 08:41:00,418,13,10,POS,Success,0,
325,325,3,375953.68,2024-07-15 21:14:00,325,29,9,NETBANKING,Success,0,
71,71,1,48162.2,2024-07-22 07:44:00,71,17,6,IMPS,Success,0,
562,562,10,75868.68,2025-03-08 21:27:00,562,20,7,NEFT,Success,1,Multiple Transactions
283,283,8,569117.13,2024-11-14 01:24:00,283,10,1,NEFT,Success,0,
554,554,1,42048.37,2025-01-31 15:04:00,554,22,9,IMPS,Success,0,
363,363,7,625858.61,2024-03-18 08:38:00,363,5,10,POS,Success,0,
902,902,5,465683.67,2024-08-02 13:10:00,902,30,8,RTGS,Success,0,
344,344,1,562703.12,2024-02-03 08:06:00,344,14,7,ATM,Success,0,
962,962,2,780423.82,2024-07-23 07:54:00,962,2,6,ATM,Success,0,
51,51,10,23765.09,2025-04-01 01:39:00,51,29,6,IMPS,Success,0,
831,831,3,445707.53,2025-01-08 11:21:00,831,3,1,RTGS,Success,0,
237,237,7,647250.62,2025-01-29 08:33:00,237,7,7,RTGS,Failed,0,
954,954,3,418864.93,2024-05-21 22:47:00,954,20,7,NETBANKING,Success,0,
390,390,9,727701.43,2025-01-01 21:02:00,390,2,8,UPI,Success,0,
463,463,8,719298.68,2024-03-30 04:17:00,463,3,4,NEFT,Success,0,
949,949,6,265835.32,2024-02-18 11:38:00,949,18,8,RTGS,Failed,0,
604,604,7,553625.29,2024-06-10 02:01:00,604,25,10,IMPS,Success,0,
234,234,2,680336.75,2024-10-29 11:07:00,234,4,3,NETBANKING,Success,0,
876,876,1,476426.03,2024-05-12 15:35:00,876,1,3,NEFT,Success,0,
714,714,7,279676.41,2024-09-17 20:27:00,714,6,3,NETBANKING,Success,0,
722,722,7,507602.33,2025-04-15 00:19:00,722,6,6,POS,Success,0,
17,17,4,627923.05,2025-01-09 02:26:00,17,13,8,RTGS,Success,0,
887,887,4,108111.02,2024-08-15 11:52:00,887,14,8,NEFT,Success,0,
951,951,9,561996.02,2024-01-31 15:35:00,951,26,3,POS,Success,0,
484,484,5,204619.91,2024-09-11 02:27:00,484,26,1,RTGS,Success,0,
253,253,1,115987.43,2024-03-05 14:26:00,253,25,3,POS,Success,0,
82,82,8,665157.93,2025-01-13 14:04:00,82,2,10,RTGS,Success,0,
466,466,2,104808.38,2024-10-23 14:33:00,466,30,4,UPI,Success,0,
242,242,1,687654.64,2024-05-10 06:21:00,242,21,8,ATM,Success,0,
142,142,4,54147.6,2024-12-05 01:02:00,142,5,3,UPI,Success,0,
984,984,4,83376.41,2024-08-01 04:41:00,984,5,6,ATM,Success,0,
667,667,1,486004.44,2025-01-15 14:39:00,667,22,10,IMPS,Success,0,
750,750,9,522450.58,2024-09-14 01:10:00,750,10,6,POS,Success,0,
687,687,10,365004.14,2024-08-23 01:06:00,687,13,1,IMPS,Success,0,
976,976,1,735272.18,2024-09-23 22:36:00,976,26,8,IMPS,Success,0,
65,65,8,144459.22,2024-12-25 06:56:00,65,18,4,NETBANKING,Success,0,
314,314,4,413554.24,2025-03-10 09:43:00,314,7,6,NEFT,Success,0,
271,271,6,135656.27,2024-11-18 15:09:00,271,11,9,NEFT,Success,0,
547,547,8,239580.83,2024-06-10 18:04:00,547,4,4,UPI,Success,0,
482,482,5,630559.23,2024-01-22 19:58:00,482,13,7,UPI,Success,0,
133,133,7,781766.43,2024-03-11 18:43:00,133,8,5,ATM,Success,0,
136,136,9,233265.48,2024-02-06 10:48:00,136,30,10,POS,Failed,0,
60,60,4,413175.96,2024-08-16 10:41:00,60,21,2,POS,Success,0,
467,467,4,377281.83,2025-03-27 21:00:00,467,17,4,ATM,Success,1,Night Transaction
270,270,1,272337.14,2024-04-05 16:00:00,270,4,3,NETBANKING,Failed,0,
663,663,10,401664.9,2025-04-27 17:35:00,663,2,8,NETBANKING,Success,0,
420,420,1,433334.68,2024-09-03 00:17:00,420,27,10,UPI,Success,0,
257,257,1,358248.2,2024-08-01 18:12:00,257,8,9,IMPS,Success,0,
690,690,8,270261.59,2025-03-09 12:01:00,690,16,1,IMPS,Success,0,
957,957,6,59450.49,2024-05-30 18:29:00,957,24,10,ATM,Success,0,
158,158,2,394943.56,2024-12-06 00:55:00,158,17,5,IMPS,Success,0,
460,460,7,442826.97,2024-08-17 13:28:00,460,10,2,IMPS,Success,0,
838,838,1,736169.79,2024-03-15 13:15:00,838,16,6,ATM,Success,0,
773,773,10,494208.0,2025-02-16 10:24:00,773,15,2,RTGS,Pending,0,
903,903,5,189740.0,2024-04-14 17:48:00,903,17,4,ATM,Pending,0,
575,575,8,382350.79,2024-03-19 12:48:00,575,7,6,NEFT,Success,0,
917,917,5,240127.27,2025-04-28 10:40:00,917,17,10,POS,Success,0,
954,954,7,71273.14,2024-07-13 20:39:00,954,6,6,RTGS,Success,0,
856,856,9,798386.66,2024-05-11 08:29:00,856,19,6,NETBANKING,Success,0,
178,178,10,47581.63,2024-10-18 15:48:00,178,14,9,POS,Success,0,
741,741,2,276043.66,2024-09-06 14:53:00,741,3,6,UPI,Success,0,
755,755,2,428441.57,2024-09-04 15:40:00,755,21,6,UPI,Success,0,
510,510,6,345005.17,2024-07-04 15:18:00,510,8,4,IMPS,Success,0,
297,297,9,727695.7,2024-10-11 14:08:00,297,30,4,IMPS,Success,0,
622,622,5,1583.72,2024-12-04 13:27:00,622,22,7,NETBANKING,Success,0,
930,930,9,555257.0,2024-05-26 18:08:00,930,24,1,NETBANKING,Success,0,
625,625,1,639561.56,2024-01-16 05:26:00,625,25,7,POS,Success,0,
381,381,10,695199.11,2024-11-08 23:44:00,381,30,8,POS,Success,0,
886,886,4,317031.24,2025-02-07 12:15:00,886,7,6,ATM,Success,0,
747,747,5,289466.61,2024-07-20 13:45:00,747,24,9,POS,Success,0,
871,871,9,477607.39,2024-02-19 02:23:00,871,1,5,IMPS,Success,0,
361,361,9,314827.24,2025-02-22 15:05:00,361,14,8,NETBANKING,Success,0,
629,629,10,300810.48,2025-03-04 22:39:00,629,30,9,ATM,Success,1,Multiple Transactions
110,110,7,246907.28,2024-05-14 07:47:00,110,7,5,NETBANKING,Success,0,
174,174,8,597237.75,2025-02-23 07:13:00,174,18,7,IMPS,Success,0,
109,109,1,404796.89,2025-02-06 13:25:00,109,24,2,IMPS,Success,0,
616,616,9,491064.08,2024-09-25 16:03:00,616,28,3,POS,Success,0,
51,51,10,658900.43,2024-02-03 11:02:00,51,19,3,POS,Success,0,
614,614,1,568727.63,2024-10-31 18:06:00,614,7,4,IMPS,Success,0,
782,782,7,425140.88,2025-01-02 02:58:00,782,16,1,POS,Success,0,
600,600,2,579048.73,2024-11-09 00:08:00,600,15,6,POS,Success,0,
222,222,6,167876.98,2024-05-11 08:42:00,222,9,10,NETBANKING,Success,0,
362,362,4,138181.12,2024-11-17 10:06:00,362,10,4,POS,Success,0,
334,334,9,478632.06,2025-03-05 23:02:00,334,9,1,NETBANKING,Success,0,
465,465,3,406564.18,2024-04-22 07:46:00,465,20,8,RTGS,Success,0,
985,985,2,176544.81,2025-03-29 05:57:00,985,26,6,NEFT,Success,0,
240,240,6,31262.47,2025-04-29 18:51:00,240,22,4,ATM,Failed,0,
843,843,3,456249.85,2024-10-08 02:18:00,843,19,2,RTGS,Success,0,
366,366,10,255677.86,2024-07-03 13:56:00,366,14,3,RTGS,Success,0,
575,575,9,142570.13,2024-02-01 11:51:00,575,1,4,POS,Success,0,
986,986,8,71540.59,2024-06-20 04:21:00,986,13,5,POS,Success,0,
897,897,6,282225.31,2025-04-14 05:24:00,897,11,2,POS,Success,0,
292,292,10,473191.28,2024-04-28 09:19:00,292,28,4,POS,Success,0,
979,979,4,644026.3,2025-03-16 01:12:00,979,27,2,NEFT,Success,0,
190,190,2,475830.5,2024-08-12 01:37:00,190,22,1,ATM,Success,0,
395,395,3,730589.18,2024-06-26 16:22:00,395,4,9,IMPS,Success,0,
526,526,2,633847.1,2024-04-03 05:06:00,526,23,9,NETBANKING,Success,1,New Device
52,52,7,254551.07,2024-02-12 17:03:00,52,21,2,NETBANKING,Success,0,
869,869,7,717221.49,2024-03-10 13:22:00,869,17,7,NETBANKING,Success,0,
332,332,10,544045.65,2024-10-26 05:39:00,332,2,8,NEFT,Success,0,
166,166,9,378900.52,2025-01-26 23:59:00,166,20,5,IMPS,Success,0,
334,334,3,169182.46,2024-07-11 00:34:00,334,26,6,RTGS,Success,0,
45,45,9,754738.6,2024-04-03 17:50:00,45,11,3,POS,Success,0,
222,222,8,635017.89,2024-07-12 13:26:00,222,25,5,NETBANKING,Success,0,
811,811,3,392035.89,2024-12-23 02:10:00,811,13,7,NEFT,Success,0,
908,908,8,163230.08,2024-05-15 19:35:00,908,16,8,UPI,Success,0,
565,565,10,606689.75,2024-04-02 15:37:00,565,16,4,ATM,Success,0,
866,866,7,539687.07,2024-10-03 06:24:00,866,10,6,RTGS,Success,0,
680,680,6,204656.26,2024-01-05 04:51:00,680,16,6,ATM,Success,0,
948,948,9,368729.32,2025-02-14 18:58:00,948,20,3,POS,Success,1,Night Transaction
676,676,10,393968.49,2024-06-16 05:21:00,676,11,8,ATM,Success,0,
976,976,3,733046.95,2024-03-10 02:42:00,976,2,4,UPI,Success,0,
147,147,5,687690.27,2025-03-18 19:23:00,147,3,1,RTGS,Success,0,
658,658,3,592378.17,2025-02-03 17:26:00,658,15,4,NEFT,Success,0,
265,265,9,695950.01,2024-07-13 13:36:00,265,26,1,ATM,Success,0,
201,201,10,362627.73,2025-02-06 13:00:00,201,5,4,ATM,Success,0,
446,446,2,654835.31,2024-12-05 04:17:00,446,21,5,RTGS,Success,0,
204,204,7,225616.07,2024-04-14 02:33:00,204,15,8,ATM,Failed,1,New Device
999,999,2,367464.13,2025-03-30 09:51:00,999,5,9,RTGS,Success,0,
675,675,8,733827.49,2024-02-08 01:37:00,675,30,8,RTGS,Success,0,
478,478,5,219925.79,2024-03-23 02:41:00,478,20,10,ATM,Success,0,
380,380,6,727997.29,2024-02-12 06:56:00,380,26,2,UPI,Success,0,
830,830,9,770900.99,2025-04-03 02:47:00,830,21,3,NETBANKING,Success,0,
494,494,8,10146.73,2024-01-18 08:29:00,494,17,10,RTGS,Success,0,
815,815,2,521486.19,2024-08-10 09:48:00,815,22,8,NETBANKING,Success,0,
156,156,9,698877.62,2024-07-19 18:37:00,156,30,2,IMPS,Failed,0,
48,48,9,774183.29,2025-04-05 07:52:00,48,16,5,POS,Success,0,
671,671,1,482198.89,2024-08-22 11:26:00,671,23,3,RTGS,Success,0,
763,763,8,78373.53,2024-09-26 17:37:00,763,17,7,IMPS,Success,0,
789,789,3,212734.41,2025-03-13 20:39:00,789,21,5,RTGS,Success,0,
768,768,2,644969.92,2024-01-10 09:33:00,768,9,9,ATM,Success,0,
81,81,8,164967.29,2024-03-07 18:22:00,81,27,4,UPI,Success,0,
639,639,5,630124.25,2024-08-28 00:57:00,639,12,2,POS,Success,0,
311,311,4,449030.74,2024-06-09 06:24:00,311,26,9,NETBANKING,Success,0,
429,429,1,361556.64,2024-09-24 07:14:00,429,15,2,UPI,Success,0,
905,905,7,470213.5,2024-06-16 19:07:00,905,5,2,IMPS,Success,0,
44,44,8,174211.94,2024-12-14 08:39:00,44,26,6,POS,Failed,0,
204,204,5,405978.52,2024-07-01 00:24:00,204,6,8,IMPS,Success,0,
749,749,3,6195.91,2024-01-25 10:36:00,749,24,10,NETBANKING,Success,0,
683,683,8,99295.54,2025-03-21 07:31:00,683,20,10,NEFT,Success,0,
168,168,5,656631.06,2024-10-02 15:03:00,168,23,2,NETBANKING,Failed,1,High Amount Transaction
735,735,8,711953.7,2024-09-05 23:25:00,735,18,2,RTGS,Success,0,
19,19,2,62461.31,2024-06-29 17:22:00,19,2,1,POS,Success,0,
179,179,7,22679.11,2024-05-07 09:53:00,179,20,3,NEFT,Pending,0,
278,278,4,387488.04,2024-03-22 03:04:00,278,27,2,UPI,Success,0,
85,85,7,430602.3,2024-12-31 12:30:00,85,2,5,RTGS,Success,0,
244,244,10,766963.04,2025-01-23 01:51:00,244,2,3,POS,Success,0,
418,418,7,652333.72,2024-08-28 08:08:00,418,17,2,NETBANKING,Success,0,
498,498,10,83680.56,2024-02-11 09:15:00,498,23,6,ATM,Success,0,
447,447,1,784973.48,2024-06-19 12:23:00,447,17,1,RTGS,Success,0,
753,753,4,675422.22,2024-02-16 05:11:00,753,28,2,UPI,Success,0,
15,15,7,432180.3,2024-08-08 21:41:00,15,12,9,UPI,Success,0,
790,790,1,374927.35,2024-12-25 22:49:00,790,14,2,POS,Success,0,
989,989,1,673803.89,2024-07-10 20:01:00,989,28,2,NEFT,Success,0,
331,331,10,461943.49,2024-02-17 21:27:00,331,12,10,POS,Success,0,
599,599,1,621282.53,2024-01-03 16:44:00,599,11,5,NEFT,Success,0,
838,838,9,417508.77,2024-06-29 22:21:00,838,25,3,UPI,Success,0,
632,632,1,493092.96,2024-02-11 02:17:00,632,12,6,POS,Success,1,Night Transaction
551,551,5,412913.15,2025-04-08 01:59:00,551,7,6,UPI,Success,0,
623,623,10,240269.42,2025-02-13 20:45:00,623,17,8,ATM,Success,0,
463,463,7,549300.48,2024-05-02 06:38:00,463,5,9,ATM,Failed,0,
40,40,4,362949.95,2024-12-11 12:24:00,40,28,4,RTGS,Success,0,
112,112,5,146255.19,2024-11-30 09:59:00,112,7,7,UPI,Success,0,
101,101,5,511477.21,2024-09-12 08:07:00,101,17,3,POS,Success,0,
66,66,1,556160.24,2024-03-19 10:24:00,66,7,4,RTGS,Success,0,
875,875,2,94956.32,2024-06-25 12:54:00,875,10,9,IMPS,Success,0,
43,43,6,594139.71,2024-10-16 15:18:00,43,18,6,NEFT,Success,0,
107,107,3,37648.3,2024-10-01 12:35:00,107,28,7,UPI,Success,0,
735,735,1,36633.02,2024-10-12 18:00:00,735,6,9,NEFT,Success,0,
447,447,8,41262.27,2024-01-18 05:01:00,447,30,5,NETBANKING,Success,0,
483,483,9,38971.75,2024-05-16 18:54:00,483,5,6,IMPS,Success,0,
121,121,1,241747.22,2025-04-29 05:44:00,121,25,4,ATM,Success,0,
361,361,5,648138.95,2024-11-08 03:26:00,361,9,10,NEFT,Success,0,
750,750,9,54806.4,2024-02-11 18:17:00,750,19,6,POS,Success,0,
581,581,3,778977.42,2024-09-29 18:09:00,581,23,8,UPI,Success,0,
352,352,2,351909.72,2024-04-16 18:29:00,352,11,9,NETBANKING,Success,0,
826,826,9,388221.56,2025-03-31 09:28:00,826,10,10,RTGS,Success,0,
232,232,4,532014.37,2025-01-10 08:29:00,232,17,5,POS,Success,0,
610,610,9,615612.28,2025-04-28 14:56:00,610,11,8,ATM,Success,0,
774,774,6,598304.19,2024-01-05 09:33:00,774,8,5,UPI,Success,0,
14,14,6,669569.71,2024-01-21 22:37:00,14,25,4,RTGS,Success,0,
505,505,10,125069.76,2024-06-20 22:25:00,505,1,1,UPI,Success,0,
132,132,2,421402.51,2024-12-08 23:24:00,132,20,10,POS,Success,0,
511,511,6,730747.96,2024-09-16 17:39:00,511,29,6,RTGS,Success,0,
545,545,1,430130.66,2024-06-14 05:42:00,545,2,1,IMPS,Success,0,
668,668,8,751883.15,2024-05-03 03:58:00,668,23,8,NEFT,Success,0,
941,941,6,74162.68,2024-02-15 14:23:00,941,10,4,RTGS,Success,0,
812,812,6,515184.71,2024-06-13 15:04:00,812,15,2,NETBANKING,Success,0,
423,423,2,661378.98,2024-08-06 15:31:00,423,19,6,IMPS,Success,0,
333,333,8,128571.11,2024-03-21 14:07:00,333,18,6,POS,Success,0,
317,317,1,433329.95,2024-03-03 18:55:00,317,3,4,RTGS,Success,0,
163,163,5,178053.51,2025-04-01 17:58:00,163,13,5,IMPS,Success,0,
465,465,10,660840.55,2024-03-07 19:58:00,465,25,6,IMPS,Success,0,
572,572,9,269181.04,2024-05-06 11:26:00,572,20,1,NETBANKING,Success,0,
213,213,10,765984.46,2024-12-06 20:26:00,213,10,6,IMPS,Success,0,
147,147,5,427983.12,2024-05-25 06:47:00,147,28,3,IMPS,Success,0,
568,568,3,437729.3,2025-01-29 21:48:00,568,8,6,IMPS,Failed,0,
624,624,1,542084.03,2025-02-26 13:43:00,624,28,3,RTGS,Success,0,
27,27,1,60228.47,2024-03-21 17:15:00,27,29,4,NETBANKING,Success,0,
869,869,8,335316.77,2025-02-21 10:48:00,869,11,9,NETBANKING,Pending,1,Night Transaction
11,11,10,154821.17,2025-03-31 08:58:00,11,18,2,IMPS,Success,0,
71,71,10,101896.96,2024-08-20 22:25:00,71,10,2,ATM,Success,1,Night Transaction
418,418,1,129311.98,2024-06-09 15:51:00,418,19,4,NEFT,Failed,0,
133,133,1,385231.02,2024-07-19 22:31:00,133,28,8,NEFT,Success,0,
450,450,9,183769.01,2025-01-17 14:31:00,450,2,3,ATM,Success,0,
825,825,2,518321.36,2024-09-22 02:51:00,825,15,5,NETBANKING,Success,0,
692,692,9,452371.33,2025-03-24 11:34:00,692,13,1,RTGS,Success,0,
882,882,2,59161.14,2024-01-30 02:18:00,882,7,6,UPI,Success,0,
832,832,9,34221.32,2024-06-17 21:40:00,832,1,2,IMPS,Success,0,
724,724,5,19291.7,2024-12-27 19:27:00,724,14,8,IMPS,Success,0,
494,494,9,361354.81,2024-07-23 18:09:00,494,25,2,NEFT,Success,0,
119,119,1,436840.44,2024-03-22 15:40:00,119,29,2,ATM,Success,0,
417,417,3,591621.53,2024-04-16 14:31:00,417,10,5,UPI,Success,0,
840,840,3,21708.63,2024-04-02 08:03:00,840,3,10,RTGS,Success,0,
119,119,10,217501.38,2024-12-01 10:18:00,119,23,7,UPI,Success,0,
78,78,5,574984.73,2024-11-25 22:40:00,78,6,5,NEFT,Success,1,New Device
960,960,6,61832.1,2024-01-13 04:28:00,960,25,3,POS,Success,0,
984,984,5,426413.93,2024-03-07 10:32:00,984,12,3,POS,Success,0,
166,166,6,349165.65,2024-09-20 19:31:00,166,14,4,ATM,Success,0,
895,895,4,397503.17,2025-03-31 12:23:00,895,20,3,IMPS,Success,0,
214,214,9,10599.08,2025-02-11 09:37:00,214,12,7,RTGS,Success,1,New Device
490,490,7,352668.55,2025-01-06 04:20:00,490,7,8,ATM,Failed,0,
418,418,1,87152.07,2024-03-15 09:30:00,418,29,9,RTGS,Success,0,
122,122,10,615798.15,2024-08-15 00:41:00,122,12,1,NETBANKING,Success,0,
95,95,10,229355.91,2024-09-06 05:20:00,95,25,7,NEFT,Success,0,
493,493,9,348385.59,2024-10-12 10:23:00,493,5,8,POS,Success,0,
960,960,8,763629.54,2024-09-23 16:36:00,960,4,7,POS,Success,0,
516,516,1,108436.68,2024-01-10 12:54:00,516,26,3,POS,Success,0,
478,478,3,707007.52,2025-03-25 13:44:00,478,16,2,ATM,Success,0,
149,149,2,444103.02,2024-01-14 19:42:00,149,18,8,ATM,Success,0,
155,155,7,569304.08,2024-07-22 02:44:00,155,5,10,ATM,Success,0,
52,52,8,65040.73,2024-07-30 16:51:00,52,9,4,RTGS,Failed,0,
953,953,2,515610.11,2025-03-25 11:56:00,953,29,4,RTGS,Success,0,
519,519,10,146586.5,2024-10-21 19:30:00,519,18,1,NEFT,Success,0,
599,599,5,752089.12,2024-06-15 11:07:00,599,3,6,NETBANKING,Success,1,Multiple Transactions
380,380,7,96846.01,2025-01-18 13:57:00,380,19,9,NEFT,Success,0,
392,392,1,230023.49,2024-06-12 16:59:00,392,2,4,ATM,Success,0,
937,937,2,269336.17,2024-12-24 21:38:00,937,12,6,NEFT,Success,0,
854,854,8,740098.01,2024-07-14 08:02:00,854,28,6,NEFT,Success,0,
819,819,1,670976.66,2024-11-20 06:21:00,819,30,2,RTGS,Success,0,
357,357,5,459676.45,2024-05-11 16:47:00,357,29,9,IMPS,Success,0,
624,624,3,286213.05,2024-04-12 01:38:00,624,12,8,IMPS,Success,0,
390,390,5,775982.68,2025-02-05 05:38:00,390,13,7,NETBANKING,Success,0,
62,62,9,379073.54,2024-05-19 09:17:00,62,1,4,POS,Success,0,
254,254,4,399180.27,2024-01-20 07:02:00,254,6,2,NETBANKING,Success,0,
336,336,3,618609.1,2024-10-19 14:12:00,336,6,8,NEFT,Success,0,
85,85,6,707175.87,2024-05-05 14:19:00,85,13,9,UPI,Success,0,
972,972,7,253003.3,2024-02-09 09:05:00,972,24,1,NEFT,Pending,0,
716,716,8,5450.51,2024-10-18 06:06:00,716,21,10,UPI,Failed,0,
139,139,1,684026.3,2025-04-04 05:43:00,139,12,1,IMPS,Success,0,
339,339,9,152818.84,2025-01-27 12:27:00,339,16,4,ATM,Success,0,
195,195,5,398189.23,2024-06-04 03:05:00,195,23,6,UPI,Success,0,
199,199,10,649991.61,2024-07-24 11:12:00,199,26,8,NETBANKING,Success,0,
482,482,7,98924.21,2024-11-11 16:01:00,482,4,2,NETBANKING,Success,0,
247,247,6,736069.51,2024-07-05 07:41:00,247,29,3,NEFT,Success,0,
36,36,9,137891.84,2024-12-31 11:27:00,36,24,3,IMPS,Success,0,
449,449,2,391171.32,2025-03-23 13:26:00,449,10,6,NETBANKING,Success,0,
648,648,2,219101.53,2024-08-25 14:28:00,648,26,5,NETBANKING,Success,0,
718,718,1,79408.61,2024-11-10 05:50:00,718,4,1,NETBANKING,Success,0,
172,172,1,404928.1,2024-01-19 04:48:00,172,16,7,RTGS,Success,0,
90,90,2,139316.88,2025-02-09 23:30:00,90,18,2,IMPS,Success,0,
835,835,3,728268.09,2024-07-18 22:14:00,835,2,2,NEFT,Success,0,
99,99,1,684576.1,2024-09-07 18:14:00,99,15,7,RTGS,Success,0,
467,467,3,548454.27,2024-08-07 07:03:00,467,21,3,NEFT,Pending,0,
32,32,8,446873.94,2025-01-07 00:56:00,32,5,1,NETBANKING,Success,0,
729,729,8,763687.82,2024-10-01 21:32:00,729,23,2,ATM,Success,0,
298,298,8,196623.08,2024-11-27 13:53:00,298,24,5,NEFT,Success,0,
523,523,7,215380.18,2024-06-08 03:57:00,523,6,10,NEFT,Success,0,
572,572,9,28848.84,2024-03-17 13:11:00,572,6,10,NETBANKING,Success,0,
964,964,1,359690.89,2025-03-20 13:10:00,964,20,2,IMPS,Success,0,
118,118,9,289029.11,2025-03-11 20:26:00,118,19,4,UPI,Failed,0,
333,333,6,728439.27,2024-10-11 04:56:00,333,7,7,RTGS,Success,0,
360,360,6,607579.48,2024-06-20 10:20:00,360,5,8,ATM,Success,0,
282,282,9,680852.75,2025-01-16 23:09:00,282,23,4,NETBANKING,Success,0,
211,211,6,28772.63,2024-11-25 21:45:00,211,18,3,ATM,Success,0,
293,293,4,350123.6,2025-03-25 01:27:00,293,8,10,NETBANKING,Success,0,
642,642,3,562023.8,2024-12-26 03:05:00,642,27,2,POS,Success,0,
458,458,8,22466.0,2024-04-01 05:06:00,458,19,1,NETBANKING,Pending,0,
94,94,9,93321.47,2024-08-23 12:13:00,94,4,7,UPI,Success,0,
376,376,6,408856.64,2024-10-05 05:36:00,376,1,5,NETBANKING,Success,0,
77,77,3,250309.3,2024-04-04 09:18:00,77,9,4,IMPS,Success,0,
509,509,7,27147.09,2024-08-05 09:01:00,509,1,7,UPI,Success,0,
889,889,10,635714.72,2025-03-04 11:15:00,889,3,5,NEFT,Failed,0,
63,63,10,347089.84,2025-04-05 02:01:00,63,19,2,UPI,Success,0,
479,479,2,788995.33,2025-02-11 11:13:00,479,30,7,POS,Success,0,
552,552,8,133988.25,2024-04-02 21:58:00,552,2,3,POS,Success,1,Night Transaction
371,371,8,10573.01,2024-12-31 10:37:00,371,15,4,UPI,Success,0,
937,937,8,564958.66,2025-01-06 22:20:00,937,2,4,NETBANKING,Success,0,
903,903,6,413731.22,2025-03-23 00:08:00,903,8,9,NEFT,Success,0,
974,974,7,669229.49,2024-09-10 13:48:00,974,3,1,UPI,Success,0,
123,123,7,343756.58,2024-12-29 13:09:00,123,29,4,POS,Success,1,New Device
443,443,4,654138.76,2025-02-19 06:57:00,443,5,3,ATM,Success,0,
139,139,10,223470.66,2024-11-25 18:07:00,139,9,9,NETBANKING,Success,0,
511,511,5,733769.92,2024-05-05 23:07:00,511,7,3,NETBANKING,Failed,0,
595,595,8,363370.18,2025-02-09 13:33:00,595,19,1,NETBANKING,Success,0,
233,233,10,398758.08,2025-04-01 14:06:00,233,10,1,NETBANKING,Success,0,
946,946,5,226759.16,2024-08-22 21:46:00,946,2,4,UPI,Success,0,
233,233,2,372956.85,2024-08-06 10:04:00,233,25,6,POS,Success,0,
586,586,6,654093.49,2024-10-06 03:21:00,586,22,4,NETBANKING,Success,0,
698,698,2,370758.6,2025-04-15 17:21:00,698,29,2,NETBANKING,Success,0,
733,733,3,161411.59,2024-12-01 13:09:00,733,9,9,UPI,Success,0,
227,227,6,17650.75,2024-03-25 11:42:00,227,1,5,POS,Success,0,
513,513,9,40971.12,2025-03-10 08:54:00,513,22,10,RTGS,Failed,0,
37,37,3,114660.67,2025-01-20 12:11:00,37,7,1,ATM,Success,0,
126,126,4,69651.87,2024-05-10 21:22:00,126,22,4,NEFT,Success,0,
838,838,2,665685.45,2024-03-30 22:10:00,838,5,7,ATM,Success,0,
185,185,9,113861.2,2024-09-03 14:14:00,185,11,7,UPI,Success,0,
572,572,6,795141.32,2025-01-02 10:23:00,572,28,7,IMPS,Success,0,
359,359,1,255534.23,2025-04-12 08:38:00,359,22,4,RTGS,Success,0,
911,911,6,304953.19,2024-12-14 11:41:00,911,5,7,RTGS,Success,0,
97,97,2,648844.96,2024-07-30 15:17:00,97,21,2,ATM,Success,0,
540,540,3,506446.17,2025-04-07 22:10:00,540,7,10,POS,Pending,0,
948,948,10,404063.83,2025-04-06 04:10:00,948,6,9,POS,Success,0,
904,904,7,783708.56,2025-01-03 09:24:00,904,19,1,POS,Success,0,
182,182,5,721985.48,2024-03-27 02:55:00,182,28,8,RTGS,Success,0,
970,970,4,758000.88,2024-08-26 01:30:00,970,26,10,RTGS,Success,0,
981,981,8,668578.61,2025-02-21 10:00:00,981,12,1,POS,Success,0,
376,376,1,209065.48,2024-01-13 01:18:00,376,23,3,RTGS,Success,0,
918,918,7,377692.37,2024-01-11 05:02:00,918,4,9,ATM,Success,0,
914,914,9,217066.09,2025-01-18 15:56:00,914,21,6,ATM,Success,0,
146,146,4,496076.75,2024-09-20 14:27:00,146,12,5,NETBANKING,Success,0,
222,222,1,676160.34,2024-06-09 08:08:00,222,3,4,IMPS,Success,0,
506,506,2,590345.81,2025-04-08 06:05:00,506,11,2,POS,Success,0,
740,740,10,258202.23,2024-06-21 08:35:00,740,15,10,UPI,Success,0,
239,239,7,150174.68,2024-04-15 21:17:00,239,1,9,POS,Pending,1,Multiple Transactions
179,179,1,651518.8,2024-05-19 18:20:00,179,5,8,RTGS,Success,0,
643,643,3,412356.38,2024-01-18 08:23:00,643,18,7,IMPS,Success,0,
689,689,6,732984.82,2024-04-02 08:01:00,689,20,1,POS,Success,0,
450,450,10,533644.66,2025-01-29 11:38:00,450,16,9,NETBANKING,Success,0,
973,973,3,293869.67,2025-02-15 17:24:00,973,20,7,NEFT,Success,0,
804,804,4,581840.74,2024-03-04 08:55:00,804,10,6,NEFT,Success,0,
729,729,3,140197.29,2024-04-28 06:47:00,729,13,6,NETBANKING,Failed,0,
789,789,3,493523.84,2024-07-09 21:22:00,789,9,1,IMPS,Success,0,
937,937,9,236864.54,2025-03-31 20:34:00,937,2,1,NEFT,Success,0,
83,83,1,211664.68,2025-01-24 19:45:00,83,25,5,NEFT,Success,0,
438,438,8,523525.92,2024-07-06 16:14:00,438,9,3,ATM,Success,0,
273,273,6,605419.57,2024-02-12 17:43:00,273,30,8,UPI,Success,0,
977,977,6,130785.25,2024-05-14 02:53:00,977,30,10,RTGS,Success,0,
198,198,8,600901.76,2024-05-02 14:03:00,198,29,1,NETBANKING,Success,0,
763,763,6,683162.48,2024-10-25 12:34:00,763,29,6,ATM,Failed,0,
78,78,2,415607.25,2025-04-26 20:04:00,78,20,1,UPI,Success,0,
631,631,4,231894.49,2024-07-03 16:01:00,631,10,1,UPI,Success,0,
901,901,10,457570.77,2024-10-30 19:02:00,901,30,9,UPI,Success,0,
47,47,5,280406.17,2024-08-19 19:21:00,47,13,7,NETBANKING,Success,0,
181,181,6,408264.4,2024-12-12 15:36:00,181,25,9,ATM,Success,0,
35,35,7,737952.19,2024-09-21 01:17:00,35,21,4,NEFT,Success,0,
787,787,2,728821.93,2024-02-24 12:18:00,787,5,5,UPI,Success,0,
426,426,6,389575.33,2024-02-29 01:27:00,426,27,2,NETBANKING,Success,0,
474,474,8,219462.86,2024-08-06 08:27:00,474,20,8,IMPS,Success,0,
493,493,1,779697.99,2025-01-01 12:33:00,493,12,1,UPI,Success,0,
513,513,6,362538.58,2024-11-27 07:22:00,513,10,3,NETBANKING,Success,0,
46,46,6,764248.7,2025-01-11 07:34:00,46,11,6,UPI,Success,0,
369,369,7,339960.1,2024-02-09 00:34:00,369,2,9,ATM,Success,0,
420,420,4,778646.43,2024-12-03 18:39:00,420,29,8,UPI,Success,0,
898,898,2,234921.59,2024-08-23 16:29:00,898,17,8,UPI,Pending,0,
438,438,7,12208.09,2024-02-25 10:20:00,438,25,6,IMPS,Success,1,High Amount Transaction
285,285,3,81135.04,2024-08-27 15:11:00,285,11,10,ATM,Success,0,
256,256,5,48743.34,2025-04-17 10:00:00,256,6,10,ATM,Success,0,
839,839,7,169013.37,2024-10-06 13:40:00,839,1,9,UPI,Success,0,
531,531,1,648811.23,2024-07-15 22:07:00,531,18,8,ATM,Success,0,
628,628,10,605702.29,2024-10-11 19:16:00,628,23,4,NEFT,Success,0,
221,221,8,566799.18,2024-04-12 12:43:00,221,13,7,POS,Success,0,
424,424,7,702971.15,2024-03-20 08:33:00,424,26,5,IMPS,Success,0,
461,461,2,212235.73,2024-02-22 15:27:00,461,9,7,NEFT,Success,0,
158,158,10,334495.88,2024-08-29 00:15:00,158,27,9,NEFT,Success,0,
313,313,2,479759.22,2024-09-22 09:57:00,313,11,3,RTGS,Success,0,
944,944,7,711320.48,2025-04-01 05:19:00,944,7,7,IMPS,Pending,0,
710,710,4,522323.63,2024-09-25 11:48:00,710,9,6,RTGS,Success,0,
850,850,8,595946.47,2024-08-15 08:48:00,850,17,1,NETBANKING,Success,0,
549,549,1,319324.54,2024-05-07 18:36:00,549,17,3,POS,Success,0,
887,887,6,5817.84,2024-11-19 07:08:00,887,8,7,IMPS,Success,0,
630,630,4,272890.38,2024-02-12 11:15:00,630,9,5,IMPS,Success,0,
444,444,1,4548.44,2025-01-26 05:07:00,444,22,3,IMPS,Success,1,High Amount Transaction
184,184,9,151971.27,2024-07-26 08:35:00,184,12,2,NETBANKING,Success,0,
779,779,3,394691.46,2024-10-04 20:41:00,779,23,2,NEFT,Failed,0,
641,641,3,526445.83,2025-03-07 01:30:00,641,18,1,IMPS,Success,0,
512,512,2,349508.65,2024-01-26 19:40:00,512,15,3,NETBANKING,Success,1,New Device
582,582,4,171286.22,2024-08-12 09:41:00,582,22,9,UPI,Success,0,
781,781,8,459518.01,2024-04-11 06:39:00,781,3,3,UPI,Success,0,
202,202,9,113307.68,2025-01-09 17:04:00,202,25,4,ATM,Success,0,
766,766,2,342090.95,2025-04-22 08:23:00,766,17,10,NEFT,Success,0,
576,576,5,690970.48,2024-10-21 14:14:00,576,16,8,RTGS,Success,0,
977,977,10,425861.39,2025-01-18 15:34:00,977,22,7,POS,Success,0,
110,110,7,306199.12,2025-02-22 09:31:00,110,11,10,RTGS,Success,0,
779,779,4,499112.99,2024-04-16 00:07:00,779,15,2,NEFT,Success,0,
329,329,8,665285.2,2024-07-05 05:00:00,329,30,4,IMPS,Success,0,
568,568,5,511541.75,2024-02-10 16:27:00,568,14,2,NEFT,Success,0,
885,885,9,456769.27,2024-08-07 08:38:00,885,26,7,NETBANKING,Success,0,
148,148,7,192697.9,2024-10-06 15:03:00,148,28,4,NETBANKING,Success,0,
774,774,8,562121.26,2025-04-12 03:47:00,774,27,1,RTGS,Success,0,
774,774,5,131171.39,2024-02-19 10:57:00,774,14,9,POS,Success,0,
278,278,8,762211.19,2024-04-03 09:43:00,278,21,2,NETBANKING,Success,0,
513,513,10,445325.11,2024-03-15 04:13:00,513,29,5,IMPS,Success,0,
863,863,9,778668.73,2024-07-23 09:01:00,863,19,3,POS,Success,0,
223,223,10,148665.06,2024-04-23 00:18:00,223,23,6,IMPS,Success,0,
778,778,8,678962.29,2025-03-17 13:24:00,778,19,4,NETBANKING,Success,0,
592,592,3,706904.59,2024-01-25 14:12:00,592,24,3,POS,Success,0,
893,893,3,628154.09,2024-11-03 07:40:00,893,23,6,IMPS,Success,0,
619,619,6,45880.25,2024-01-08 21:20:00,619,15,8,POS,Success,0,
261,261,6,140514.55,2024-08-24 07:29:00,261,16,1,NEFT,Success,0,
481,481,8,18526.28,2025-03-13 00:27:00,481,16,6,POS,Success,0,
436,436,10,708694.69,2024-09-22 21:34:00,436,6,10,POS,Failed,0,
359,359,6,209304.96,2025-02-08 07:09:00,359,28,7,NETBANKING,Success,0,
458,458,4,633708.4,2024-01-09 23:12:00,458,6,1,ATM,Success,0,
960,960,6,270682.62,2024-04-05 22:29:00,960,7,5,POS,Success,0,
152,152,7,737622.18,2025-01-29 21:55:00,152,24,3,POS,Success,0,
234,234,8,610494.25,2025-01-29 17:50:00,234,2,9,NEFT,Success,0,
897,897,10,670486.7,2025-02-18 17:13:00,897,3,5,RTGS,Success,0,
925,925,9,701035.33,2024-08-17 20:21:00,925,1,5,IMPS,Success,0,
773,773,4,245461.79,2024-05-17 12:30:00,773,14,3,POS,Success,0,
65,65,6,720586.35,2025-03-03 03:22:00,65,19,10,NEFT,Success,0,
643,643,1,482013.95,2024-07-26 21:31:00,643,10,1,POS,Success,0,
835,835,9,354391.5,2024-01-27 13:19:00,835,24,8,NETBANKING,Success,0,
180,180,1,473233.07,2024-11-05 05:16:00,180,5,2,UPI,Failed,0,
570,570,8,22699.86,2025-03-14 04:26:00,570,8,5,UPI,Success,0,
361,361,2,690678.26,2024-12-03 04:21:00,361,13,4,IMPS,Success,0,
19,19,1,268969.91,2024-06-28 20:08:00,19,10,9,NEFT,Success,0,
141,141,10,746617.88,2025-02-27 10:00:00,141,27,2,NETBANKING,Success,0,
238,238,3,77933.43,2024-02-09 00:50:00,238,30,5,ATM,Success,0,
1000,1000,3,286412.75,2024-05-15 17:59:00,1000,12,1,RTGS,Success,0,
838,838,1,637676.03,2024-07-06 08:55:00,838,30,5,IMPS,Success,0,
512,512,10,512596.84,2024-10-05 16:22:00,512,5,2,ATM,Success,0,
685,685,9,786919.26,2025-01-19 11:32:00,685,19,9,ATM,Success,0,
534,534,8,684609.07,2024-09-04 07:21:00,534,26,3,POS,Success,0,
467,467,5,440573.35,2024-11-17 04:39:00,467,7,7,RTGS,Success,0,
215,215,5,797441.11,2025-04-07 19:29:00,215,1,3,NETBANKING,Success,0,
243,243,5,706255.99,2024-02-11 04:53:00,243,27,7,IMPS,Success,0,
675,675,5,215007.79,2024-07-07 05:41:00,675,13,5,POS,Success,0,
71,71,5,310561.28,2024-01-09 15:54:00,71,15,6,IMPS,Success,0,
106,106,4,159514.73,2024-08-18 12:44:00,106,21,8,ATM,Success,0,
520,520,8,534515.91,2024-07-02 09:58:00,520,2,6,NEFT,Success,0,
893,893,9,426092.36,2024-09-21 07:02:00,893,13,8,RTGS,Success,0,
773,773,8,24953.36,2024-01-07 09:26:00,773,11,9,NETBANKING,Success,0,
607,607,8,306533.78,2024-01-03 17:28:00,607,22,7,ATM,Success,0,
706,706,9,152848.01,2024-04-27 00:58:00,706,11,9,ATM,Success,1,Night Transaction
298,298,7,595993.41,2024-09-25 16:43:00,298,20,9,NETBANKING,Success,0,
50,50,7,96106.51,2024-07-20 02:55:00,50,8,3,NETBANKING,Success,0,
643,643,3,600105.15,2024-05-19 15:28:00,643,12,6,ATM,Success,0,
798,798,5,598308.18,2024-07-02 13:07:00,798,19,5,NEFT,Success,0,
989,989,6,630514.38,2024-02-11 17:55:00,989,5,10,IMPS,Success,0,
987,987,4,728988.06,2024-09-24 04:30:00,987,29,8,UPI,Success,1,High Amount Transaction
902,902,10,751083.13,2025-01-11 18:42:00,902,10,6,NEFT,Success,0,
728,728,8,424691.15,2024-05-29 03:23:00,728,19,6,RTGS,Success,0,
103,103,5,695770.83,2025-04-09 18:46:00,103,26,8,POS,Success,0,
812,812,1,529918.39,2024-03-28 09:50:00,812,12,1,POS,Success,0,
16,16,3,178441.09,2024-05-09 23:08:00,16,4,8,POS,Pending,0,
565,565,9,371124.73,2025-02-22 01:25:00,565,9,7,IMPS,Success,0,
925,925,3,342375.48,2024-06-03 07:28:00,925,14,1,RTGS,Success,0,
311,311,6,176926.93,2024-11-17 04:53:00,311,11,5,UPI,Success,0,
728,728,2,244234.62,2025-01-21 07:19:00,728,2,2,NETBANKING,Success,0,
531,531,10,785995.28,2024-02-11 20:53:00,531,4,4,ATM,Success,0,
771,771,9,391697.27,2024-07-27 08:27:00,771,3,1,ATM,Failed,0,
933,933,8,645595.71,2024-01-04 16:14:00,933,3,10,POS,Success,0,
196,196,3,526729.17,2024-10-03 08:13:00,196,15,2,UPI,Success,0,
236,236,2,370760.49,2024-08-06 05:57:00,236,6,6,RTGS,Success,0,
816,816,6,333911.25,2025-03-09 16:34:00,816,29,4,RTGS,Success,0,
480,480,10,29080.86,2024-06-23 01:09:00,480,9,2,RTGS,Failed,0,
585,585,9,6041.2,2024-08-15 00:58:00,585,14,4,UPI,Success,0,
590,590,8,494254.29,2024-01-21 03:11:00,590,21,4,NETBANKING,Success,0,
969,969,3,515473.94,2025-01-05 08:22:00,969,27,9,IMPS,Success,0,
210,210,1,349295.91,2024-04-02 19:56:00,210,24,1,NETBANKING,Success,0,
847,847,2,242183.76,2024-09-14 08:47:00,847,7,4,RTGS,Success,0,
202,202,3,52749.73,2024-09-09 22:35:00,202,29,1,IMPS,Success,0,
865,865,5,140761.49,2024-08-23 11:16:00,865,23,8,NEFT,Success,0,
900,900,7,134199.25,2024-03-02 00:00:00,900,3,8,UPI,Success,0,
140,140,5,660024.14,2024-10-29 06:06:00,140,26,3,NEFT,Success,0,
316,316,7,80400.27,2024-11-20 13:14:00,316,2,8,POS,Success,0,
277,277,7,529628.5,2025-04-07 02:47:00,277,5,1,IMPS,Success,1,Foreign Location
75,75,1,690823.9,2025-04-18 17:03:00,75,27,6,ATM,Success,0,
411,411,3,263326.6,2024-07-25 21:18:00,411,16,9,POS,Success,0,
173,173,8,549890.74,2024-08-27 02:20:00,173,17,5,UPI,Pending,0,
508,508,4,46634.95,2024-07-07 23:59:00,508,23,2,RTGS,Success,0,
829,829,6,427466.18,2024-03-09 09:10:00,829,27,3,IMPS,Success,0,
205,205,4,351967.1,2024-05-27 10:08:00,205,2,3,RTGS,Success,0,
169,169,7,561439.69,2024-11-18 11:19:00,169,4,2,NETBANKING,Success,0,
982,982,2,475486.53,2025-03-03 07:18:00,982,10,5,IMPS,Success,1,Night Transaction
197,197,8,414960.76,2025-02-03 06:14:00,197,2,3,NETBANKING,Success,0,
71,71,8,538597.44,2024-08-21 12:33:00,71,3,2,POS,Success,0,
401,401,2,2135.52,2024-01-03 15:32:00,401,6,1,NETBANKING,Success,1,New Device
292,292,4,603447.47,2024-09-19 21:33:00,292,7,1,NETBANKING,Success,0,
813,813,4,771350.18,2024-12-07 20:06:00,813,16,4,ATM,Success,1,New Device
239,239,7,784516.31,2024-04-08 04:52:00,239,1,2,NEFT,Success,0,
712,712,4,368843.85,2025-03-16 15:58:00,712,25,1,NETBANKING,Success,0,
513,513,4,591883.78,2024-04-09 01:56:00,513,11,2,RTGS,Success,0,
364,364,3,298512.35,2024-03-21 20:48:00,364,6,3,IMPS,Success,0,
185,185,8,166471.28,2025-03-06 09:11:00,185,4,3,UPI,Success,0,
547,547,2,353900.88,2024-10-12 17:06:00,547,3,10,POS,Success,0,
551,551,8,595857.59,2025-02-18 05:19:00,551,19,7,NETBANKING,Success,0,
886,886,5,793204.74,2025-01-31 08:41:00,886,14,7,UPI,Success,0,
297,297,5,678344.67,2025-04-05 10:36:00,297,25,9,ATM,Success,0,
574,574,6,710183.28,2024-05-28 12:33:00,574,6,7,RTGS,Success,0,
999,999,6,710549.51,2024-11-28 07:10:00,999,15,7,ATM,Success,0,
337,337,6,231291.34,2024-02-07 16:24:00,337,2,9,NETBANKING,Success,0,
361,361,5,647395.29,2024-11-15 11:32:00,361,15,8,IMPS,Success,0,
32,32,6,679207.13,2024-04-10 15:02:00,32,13,6,ATM,Success,0,
416,416,2,762550.4,2025-02-18 12:59:00,416,26,3,NETBANKING,Success,0,
995,995,10,3097.14,2024-09-25 01:15:00,995,2,10,UPI,Success,0,
216,216,4,472957.37,2025-04-09 08:43:00,216,13,7,NETBANKING,Success,0,
920,920,8,723.2,2024-09-21 20:53:00,920,24,6,ATM,Success,0,
400,400,10,218331.44,2024-05-17 10:48:00,400,11,4,IMPS,Success,0,
941,941,2,573102.12,2024-11-09 14:13:00,941,18,8,UPI,Success,0,
225,225,8,77475.87,2025-04-27 18:42:00,225,13,7,UPI,Success,0,
561,561,5,343031.84,2024-07-15 09:21:00,561,9,5,ATM,Success,0,
97,97,9,453163.19,2024-10-27 02:09:00,97,15,1,POS,Success,0,
600,600,8,535962.76,2025-02-05 00:52:00,600,29,3,IMPS,Success,0,
524,524,1,379117.61,2024-03-07 01:00:00,524,30,3,UPI,Success,0,
991,991,1,358966.51,2024-12-23 15:49:00,991,10,3,NETBANKING,Success,0,
510,510,7,683718.05,2024-12-01 15:39:00,510,25,10,UPI,Success,0,
884,884,9,591038.96,2024-11-28 09:25:00,884,4,7,NETBANKING,Success,0,
483,483,3,464198.49,2025-04-02 10:12:00,483,11,1,POS,Success,0,
379,379,5,612327.74,2024-04-07 17:42:00,379,18,6,UPI,Success,0,
528,528,6,730902.11,2024-05-29 21:28:00,528,7,1,UPI,Success,0,
161,161,10,444499.0,2024-12-06 18:59:00,161,11,3,NEFT,Success,0,
970,970,8,83132.73,2024-01-28 06:50:00,970,28,7,RTGS,Success,0,
86,86,1,243219.11,2024-03-05 02:13:00,86,8,9,POS,Success,0,
956,956,8,229346.35,2024-10-05 05:00:00,956,29,9,NEFT,Success,0,
54,54,9,783881.76,2024-11-18 02:14:00,54,27,5,RTGS,Success,0,
677,677,8,534709.79,2024-04-11 03:43:00,677,16,6,ATM,Success,1,Multiple Transactions
147,147,9,67934.63,2025-03-25 10:00:00,147,21,6,RTGS,Success,0,
10,10,2,354641.65,2024-06-17 17:17:00,10,7,4,NEFT,Success,0,
866,866,6,51281.47,2024-09-01 11:27:00,866,21,1,NEFT,Success,0,
648,648,10,557872.54,2024-02-09 18:58:00,648,9,7,UPI,Success,0,
823,823,2,522710.42,2024-02-25 10:20:00,823,12,2,RTGS,Success,0,
218,218,10,791512.77,2024-10-07 09:20:00,218,29,4,RTGS,Success,0,
472,472,5,50258.22,2025-02-12 21:46:00,472,4,10,UPI,Success,0,
693,693,5,40136.58,2024-06-07 02:26:00,693,29,1,POS,Success,0,
820,820,5,262679.81,2024-04-01 18:47:00,820,13,7,UPI,Success,0,
442,442,2,267962.93,2025-03-01 02:43:00,442,6,4,POS,Failed,0,
61,61,5,798745.46,2024-07-27 01:11:00,61,28,8,POS,Pending,0,
615,615,4,5361.39,2024-04-14 05:08:00,615,30,5,RTGS,Success,0,
49,49,7,320015.37,2024-03-26 16:57:00,49,1,5,NETBANKING,Success,0,
256,256,7,298422.82,2025-04-21 00:07:00,256,23,2,NETBANKING,Success,0,
936,936,1,736904.82,2024-09-24 01:49:00,936,13,6,RTGS,Success,0,
831,831,2,780773.62,2025-01-10 20:15:00,831,23,10,NEFT,Success,0,
287,287,3,42978.18,2024-01-12 12:22:00,287,22,5,IMPS,Success,0,
330,330,10,793908.62,2024-12-26 17:19:00,330,8,1,POS,Success,0,
207,207,3,290802.05,2025-04-29 11:32:00,207,24,6,UPI,Success,0,
715,715,3,528345.66,2024-04-28 11:52:00,715,4,8,NEFT,Success,0,
618,618,5,554263.16,2024-05-25 03:19:00,618,23,2,NEFT,Failed,0,
702,702,8,274087.33,2025-03-16 20:57:00,702,27,1,NETBANKING,Success,0,
822,822,3,109620.47,2024-08-28 00:17:00,822,15,3,IMPS,Pending,0,
653,653,3,773212.27,2024-10-25 18:40:00,653,24,4,RTGS,Success,0,
536,536,6,778323.28,2024-12-17 05:22:00,536,12,7,NEFT,Success,0,
253,253,9,93620.17,2024-01-27 17:14:00,253,23,1,RTGS,Success,0,
305,305,10,746722.02,2024-04-24 23:30:00,305,10,7,ATM,Success,0,
755,755,2,645139.71,2024-05-22 22:18:00,755,17,5,ATM,Success,0,
49,49,2,659432.67,2025-04-19 06:00:00,49,8,2,POS,Success,0,
118,118,5,507389.36,2024-02-29 17:41:00,118,2,9,RTGS,Success,0,
646,646,4,29714.04,2024-08-03 08:14:00,646,11,10,NEFT,Success,0,
785,785,6,75512.41,2024-02-27 17:18:00,785,17,8,RTGS,Success,1,Foreign Location
978,978,5,20773.27,2024-03-13 02:05:00,978,3,10,UPI,Success,0,
770,770,4,751636.75,2025-03-08 11:21:00,770,4,9,NEFT,Success,0,
981,981,5,122227.18,2024-03-26 17:55:00,981,26,10,POS,Success,0,
345,345,2,259407.88,2025-02-01 09:23:00,345,29,3,NETBANKING,Success,0,
864,864,8,415875.18,2024-09-05 01:54:00,864,24,6,NEFT,Success,0,
515,515,10,339285.6,2025-03-25 12:25:00,515,11,8,NEFT,Success,0,
988,988,5,714498.66,2024-01-26 21:04:00,988,5,5,POS,Success,0,
121,121,3,221452.05,2024-01-21 01:36:00,121,26,8,NETBANKING,Success,0,
444,444,7,88127.35,2024-04-06 11:57:00,444,17,4,RTGS,Success,0,
108,108,9,67153.41,2024-03-26 19:30:00,108,26,10,UPI,Failed,0,
127,127,8,517727.91,2025-02-25 23:57:00,127,22,2,IMPS,Success,0,
32,32,8,440521.37,2024-02-04 05:13:00,32,26,3,ATM,Success,0,
642,642,1,345253.76,2024-06-08 18:18:00,642,10,1,ATM,Success,0,
903,903,5,739076.3,2024-06-27 23:10:00,903,4,3,IMPS,Success,0,
452,452,1,480916.19,2025-02-18 03:33:00,452,2,8,RTGS,Success,0,
169,169,5,115660.27,2024-02-02 04:50:00,169,17,5,UPI,Success,0,
755,755,3,426139.33,2024-11-27 13:45:00,755,28,9,IMPS,Failed,0,
407,407,5,211013.06,2024-12-05 19:51:00,407,23,7,NEFT,Success,0,
821,821,1,92422.1,2025-04-14 21:48:00,821,13,6,NEFT,Success,0,
969,969,1,574151.92,2024-11-17 10:22:00,969,25,6,ATM,Success,0,
726,726,1,308571.59,2024-07-17 13:03:00,726,3,8,IMPS,Success,0,
188,188,8,470620.36,2024-02-23 14:21:00,188,19,4,POS,Success,0,
678,678,6,272739.51,2024-01-17 22:47:00,678,14,7,UPI,Success,0,
517,517,10,616614.94,2024-06-25 07:54:00,517,10,5,RTGS,Success,1,Night Transaction
227,227,5,334034.84,2024-12-12 05:21:00,227,21,6,IMPS,Success,0,
631,631,8,645598.19,2024-04-01 13:39:00,631,2,10,NEFT,Success,1,Multiple Transactions
122,122,3,196476.44,2024-06-03 07:32:00,122,23,10,ATM,Success,0,
785,785,10,207518.79,2024-02-24 18:41:00,785,16,8,NEFT,Success,0,
634,634,2,657086.8,2024-08-22 22:23:00,634,29,10,NEFT,Success,0,
77,77,2,370289.57,2025-01-26 00:51:00,77,1,3,NETBANKING,Success,0,
839,839,7,418374.52,2024-08-11 14:58:00,839,5,7,ATM,Success,0,
586,586,10,697785.25,2024-07-25 03:57:00,586,19,10,NEFT,Success,0,
203,203,4,451562.69,2024-01-08 04:21:00,203,25,3,NEFT,Success,0,
583,583,10,705115.82,2024-04-22 11:41:00,583,25,7,UPI,Success,0,
294,294,4,469261.12,2024-04-24 14:45:00,294,29,5,RTGS,Success,0,
220,220,2,649415.55,2024-08-04 22:28:00,220,2,5,UPI,Failed,0,
141,141,9,431011.99,2025-04-03 16:00:00,141,15,4,UPI,Success,0,
85,85,3,188180.99,2024-11-06 22:00:00,85,11,3,NETBANKING,Failed,0,
916,916,5,575113.29,2024-06-10 17:53:00,916,23,8,RTGS,Success,0,
50,50,6,296486.04,2025-02-21 05:19:00,50,28,5,POS,Success,0,
911,911,3,202002.02,2024-05-05 09:33:00,911,25,8,IMPS,Success,0,
379,379,2,338058.57,2024-04-14 04:32:00,379,18,7,POS,Pending,0,
570,570,1,34773.83,2024-05-06 22:45:00,570,4,2,NEFT,Success,0,
877,877,7,543452.83,2025-01-06 07:05:00,877,16,6,RTGS,Success,0,
273,273,9,684664.14,2024-06-10 19:11:00,273,30,2,NETBANKING,Success,0,
191,191,10,418558.76,2025-02-16 02:18:00,191,10,6,POS,Pending,0,
302,302,9,51231.24,2024-02-13 23:59:00,302,28,6,POS,Failed,0,
598,598,10,11407.74,2025-01-25 02:34:00,598,22,10,NETBANKING,Success,0,
980,980,1,422604.96,2024-07-05 12:45:00,980,10,7,ATM,Success,0,
3,3,9,418258.56,2024-10-21 09:16:00,3,19,4,NEFT,Success,0,
41,41,4,331564.42,2024-10-20 04:02:00,41,3,7,UPI,Success,0,
747,747,3,629009.47,2025-04-19 09:38:00,747,24,7,POS,Success,0,
633,633,8,235221.68,2024-06-23 22:17:00,633,17,10,NEFT,Success,0,
898,898,6,121890.17,2024-03-20 12:58:00,898,10,2,NETBANKING,Success,0,
81,81,9,585717.75,2024-05-26 19:15:00,81,15,7,NETBANKING,Success,0,
784,784,9,549634.07,2024-08-03 09:04:00,784,2,5,UPI,Success,0,
850,850,1,176346.65,2024-01-28 05:45:00,850,19,6,NEFT,Success,0,
710,710,1,672334.69,2025-04-03 23:06:00,710,6,3,ATM,Success,0,
144,144,6,213292.67,2024-01-11 15:16:00,144,5,9,NETBANKING,Success,0,
67,67,7,435378.95,2024-08-20 22:50:00,67,22,8,RTGS,Success,0,
951,951,4,35422.01,2024-12-07 12:31:00,951,5,7,NEFT,Success,0,
661,661,5,71619.39,2024-03-20 07:27:00,661,15,7,ATM,Success,0,
152,152,7,153418.47,2024-07-25 13:41:00,152,9,6,IMPS,Success,0,
405,405,2,62746.08,2024-12-23 07:52:00,405,25,2,POS,Success,0,
462,462,10,691183.23,2024-11-01 12:00:00,462,12,7,RTGS,Success,0,
879,879,9,767737.03,2025-03-20 05:15:00,879,12,4,RTGS,Success,0,
254,254,4,460458.57,2024-10-19 13:48:00,254,30,7,NEFT,Success,0,
673,673,10,107476.19,2024-07-01 09:28:00,673,26,5,POS,Success,0,
675,675,10,515731.12,2024-01-14 00:10:00,675,4,9,POS,Success,0,
445,445,6,710784.66,2025-03-30 14:53:00,445,3,6,RTGS,Success,0,
518,518,10,751042.55,2024-06-14 14:14:00,518,15,6,ATM,Success,0,
658,658,5,648627.28,2025-02-20 22:51:00,658,23,3,ATM,Success,0,
46,46,10,45905.55,2024-11-30 05:16:00,46,30,9,UPI,Success,1,Multiple Transactions
802,802,3,570216.25,2024-06-11 05:43:00,802,16,1,NETBANKING,Success,0,
856,856,5,70618.09,2024-10-20 05:39:00,856,28,3,UPI,Success,0,
348,348,3,707443.84,2024-01-10 04:43:00,348,7,7,UPI,Success,0,
328,328,1,719299.48,2024-01-05 04:59:00,328,3,2,NEFT,Success,0,
382,382,10,513280.93,2024-02-05 15:37:00,382,11,3,RTGS,Success,0,
918,918,3,456289.42,2024-03-21 21:42:00,918,17,3,RTGS,Success,0,
546,546,3,296258.84,2025-02-16 08:36:00,546,4,8,NEFT,Success,0,
626,626,6,592632.13,2024-05-10 01:35:00,626,1,3,POS,Success,0,
964,964,8,242733.1,2024-12-31 04:08:00,964,13,9,NEFT,Success,0,
221,221,6,199093.97,2025-04-01 12:50:00,221,29,9,NETBANKING,Success,0,
451,451,3,420747.12,2024-03-29 00:09:00,451,11,7,POS,Success,0,
372,372,10,60502.9,2024-12-19 14:19:00,372,14,1,UPI,Success,0,
537,537,9,427075.15,2024-04-09 14:17:00,537,25,4,POS,Success,0,
307,307,6,412331.63,2024-10-11 01:14:00,307,9,3,NETBANKING,Success,0,
450,450,6,413597.19,2025-04-28 01:04:00,450,14,8,POS,Success,0,
429,429,8,565893.53,2024-12-01 01:12:00,429,27,9,RTGS,Pending,0,
494,494,10,301116.19,2024-03-12 04:47:00,494,4,6,ATM,Success,0,
668,668,3,275546.69,2024-03-17 05:42:00,668,22,5,ATM,Success,0,
754,754,9,664167.72,2024-06-12 15:10:00,754,11,10,NEFT,Success,0,
232,232,7,664338.61,2024-12-26 06:56:00,232,2,10,IMPS,Success,0,
247,247,3,754844.16,2024-01-18 20:26:00,247,17,4,NETBANKING,Success,1,High Amount Transaction
217,217,9,15294.93,2024-11-26 13:46:00,217,8,4,UPI,Success,0,
940,940,9,661760.38,2024-01-27 19:00:00,940,23,9,UPI,Success,0,
6,6,6,254724.9,2024-03-30 10:37:00,6,4,1,POS,Success,1,High Amount Transaction
158,158,4,610363.56,2025-04-19 20:38:00,158,21,1,UPI,Success,0,
137,137,6,270688.48,2024-07-05 06:13:00,137,19,5,IMPS,Success,0,
458,458,4,295474.89,2024-02-27 13:49:00,458,14,2,UPI,Success,0,
786,786,8,47429.12,2024-01-09 13:18:00,786,17,4,POS,Success,0,
69,69,7,568114.11,2024-05-06 03:48:00,69,12,6,ATM,Success,0,
412,412,1,623144.82,2024-02-24 17:02:00,412,15,1,IMPS,Success,0,
535,535,9,346655.73,2025-01-15 12:58:00,535,8,8,ATM,Success,0,
269,269,9,563224.73,2024-08-08 19:47:00,269,26,9,NETBANKING,Success,0,
345,345,9,475699.36,2025-03-06 08:55:00,345,20,5,RTGS,Success,0,
304,304,2,122185.01,2024-12-05 16:00:00,304,15,8,NETBANKING,Success,0,
294,294,6,25112.2,2025-03-19 14:55:00,294,12,6,RTGS,Success,0,
943,943,9,782374.36,2024-08-16 19:10:00,943,27,9,UPI,Success,0,
281,281,1,263207.56,2024-05-02 05:01:00,281,4,10,POS,Success,0,
495,495,3,321658.0,2024-02-09 20:33:00,495,22,2,POS,Success,0,
789,789,10,218070.56,2024-10-03 01:04:00,789,14,4,NETBANKING,Success,0,
68,68,6,517888.69,2024-01-06 18:20:00,68,19,9,NETBANKING,Success,0,
685,685,3,640099.58,2024-08-27 01:02:00,685,10,1,RTGS,Success,0,
703,703,10,749067.58,2024-04-02 03:24:00,703,8,5,IMPS,Success,0,
393,393,5,268356.28,2025-01-01 11:41:00,393,15,3,NETBANKING,Success,0,
455,455,8,574741.79,2024-04-13 05:29:00,455,16,2,POS,Success,0,
212,212,9,543064.38,2024-06-05 16:44:00,212,29,4,IMPS,Success,0,
373,373,6,220688.33,2024-12-17 08:23:00,373,5,6,NEFT,Success,0,
334,334,5,435757.65,2024-06-28 14:02:00,334,3,9,ATM,Success,0,
792,792,6,349580.53,2024-06-10 13:57:00,792,29,3,POS,Success,0,
654,654,1,611821.36,2024-12-02 17:41:00,654,25,4,ATM,Success,0,
641,641,6,547268.01,2025-02-10 04:52:00,641,1,1,IMPS,Success,0,
541,541,7,768441.6,2024-10-21 01:51:00,541,10,8,UPI,Success,0,
981,981,2,531839.68,2025-04-09 10:48:00,981,4,9,ATM,Success,0,
637,637,3,602240.68,2025-02-24 17:00:00,637,24,1,NETBANKING,Success,0,
860,860,3,389666.29,2024-12-17 05:35:00,860,13,6,ATM,Success,0,
196,196,10,180884.32,2025-02-19 12:47:00,196,13,1,RTGS,Success,0,
476,476,1,395385.86,2024-07-07 06:03:00,476,29,10,POS,Success,0,
919,919,2,83272.57,2024-03-19 12:47:00,919,26,1,NETBANKING,Success,0,
48,48,6,553799.01,2025-03-14 03:21:00,48,21,2,POS,Success,0,
620,620,4,708402.15,2024-03-04 03:06:00,620,11,5,NEFT,Success,0,
152,152,8,99651.31,2024-09-06 03:38:00,152,6,5,NETBANKING,Success,0,
145,145,2,167779.98,2024-05-07 10:21:00,145,16,7,UPI,Failed,0,
37,37,7,747811.92,2025-03-11 05:08:00,37,23,5,UPI,Success,0,
199,199,2,479231.95,2024-01-23 00:42:00,199,1,8,UPI,Success,0,
819,819,4,173185.95,2025-02-20 06:23:00,819,17,9,IMPS,Success,1,Night Transaction
295,295,3,534371.59,2024-09-08 00:17:00,295,8,3,ATM,Success,0,
368,368,8,789776.69,2025-04-21 14:04:00,368,29,10,IMPS,Success,0,
961,961,9,542219.73,2024-03-22 23:54:00,961,13,8,NEFT,Success,0,
717,717,2,19169.23,2024-07-28 14:28:00,717,9,1,POS,Success,0,
221,221,7,302041.63,2024-04-01 12:39:00,221,13,2,POS,Success,0,
756,756,3,600171.21,2024-07-06 08:30:00,756,25,7,UPI,Success,0,
670,670,3,608935.71,2025-03-12 12:36:00,670,22,8,ATM,Success,0,
46,46,1,581675.43,2024-10-10 00:32:00,46,1,10,RTGS,Success,1,New Device
132,132,5,410095.05,2024-03-17 01:51:00,132,3,6,RTGS,Success,0,
53,53,10,701758.74,2024-11-15 04:25:00,53,28,3,ATM,Success,0,
753,753,4,235922.47,2024-11-13 20:42:00,753,29,3,ATM,Success,1,Night Transaction
199,199,4,627221.35,2024-07-16 17:41:00,199,19,3,NETBANKING,Success,0,
937,937,4,69602.5,2024-03-06 07:32:00,937,1,3,NEFT,Success,0,
164,164,10,355712.08,2025-02-14 15:30:00,164,4,8,UPI,Success,1,Multiple Transactions
142,142,10,534496.78,2024-05-21 13:51:00,142,8,4,ATM,Success,0,
154,154,7,389058.77,2024-09-19 11:46:00,154,8,7,POS,Success,0,
728,728,8,539901.74,2024-07-30 10:43:00,728,29,10,UPI,Success,0,
7,7,8,561905.59,2024-06-12 04:26:00,7,29,4,POS,Success,0,
997,997,5,478050.66,2024-07-09 16:17:00,997,12,7,IMPS,Success,0,
892,892,10,271294.59,2024-06-10 23:02:00,892,5,1,NETBANKING,Pending,0,
903,903,5,313041.69,2025-03-15 00:15:00,903,22,6,NEFT,Success,0,
992,992,4,147514.31,2024-11-05 02:57:00,992,2,5,NEFT,Success,0,
221,221,4,363645.46,2024-03-19 19:22:00,221,29,9,IMPS,Success,0,
814,814,4,559845.29,2024-01-23 08:10:00,814,11,7,POS,Success,0,
578,578,3,166661.15,2024-07-12 21:55:00,578,27,2,POS,Success,0,
566,566,9,534143.3,2025-03-24 06:09:00,566,17,8,IMPS,Success,0,
913,913,1,323437.04,2025-03-14 03:16:00,913,28,3,ATM,Success,0,
201,201,9,672760.51,2024-12-11 15:21:00,201,16,9,IMPS,Success,0,
629,629,3,680032.37,2025-04-17 14:30:00,629,3,9,RTGS,Success,0,
517,517,4,428159.12,2025-04-18 04:36:00,517,15,6,NEFT,Success,0,
180,180,6,714506.49,2025-04-10 09:58:00,180,23,5,POS,Success,0,
780,780,5,431875.12,2025-01-16 02:50:00,780,16,6,UPI,Success,0,
734,734,7,334197.35,2024-11-06 08:09:00,734,22,1,NEFT,Success,0,
666,666,10,429562.02,2024-09-28 19:32:00,666,12,7,UPI,Success,0,
850,850,10,747114.37,2025-04-24 05:29:00,850,27,4,ATM,Success,0,
347,347,9,265867.12,2024-12-25 13:00:00,347,16,9,UPI,Success,0,
270,270,4,535420.55,2024-02-09 02:45:00,270,29,1,POS,Success,0,
364,364,6,235782.95,2024-02-15 03:51:00,364,21,5,ATM,Success,0,
483,483,8,109460.89,2025-03-01 05:50:00,483,30,9,POS,Pending,0,
179,179,7,370926.03,2024-10-28 13:34:00,179,22,1,UPI,Success,0,
287,287,8,375028.65,2024-12-26 07:36:00,287,29,8,ATM,Success,0,
763,763,9,564794.34,2024-01-02 07:01:00,763,2,10,POS,Success,0,
845,845,9,714385.13,2024-06-29 17:18:00,845,21,3,POS,Success,0,
577,577,2,373490.31,2024-12-05 09:27:00,577,5,3,ATM,Success,0,
732,732,5,725292.98,2024-01-29 09:57:00,732,23,3,ATM,Success,0,
936,936,1,427795.4,2025-01-26 20:50:00,936,13,8,UPI,Success,0,
726,726,1,569923.38,2024-02-17 01:13:00,726,19,2,ATM,Success,0,
384,384,3,364572.92,2025-03-02 15:02:00,384,29,4,IMPS,Success,0,
11,11,3,471469.51,2024-10-19 07:02:00,11,16,10,NETBANKING,Success,0,
886,886,6,132012.1,2025-04-01 06:21:00,886,9,3,NEFT,Success,0,
234,234,6,782708.91,2024-05-14 12:18:00,234,28,6,NEFT,Success,0,
958,958,9,528252.62,2024-11-26 23:17:00,958,1,8,UPI,Success,0,
205,205,4,730662.09,2024-12-27 14:53:00,205,5,3,POS,Success,0,
115,115,6,778238.72,2024-04-07 20:43:00,115,24,5,NETBANKING,Success,0,
955,955,3,551618.53,2024-08-29 23:43:00,955,1,9,NETBANKING,Success,1,Night Transaction
99,99,7,287454.23,2025-03-20 05:23:00,99,25,8,POS,Success,0,
711,711,9,394893.13,2025-01-05 00:37:00,711,10,2,RTGS,Success,0,
675,675,7,766774.79,2024-04-12 15:56:00,675,19,7,IMPS,Success,0,
911,911,5,534818.41,2024-04-26 03:46:00,911,23,3,POS,Success,0,
831,831,7,662947.95,2024-11-10 09:01:00,831,11,7,NEFT,Success,0,
228,228,1,572468.07,2024-07-10 10:55:00,228,24,8,NETBANKING,Success,0,
160,160,3,634328.18,2024-11-08 14:15:00,160,6,4,UPI,Success,0,
115,115,3,383652.27,2024-12-15 13:53:00,115,7,6,NETBANKING,Success,0,
110,110,5,202556.61,2024-07-28 01:45:00,110,21,1,NETBANKING,Success,0,
461,461,1,262148.53,2025-04-22 18:14:00,461,3,6,IMPS,Success,0,
460,460,9,87699.02,2024-01-28 06:55:00,460,1,2,POS,Success,0,
842,842,8,755656.15,2024-10-25 18:14:00,842,8,6,NEFT,Success,0,
379,379,9,149226.84,2024-08-18 09:51:00,379,30,8,IMPS,Success,0,
976,976,8,772242.34,2024-07-10 18:30:00,976,27,1,UPI,Success,0,
953,953,6,592485.1,2024-09-03 12:44:00,953,5,8,NEFT,Success,0,
399,399,4,28788.84,2024-03-16 11:53:00,399,7,10,ATM,Failed,0,
951,951,4,692885.68,2024-02-14 13:43:00,951,18,10,IMPS,Success,0,
58,58,6,429617.11,2024-11-10 17:44:00,58,27,6,NEFT,Success,0,
770,770,4,732225.45,2025-03-17 11:23:00,770,4,9,NEFT,Success,0,
593,593,5,84611.34,2024-03-19 18:05:00,593,29,1,UPI,Success,0,
168,168,3,412227.34,2025-01-21 22:02:00,168,25,4,RTGS,Success,0,
869,869,4,412262.49,2024-05-17 19:17:00,869,5,4,NETBANKING,Success,0,
256,256,8,728949.01,2024-04-13 22:50:00,256,8,2,NETBANKING,Success,0,
130,130,5,262832.43,2024-11-21 03:02:00,130,25,6,NEFT,Success,0,
605,605,9,227705.17,2024-04-21 17:22:00,605,25,5,NETBANKING,Pending,1,High Amount Transaction
225,225,5,447640.38,2024-09-05 18:42:00,225,8,4,UPI,Success,0,
504,504,5,622388.5,2024-07-21 18:14:00,504,11,4,NEFT,Success,0,
732,732,4,70125.32,2024-05-21 14:39:00,732,17,7,ATM,Success,0,
526,526,9,156880.44,2024-12-16 05:35:00,526,19,8,IMPS,Success,0,
631,631,2,154696.57,2025-03-18 16:46:00,631,20,1,NETBANKING,Success,0,
952,952,9,523377.33,2024-08-05 14:08:00,952,5,6,ATM,Success,0,
531,531,10,393303.77,2024-11-27 06:25:00,531,28,4,POS,Success,0,
221,221,9,399105.01,2024-07-03 01:33:00,221,7,8,NETBANKING,Success,0,
255,255,5,544261.96,2024-06-29 03:39:00,255,19,6,IMPS,Success,0,
750,750,6,496900.48,2024-05-22 16:54:00,750,22,5,NEFT,Success,1,High Amount Transaction
23,23,4,145702.15,2024-04-02 17:40:00,23,8,1,ATM,Success,0,
172,172,7,493261.15,2025-01-27 12:58:00,172,29,8,ATM,Success,0,
861,861,10,584248.46,2025-01-30 14:35:00,861,1,2,RTGS,Success,0,
463,463,1,543539.7,2024-03-06 09:15:00,463,9,5,ATM,Success,0,
295,295,2,184651.72,2024-04-11 11:47:00,295,6,5,POS,Success,0,
987,987,7,532830.23,2024-07-01 21:49:00,987,25,10,NEFT,Success,0,
242,242,5,726688.17,2024-02-22 17:33:00,242,2,7,UPI,Success,0,
346,346,5,717863.89,2024-06-09 01:35:00,346,1,3,RTGS,Success,0,
69,69,3,394336.04,2025-04-03 21:08:00,69,27,9,UPI,Success,0,
850,850,8,491494.97,2024-12-19 23:42:00,850,6,10,UPI,Success,0,
66,66,10,216146.63,2024-04-13 06:08:00,66,20,2,RTGS,Success,0,
189,189,3,696469.95,2024-07-08 09:48:00,189,28,6,IMPS,Success,0,
27,27,1,390982.48,2024-06-19 09:30:00,27,5,9,ATM,Failed,0,
940,940,4,619988.97,2024-05-02 06:36:00,940,3,2,NEFT,Success,0,
938,938,8,431171.88,2024-02-22 11:56:00,938,1,10,NETBANKING,Success,0,
109,109,5,449572.16,2024-07-28 13:56:00,109,29,7,ATM,Success,0,
445,445,7,273447.98,2025-02-10 14:19:00,445,5,8,NEFT,Success,0,
636,636,1,606153.59,2024-05-01 03:23:00,636,3,9,NEFT,Success,0,
160,160,2,152063.47,2024-04-04 22:37:00,160,8,4,ATM,Success,0,
251,251,9,697649.81,2025-02-21 19:40:00,251,21,10,ATM,Success,0,
89,89,10,385615.19,2024-07-31 17:19:00,89,20,2,NETBANKING,Pending,0,
87,87,2,262096.36,2024-08-31 20:15:00,87,3,3,ATM,Success,0,
548,548,4,413154.84,2024-12-05 20:46:00,548,18,10,NEFT,Success,0,
527,527,8,323084.36,2024-04-21 11:56:00,527,26,6,NEFT,Success,0,
314,314,5,790422.15,2025-02-03 08:35:00,314,5,7,NETBANKING,Failed,0,
483,483,6,706409.54,2024-10-02 04:29:00,483,29,6,RTGS,Success,0,
12,12,7,91717.92,2025-02-01 04:23:00,12,15,3,POS,Success,0,
756,756,6,142285.86,2024-10-07 17:57:00,756,11,1,UPI,Success,0,
726,726,1,600264.23,2024-07-02 18:15:00,726,8,1,IMPS,Success,0,
795,795,8,10994.37,2024-12-19 10:39:00,795,12,2,RTGS,Success,0,
436,436,2,343906.85,2024-06-25 12:11:00,436,21,6,ATM,Success,0,
895,895,8,216591.79,2024-01-16 15:11:00,895,30,7,NEFT,Success,0,
272,272,9,631339.52,2024-05-11 20:52:00,272,4,4,NETBANKING,Success,0,
508,508,5,641891.22,2024-03-17 17:47:00,508,17,1,ATM,Success,0,
264,264,6,355610.17,2025-04-01 06:17:00,264,26,6,RTGS,Success,0,
403,403,9,252317.74,2025-02-05 14:28:00,403,11,4,IMPS,Success,0,
188,188,9,291227.84,2025-02-01 04:48:00,188,26,4,UPI,Success,0,
62,62,4,683507.22,2024-05-02 03:44:00,62,13,6,UPI,Success,0,
832,832,10,326537.7,2024-08-04 20:40:00,832,24,6,RTGS,Success,0,
188,188,6,336251.65,2024-02-14 17:42:00,188,21,9,UPI,Failed,0,
910,910,6,31956.71,2024-02-10 11:44:00,910,21,7,NEFT,Success,0,
67,67,6,27777.14,2024-05-12 21:34:00,67,11,4,NETBANKING,Success,0,
712,712,4,382656.01,2024-05-28 16:09:00,712,8,2,UPI,Success,0,
260,260,4,296825.26,2024-07-27 15:36:00,260,28,2,UPI,Success,0,
304,304,10,655767.04,2024-01-16 10:35:00,304,2,6,ATM,Success,0,
112,112,3,691691.84,2024-05-25 07:38:00,112,8,8,UPI,Success,1,High Amount Transaction
717,717,9,712202.04,2024-03-20 18:36:00,717,8,6,NEFT,Success,0,
999,999,6,711492.18,2024-05-06 08:55:00,999,18,7,POS,Success,0,
787,787,1,780548.72,2024-06-11 10:34:00,787,26,8,POS,Success,0,
58,58,6,189143.48,2024-07-28 22:20:00,58,4,2,RTGS,Success,0,
1000,1000,3,721802.94,2024-12-11 14:29:00,1000,27,7,NETBANKING,Success,0,
92,92,7,364628.51,2024-02-17 23:12:00,92,3,2,UPI,Failed,0,
383,383,5,536391.83,2024-12-26 00:00:00,383,29,7,POS,Success,0,
103,103,7,193390.58,2024-01-07 22:39:00,103,6,3,POS,Success,0,
222,222,10,206137.04,2024-12-09 21:24:00,222,26,7,UPI,Success,0,
386,386,10,138054.07,2025-01-15 08:44:00,386,18,10,POS,Success,0,
461,461,3,455785.53,2025-03-18 17:00:00,461,6,5,UPI,Success,0,
992,992,1,65423.8,2024-04-30 16:43:00,992,5,5,NETBANKING,Success,0,
370,370,7,730473.96,2024-07-16 01:27:00,370,1,2,IMPS,Success,0,
295,295,8,4732.57,2024-09-24 13:15:00,295,20,2,RTGS,Success,0,
933,933,6,480903.67,2024-08-22 12:57:00,933,29,4,NEFT,Success,0,
867,867,10,576515.5,2024-02-27 19:17:00,867,14,10,RTGS,Success,1,Foreign Location
105,105,2,301559.04,2025-02-11 18:07:00,105,19,2,ATM,Success,0,
56,56,10,463814.65,2024-12-04 16:17:00,56,26,10,IMPS,Success,0,
116,116,6,145395.37,2024-02-18 11:21:00,116,18,3,ATM,Success,0,
691,691,7,590021.98,2024-12-23 21:15:00,691,30,3,UPI,Success,0,
894,894,10,341853.84,2024-02-05 07:25:00,894,21,4,UPI,Success,0,
654,654,10,299816.73,2024-05-03 02:11:00,654,12,1,ATM,Success,0,
478,478,4,576958.07,2024-06-24 04:53:00,478,18,2,NEFT,Success,0,
893,893,3,357231.11,2024-04-18 18:50:00,893,12,9,POS,Success,0,
374,374,1,179191.16,2024-10-22 20:29:00,374,20,9,NETBANKING,Success,0,
382,382,10,738766.48,2024-07-17 07:02:00,382,20,6,ATM,Success,0,
126,126,8,206396.36,2024-03-15 15:54:00,126,3,4,ATM,Success,1,High Amount Transaction
850,850,8,89684.84,2025-03-25 19:35:00,850,9,2,POS,Success,0,
360,360,3,368925.75,2024-01-22 12:10:00,360,19,10,RTGS,Success,0,
73,73,4,12178.78,2024-11-01 05:38:00,73,25,3,POS,Success,0,
957,957,10,745703.22,2024-02-18 11:29:00,957,26,4,UPI,Success,0,
942,942,8,94414.7,2025-04-08 20:06:00,942,11,5,POS,Success,0,
38,38,9,600140.73,2024-08-19 10:06:00,38,16,7,UPI,Success,0,
225,225,5,683986.78,2025-01-21 03:42:00,225,28,8,RTGS,Success,0,
530,530,9,513190.73,2024-07-05 18:49:00,530,23,4,ATM,Success,0,
332,332,9,385468.13,2025-03-22 19:19:00,332,18,9,RTGS,Success,0,
821,821,4,437660.02,2024-02-09 08:07:00,821,22,2,NEFT,Success,0,
780,780,10,440594.38,2025-04-03 10:27:00,780,4,8,RTGS,Pending,0,
894,894,3,617335.38,2024-12-27 02:54:00,894,12,3,ATM,Success,0,
81,81,8,163484.76,2024-10-08 23:42:00,81,20,6,ATM,Failed,1,Night Transaction
924,924,10,365636.16,2025-04-01 23:33:00,924,7,3,NEFT,Success,0,
706,706,9,495862.3,2024-01-29 20:19:00,706,23,8,UPI,Failed,0,
23,23,1,403480.64,2024-09-27 01:44:00,23,17,7,IMPS,Success,0,
186,186,3,130222.82,2024-07-07 05:55:00,186,27,10,UPI,Success,0,
140,140,5,30120.44,2024-03-19 00:10:00,140,15,6,NETBANKING,Success,0,
628,628,6,790796.74,2024-02-18 14:32:00,628,13,6,NETBANKING,Success,0,
416,416,6,793781.59,2024-11-15 06:37:00,416,11,8,ATM,Success,0,
594,594,10,785521.49,2025-03-31 12:01:00,594,6,3,RTGS,Success,0,
956,956,6,578012.33,2024-12-17 15:22:00,956,20,1,IMPS,Success,0,
901,901,4,760200.19,2024-06-14 07:35:00,901,23,7,RTGS,Success,0,
867,867,2,105394.73,2024-08-16 11:13:00,867,21,9,POS,Success,1,Foreign Location
273,273,3,81013.59,2024-07-23 19:17:00,273,28,7,RTGS,Success,1,New Device
961,961,3,545955.04,2024-07-16 23:02:00,961,8,3,NEFT,Pending,0,
473,473,9,319709.77,2024-04-24 21:58:00,473,8,8,UPI,Success,0,
12,12,6,582754.05,2024-06-10 13:52:00,12,28,8,UPI,Success,0,
422,422,3,173953.04,2025-01-13 20:41:00,422,27,4,POS,Success,0,
850,850,9,416663.41,2024-02-06 05:31:00,850,17,5,UPI,Success,0,
519,519,1,309541.74,2025-01-20 06:23:00,519,12,5,UPI,Success,0,
599,599,3,637314.72,2024-12-15 17:58:00,599,13,6,IMPS,Success,0,
834,834,2,434509.56,2025-03-29 03:24:00,834,17,1,ATM,Success,0,
334,334,9,595611.52,2024-07-04 20:40:00,334,11,8,ATM,Success,0,
423,423,6,83204.39,2024-04-24 10:15:00,423,30,8,NEFT,Success,0,
427,427,5,170469.76,2024-01-28 05:03:00,427,30,4,RTGS,Failed,0,
148,148,4,234776.91,2024-03-01 07:17:00,148,21,6,POS,Success,0,
840,840,4,771389.17,2025-04-03 20:35:00,840,18,5,IMPS,Success,0,
244,244,9,169912.62,2024-08-16 02:46:00,244,25,10,POS,Success,0,
958,958,7,167720.07,2024-05-25 04:27:00,958,30,5,RTGS,Success,1,Multiple Transactions
457,457,8,392604.68,2024-08-11 15:39:00,457,18,5,ATM,Success,0,
62,62,8,146965.12,2025-02-09 02:39:00,62,16,4,RTGS,Success,0,
793,793,7,9436.27,2024-05-14 16:15:00,793,21,9,RTGS,Success,0,
8,8,7,468264.52,2024-12-14 11:55:00,8,7,4,POS,Success,0,
991,991,5,265894.48,2024-04-09 16:15:00,991,3,10,NEFT,Success,0,
261,261,2,661405.09,2024-08-12 06:59:00,261,19,5,POS,Success,0,
786,786,1,403486.1,2024-01-13 10:08:00,786,27,1,UPI,Success,0,
234,234,9,403624.91,2024-11-28 20:31:00,234,4,5,IMPS,Success,0,
822,822,1,244617.43,2025-03-05 13:40:00,822,6,6,NETBANKING,Success,0,
196,196,2,431717.4,2025-02-02 02:56:00,196,23,6,POS,Failed,0,
398,398,6,517923.63,2024-08-10 20:53:00,398,28,7,UPI,Success,0,
969,969,7,157762.98,2024-05-04 22:05:00,969,16,1,ATM,Success,0,
947,947,1,315726.37,2025-02-13 21:51:00,947,8,5,IMPS,Success,0,
27,27,4,341265.3,2025-04-11 17:31:00,27,20,6,NEFT,Success,0,
697,697,6,417377.34,2024-01-18 15:59:00,697,13,5,NEFT,Success,1,Foreign Location
837,837,9,401783.64,2024-03-10 00:06:00,837,13,7,NETBANKING,Success,0,
423,423,1,632513.87,2024-10-15 04:32:00,423,11,3,IMPS,Success,0,
587,587,10,512393.46,2024-08-12 07:38:00,587,9,10,POS,Success,0,
107,107,8,649865.49,2024-09-12 16:39:00,107,29,8,ATM,Success,0,
670,670,2,159767.69,2024-01-24 14:11:00,670,30,8,IMPS,Success,0,
227,227,4,662977.56,2024-12-11 21:27:00,227,10,10,NETBANKING,Success,0,
210,210,5,280690.42,2024-09-06 21:50:00,210,18,8,UPI,Success,0,
510,510,10,787734.16,2024-06-25 22:15:00,510,22,4,NETBANKING,Success,0,
413,413,4,775417.14,2024-03-26 01:10:00,413,9,2,ATM,Success,0,
811,811,1,354527.83,2024-08-04 10:38:00,811,2,9,UPI,Success,0,
174,174,4,253550.82,2024-04-16 00:35:00,174,9,7,NEFT,Success,0,
8,8,8,261053.31,2024-06-23 19:42:00,8,5,4,POS,Success,0,
923,923,6,590376.81,2025-03-03 08:02:00,923,21,3,NEFT,Success,0,
844,844,3,307794.46,2024-10-23 11:21:00,844,28,2,IMPS,Success,0,
464,464,8,708743.0,2024-07-09 04:22:00,464,26,10,IMPS,Success,0,
775,775,7,173927.23,2025-03-08 23:44:00,775,15,9,RTGS,Success,0,
879,879,5,443013.03,2024-05-29 12:22:00,879,18,7,ATM,Failed,0,
816,816,7,179867.95,2025-03-08 16:51:00,816,5,2,NEFT,Success,0,
461,461,4,201149.91,2024-01-04 16:58:00,461,2,9,NEFT,Success,0,
665,665,10,495094.85,2024-02-12 02:32:00,665,24,10,RTGS,Success,0,
868,868,5,475299.02,2024-02-15 23:08:00,868,27,4,IMPS,Pending,0,
673,673,2,310763.72,2024-04-26 04:56:00,673,15,9,UPI,Success,0,
264,264,1,429686.58,2024-06-09 05:19:00,264,7,4,NEFT,Success,0,
769,769,4,736436.33,2024-10-08 12:53:00,769,8,1,ATM,Success,0,
188,188,5,745948.2,2025-03-14 22:47:00,188,24,7,NEFT,Success,0,
957,957,1,541422.35,2025-01-17 06:55:00,957,3,8,UPI,Success,0,
141,141,4,18622.43,2024-05-22 12:33:00,141,2,6,NEFT,Success,0,
170,170,8,572424.98,2024-05-05 02:30:00,170,10,8,ATM,Success,0,
939,939,7,528941.34,2024-07-25 02:37:00,939,26,8,POS,Success,0,
753,753,4,580653.19,2024-06-21 05:36:00,753,16,7,IMPS,Success,1,Night Transaction
174,174,3,294293.58,2024-03-17 00:31:00,174,18,9,NEFT,Pending,0,
604,604,1,639970.29,2024-06-30 05:19:00,604,23,4,NEFT,Success,0,
61,61,9,610030.03,2024-10-16 00:02:00,61,28,7,IMPS,Pending,0,
488,488,1,773486.91,2024-02-04 22:00:00,488,12,9,RTGS,Success,0,
824,824,10,667730.9,2024-05-06 00:24:00,824,20,1,RTGS,Success,0,
313,313,4,377925.02,2024-09-25 00:45:00,313,3,6,UPI,Success,0,
250,250,3,399654.88,2024-02-14 18:00:00,250,17,10,IMPS,Success,0,
781,781,5,582939.77,2024-06-17 07:51:00,781,16,3,NETBANKING,Success,0,
677,677,1,297240.8,2025-04-27 14:48:00,677,27,6,RTGS,Success,1,Night Transaction
521,521,9,323659.34,2024-04-28 04:21:00,521,6,8,ATM,Success,0,
811,811,6,412134.84,2024-10-24 14:02:00,811,23,3,ATM,Success,0,
896,896,5,654835.96,2024-01-01 10:22:00,896,13,1,IMPS,Success,1,New Device
94,94,10,73788.33,2024-04-11 21:36:00,94,19,4,NEFT,Success,0,
127,127,5,532813.67,2024-11-24 12:01:00,127,13,5,NETBANKING,Success,0,
127,127,9,39329.14,2024-06-28 19:19:00,127,19,7,ATM,Success,0,
741,741,4,195869.29,2024-12-05 01:00:00,741,13,2,POS,Success,0,
841,841,8,657911.81,2024-10-09 16:58:00,841,9,9,IMPS,Success,0,
32,32,6,583293.92,2024-03-16 13:21:00,32,13,10,ATM,Success,0,
196,196,3,548519.05,2025-01-21 20:33:00,196,7,3,IMPS,Success,0,
964,964,10,332365.51,2025-03-26 06:29:00,964,24,9,NETBANKING,Success,0,
300,300,1,771372.96,2024-10-13 20:00:00,300,15,9,ATM,Success,0,
911,911,8,425130.61,2024-09-12 07:51:00,911,25,1,NETBANKING,Success,0,
167,167,10,433853.11,2025-04-07 14:00:00,167,23,10,RTGS,Success,0,
501,501,1,318916.44,2025-04-29 14:59:00,501,23,8,UPI,Success,0,
726,726,1,323447.01,2024-11-09 03:26:00,726,22,6,IMPS,Success,0,
708,708,10,791029.1,2024-10-31 18:31:00,708,15,6,UPI,Success,0,
783,783,8,142175.67,2024-06-16 13:38:00,783,16,10,RTGS,Success,0,
250,250,8,473288.26,2024-03-06 13:28:00,250,17,3,RTGS,Success,0,
625,625,1,258032.3,2024-09-26 01:40:00,625,3,1,POS,Success,0,
825,825,10,609198.66,2025-05-01 03:22:00,825,11,3,RTGS,Success,0,
951,951,2,478881.85,2024-11-09 11:56:00,951,11,5,IMPS,Success,0,
60,60,1,132983.42,2024-10-01 17:33:00,60,4,7,IMPS,Success,0,
217,217,9,274156.35,2025-04-07 17:20:00,217,3,10,ATM,Success,0,
863,863,5,409194.93,2024-01-30 10:54:00,863,12,8,POS,Success,0,
187,187,1,608629.43,2025-03-07 04:11:00,187,21,5,IMPS,Success,0,
725,725,7,368518.67,2024-01-12 14:44:00,725,28,2,IMPS,Success,0,
325,325,9,639667.76,2025-01-10 15:24:00,325,5,4,POS,Success,0,
1000,1000,10,613202.89,2025-01-13 21:59:00,1000,19,7,POS,Success,0,
242,242,2,603775.89,2024-12-19 07:12:00,242,30,5,NEFT,Success,1,High Amount Transaction
800,800,1,658370.09,2024-05-19 20:35:00,800,29,1,RTGS,Success,0,
232,232,5,704261.51,2024-07-12 03:18:00,232,17,1,ATM,Success,0,
606,606,1,301742.29,2024-11-19 10:43:00,606,16,9,IMPS,Success,0,
518,518,6,248683.84,2024-12-29 22:02:00,518,27,5,UPI,Pending,0,
777,777,2,138853.62,2024-12-12 12:24:00,777,30,7,POS,Success,0,
279,279,10,36089.59,2025-02-18 15:35:00,279,19,3,NETBANKING,Success,0,
823,823,10,69271.92,2024-08-08 11:49:00,823,6,10,IMPS,Success,0,
273,273,6,615017.89,2024-10-16 03:41:00,273,15,8,UPI,Success,0,
932,932,4,70220.43,2024-03-12 20:43:00,932,4,3,NETBANKING,Success,0,
144,144,6,489976.83,2024-07-29 13:21:00,144,4,2,NETBANKING,Success,0,
495,495,8,245273.56,2024-10-22 16:49:00,495,20,6,POS,Failed,0,
337,337,7,77188.07,2025-01-16 20:57:00,337,28,3,UPI,Success,0,
900,900,8,309555.77,2025-01-25 17:28:00,900,4,1,ATM,Success,0,
277,277,1,68093.9,2024-10-07 04:06:00,277,6,9,NEFT,Success,0,
578,578,4,181036.84,2025-02-06 03:18:00,578,15,7,POS,Failed,0,
98,98,4,221260.85,2025-02-11 10:39:00,98,20,6,UPI,Success,0,
719,719,8,281315.13,2024-09-09 21:30:00,719,9,7,UPI,Success,0,
638,638,10,127858.42,2024-10-08 06:55:00,638,4,5,ATM,Success,0,
239,239,9,517423.59,2024-04-09 13:10:00,239,26,6,NETBANKING,Success,0,
693,693,2,127840.48,2024-02-28 12:28:00,693,10,6,POS,Success,0,
413,413,9,755474.35,2024-05-04 06:03:00,413,21,5,NEFT,Success,0,
971,971,7,75044.47,2024-03-13 13:01:00,971,27,3,RTGS,Success,0,
793,793,6,140969.2,2024-11-25 05:34:00,793,16,8,POS,Success,0,
935,935,8,113815.26,2024-07-23 21:00:00,935,24,6,IMPS,Success,0,
268,268,10,637051.08,2024-04-25 03:24:00,268,2,3,RTGS,Success,0,
580,580,1,618711.86,2025-02-19 09:49:00,580,17,8,IMPS,Success,0,
391,391,2,625923.18,2024-10-25 02:29:00,391,29,4,IMPS,Pending,0,
383,383,8,686579.36,2024-09-21 05:40:00,383,22,8,POS,Success,0,
139,139,8,619975.23,2024-10-15 15:35:00,139,16,2,POS,Success,0,
153,153,9,101778.57,2024-11-18 19:35:00,153,13,6,POS,Success,0,
63,63,3,285287.46,2024-10-27 20:42:00,63,27,4,NETBANKING,Success,0,
469,469,7,17918.0,2024-07-31 11:22:00,469,16,3,ATM,Success,0,
86,86,5,328006.58,2024-11-28 18:02:00,86,20,2,RTGS,Success,0,
900,900,6,699864.06,2024-06-07 18:01:00,900,3,10,IMPS,Success,0,
387,387,1,572473.44,2024-05-23 03:05:00,387,26,10,UPI,Pending,0,
282,282,4,140715.19,2024-10-13 21:43:00,282,22,4,ATM,Success,0,
4,4,6,530145.34,2025-03-20 10:58:00,4,1,1,ATM,Success,0,
70,70,1,91130.55,2024-02-18 03:39:00,70,18,2,ATM,Success,0,
324,324,5,278667.29,2024-05-03 01:35:00,324,23,3,POS,Success,0,
543,543,9,787073.93,2024-05-14 05:29:00,543,1,9,UPI,Success,0,
545,545,4,258850.88,2024-07-24 01:32:00,545,17,3,IMPS,Success,0,
609,609,10,406299.16,2024-03-11 03:03:00,609,29,5,NEFT,Success,0,
729,729,3,548862.28,2024-08-03 21:40:00,729,5,5,UPI,Failed,0,
613,613,4,604274.54,2024-03-18 05:37:00,613,3,5,ATM,Success,0,
977,977,4,644210.08,2024-05-31 16:13:00,977,10,8,ATM,Success,1,Night Transaction
851,851,2,403994.01,2025-04-10 11:27:00,851,24,4,RTGS,Success,0,
496,496,1,274894.93,2024-01-07 04:42:00,496,14,8,NETBANKING,Success,0,
674,674,6,311410.47,2024-07-03 19:59:00,674,13,5,IMPS,Success,0,
396,396,4,163240.31,2024-07-29 18:25:00,396,18,5,UPI,Success,0,
711,711,8,621863.02,2024-04-05 20:10:00,711,6,4,NEFT,Success,0,
144,144,3,377916.51,2024-07-17 21:40:00,144,25,3,ATM,Success,0,
339,339,6,377550.31,2025-01-27 03:29:00,339,22,2,ATM,Success,0,
501,501,3,748666.98,2024-08-23 08:02:00,501,25,9,ATM,Success,0,
361,361,4,247258.27,2024-08-22 02:06:00,361,25,3,NEFT,Failed,0,
567,567,3,323523.46,2024-09-20 18:21:00,567,10,8,POS,Success,0,
554,554,4,660480.85,2024-07-22 18:00:00,554,9,10,UPI,Success,0,
760,760,10,625432.13,2024-05-21 09:24:00,760,9,3,IMPS,Success,0,
97,97,2,597239.28,2024-11-05 15:06:00,97,5,3,UPI,Success,0,
965,965,1,468332.81,2025-03-01 01:05:00,965,10,6,ATM,Success,0,
767,767,3,784819.77,2025-01-02 06:43:00,767,21,5,POS,Success,0,
46,46,4,408441.13,2024-09-22 19:17:00,46,4,2,IMPS,Success,0,
590,590,8,73437.14,2024-09-25 14:06:00,590,20,8,RTGS,Success,0,
108,108,3,292897.32,2024-07-09 19:49:00,108,20,7,ATM,Success,0,
489,489,10,767344.99,2025-02-16 13:29:00,489,22,2,RTGS,Success,0,
126,126,1,168932.94,2024-03-29 11:01:00,126,17,3,NETBANKING,Success,0,
726,726,1,334764.65,2025-02-25 07:06:00,726,24,3,RTGS,Success,0,
183,183,3,59035.1,2024-04-10 10:38:00,183,10,5,RTGS,Success,0,
708,708,9,39043.85,2024-05-02 14:52:00,708,8,2,RTGS,Success,1,High Amount Transaction
940,940,3,784654.21,2024-04-11 01:02:00,940,22,4,NEFT,Failed,0,
548,548,10,244061.39,2024-12-11 03:32:00,548,21,1,POS,Failed,0,
550,550,6,728485.59,2024-10-10 10:56:00,550,5,4,RTGS,Success,0,
713,713,9,649347.36,2024-11-08 07:37:00,713,15,9,UPI,Success,0,
286,286,1,478991.16,2025-01-06 15:31:00,286,30,1,NEFT,Success,0,
806,806,6,556281.31,2025-03-12 03:47:00,806,9,3,RTGS,Success,0,
9,9,9,653318.63,2024-01-10 08:49:00,9,30,7,IMPS,Success,0,
414,414,8,404528.56,2024-04-11 12:40:00,414,1,5,POS,Success,0,
715,715,7,152567.79,2024-04-25 11:18:00,715,11,7,RTGS,Success,0,
933,933,2,138956.61,2025-02-20 06:52:00,933,30,8,RTGS,Success,0,
446,446,8,789346.14,2024-08-22 22:07:00,446,10,3,ATM,Success,0,
757,757,8,204000.77,2025-01-23 00:43:00,757,28,9,ATM,Success,1,Foreign Location
240,240,2,101094.48,2024-02-09 01:04:00,240,22,7,NETBANKING,Success,0,
573,573,3,548030.07,2024-01-28 09:28:00,573,6,9,IMPS,Failed,0,
606,606,4,565512.32,2024-07-11 02:21:00,606,29,9,NEFT,Success,0,
342,342,10,276124.79,2024-02-24 03:21:00,342,8,4,POS,Success,0,
323,323,1,96849.38,2024-04-23 02:26:00,323,2,8,UPI,Success,0,
495,495,1,768496.8,2025-04-25 02:59:00,495,26,8,ATM,Success,0,
331,331,4,100122.53,2024-09-03 01:17:00,331,6,1,NETBANKING,Success,1,Night Transaction
67,67,1,104267.53,2024-09-02 09:11:00,67,14,8,UPI,Success,0,
749,749,2,239201.92,2024-07-13 23:28:00,749,6,9,NETBANKING,Success,0,
180,180,2,368847.64,2024-05-09 10:17:00,180,10,7,NEFT,Failed,0,
311,311,3,94470.21,2024-05-23 21:16:00,311,17,10,POS,Success,0,
608,608,5,133275.81,2024-01-05 20:00:00,608,26,2,ATM,Success,0,
907,907,6,771687.12,2024-10-16 06:34:00,907,9,10,RTGS,Success,0,
595,595,9,535550.03,2024-06-12 09:56:00,595,1,8,ATM,Failed,0,
556,556,9,508830.97,2024-06-22 00:16:00,556,7,4,RTGS,Success,0,
877,877,6,524681.94,2024-07-17 10:49:00,877,15,5,UPI,Success,0,
655,655,7,24574.36,2024-08-09 10:50:00,655,13,4,NETBANKING,Success,0,
753,753,3,351779.14,2024-12-21 22:06:00,753,30,5,ATM,Success,0,
566,566,8,362556.36,2024-04-05 06:02:00,566,14,8,POS,Success,0,
123,123,10,338344.85,2024-12-02 04:26:00,123,27,2,IMPS,Success,0,
362,362,5,34610.78,2024-03-26 16:58:00,362,18,9,RTGS,Success,0,
5,5,2,249835.74,2024-11-07 00:33:00,5,21,9,NETBANKING,Success,0,
77,77,1,633180.54,2024-12-09 04:30:00,77,14,5,NEFT,Success,0,
214,214,3,490358.08,2024-01-24 19:10:00,214,18,1,IMPS,Success,0,
334,334,1,8826.72,2024-11-02 05:45:00,334,11,9,NEFT,Success,0,
320,320,2,200676.14,2024-09-08 18:15:00,320,19,4,POS,Success,0,
137,137,5,675706.59,2024-06-22 19:42:00,137,5,5,POS,Success,0,
7,7,5,368974.04,2024-10-03 06:39:00,7,11,2,NETBANKING,Success,0,
759,759,4,584680.63,2024-08-09 22:02:00,759,25,2,ATM,Success,0,
933,933,7,436623.95,2025-02-03 19:38:00,933,7,3,POS,Success,0,
549,549,10,47791.47,2024-09-12 22:31:00,549,11,8,RTGS,Success,0,
188,188,6,116320.47,2024-08-03 21:03:00,188,20,5,POS,Success,0,
94,94,4,489131.11,2024-06-25 07:33:00,94,29,10,NEFT,Success,0,
759,759,2,340368.05,2024-07-13 12:54:00,759,16,8,RTGS,Success,0,
318,318,3,573680.26,2024-03-10 11:48:00,318,24,3,ATM,Success,0,
527,527,4,53728.62,2025-01-16 01:06:00,527,25,7,ATM,Success,0,
142,142,1,414756.22,2024-04-09 23:25:00,142,21,10,IMPS,Pending,0,
982,982,5,542094.81,2025-03-20 17:34:00,982,28,6,UPI,Success,0,
87,87,6,769460.25,2024-01-11 06:52:00,87,22,1,ATM,Success,0,
582,582,5,555914.79,2025-04-16 21:25:00,582,24,6,NEFT,Success,0,
375,375,4,656369.64,2024-06-16 19:29:00,375,11,10,RTGS,Success,0,
863,863,5,132582.63,2024-12-06 12:44:00,863,21,3,UPI,Success,0,
712,712,3,567964.08,2025-01-20 06:01:00,712,14,5,NEFT,Success,0,
172,172,7,640864.22,2024-08-08 03:14:00,172,5,3,IMPS,Success,0,
645,645,10,433892.95,2025-04-20 17:26:00,645,14,1,ATM,Pending,0,
465,465,1,596397.07,2024-04-17 15:34:00,465,1,6,NETBANKING,Success,0,
264,264,9,669210.42,2024-12-28 19:07:00,264,24,8,NEFT,Success,0,
958,958,2,624767.65,2024-08-04 06:45:00,958,4,5,NETBANKING,Success,0,
263,263,1,93355.01,2024-04-19 23:47:00,263,29,9,IMPS,Success,0,
175,175,10,444812.18,2024-04-15 17:21:00,175,23,10,RTGS,Success,0,
344,344,5,761130.25,2024-07-13 12:17:00,344,13,4,RTGS,Success,0,
11,11,2,171452.91,2024-05-23 15:52:00,11,12,10,UPI,Success,0,
74,74,7,99902.86,2024-06-24 05:49:00,74,16,8,RTGS,Success,0,
237,237,1,100838.06,2024-01-04 11:03:00,237,4,4,ATM,Success,0,
965,965,6,31864.96,2024-05-18 03:06:00,965,5,2,POS,Success,0,
590,590,9,588475.37,2025-01-03 23:12:00,590,21,8,IMPS,Pending,0,
434,434,2,240666.46,2024-04-07 22:20:00,434,3,7,RTGS,Success,0,
282,282,8,366709.15,2024-06-04 13:26:00,282,15,7,POS,Success,0,
790,790,3,166199.59,2024-06-28 20:37:00,790,14,3,IMPS,Success,0,
116,116,7,769819.43,2024-06-03 20:13:00,116,13,6,NEFT,Success,0,
758,758,4,681828.92,2024-02-23 11:17:00,758,30,9,IMPS,Success,0,
800,800,1,583160.89,2024-05-23 04:47:00,800,10,1,NETBANKING,Success,0,
537,537,8,377860.92,2024-07-30 20:25:00,537,30,9,NEFT,Success,0,
4,4,7,164973.35,2024-08-10 16:45:00,4,18,5,NEFT,Success,0,
328,328,2,135966.97,2024-01-29 13:14:00,328,20,5,UPI,Success,0,
231,231,9,25180.83,2024-03-19 13:34:00,231,18,5,RTGS,Success,0,
677,677,2,62518.42,2024-06-12 20:13:00,677,15,7,ATM,Success,0,
334,334,2,578438.36,2024-05-08 02:05:00,334,27,2,POS,Pending,0,
642,642,6,644991.09,2024-01-04 23:18:00,642,30,2,NEFT,Success,0,
541,541,9,709777.22,2024-07-25 03:27:00,541,18,8,NEFT,Success,0,
573,573,2,4915.21,2025-03-16 04:34:00,573,12,8,POS,Success,0,
761,761,4,381499.53,2024-02-04 13:43:00,761,22,3,POS,Success,0,
226,226,10,774681.89,2024-03-04 15:14:00,226,24,2,POS,Success,0,
882,882,10,47095.19,2024-03-23 18:24:00,882,12,9,NETBANKING,Success,1,Night Transaction
452,452,7,60245.42,2024-12-08 05:46:00,452,27,4,IMPS,Success,0,
259,259,8,205223.16,2024-07-28 20:01:00,259,19,9,ATM,Success,0,
561,561,5,368673.62,2024-12-19 17:11:00,561,1,6,UPI,Success,0,
186,186,6,107674.89,2024-09-23 04:41:00,186,21,2,RTGS,Success,0,
822,822,3,97954.18,2024-11-30 08:55:00,822,16,5,UPI,Success,0,
868,868,1,123448.52,2025-02-19 09:50:00,868,17,2,IMPS,Success,1,Night Transaction
156,156,2,494638.75,2024-12-07 04:54:00,156,21,4,NEFT,Success,0,
956,956,7,58010.8,2024-01-09 06:21:00,956,11,4,NETBANKING,Success,0,
530,530,5,326142.13,2024-11-19 20:28:00,530,22,8,POS,Success,0,
586,586,3,145244.6,2024-10-10 06:27:00,586,6,7,ATM,Success,0,
957,957,5,14012.18,2024-10-05 00:49:00,957,19,2,UPI,Success,0,
278,278,4,336246.39,2024-05-16 17:15:00,278,27,5,UPI,Success,0,
634,634,6,530988.87,2024-07-12 03:40:00,634,5,4,NETBANKING,Pending,0,
166,166,10,469235.57,2025-03-27 11:14:00,166,7,8,NETBANKING,Success,0,
558,558,4,472911.48,2024-12-23 18:35:00,558,3,6,ATM,Success,0,
192,192,2,365164.48,2024-01-19 17:45:00,192,23,7,IMPS,Success,0,
746,746,6,194298.52,2025-02-08 06:54:00,746,8,7,UPI,Success,0,
214,214,2,610127.73,2024-06-18 11:18:00,214,14,1,ATM,Success,0,
925,925,5,477578.03,2025-01-13 01:46:00,925,23,7,POS,Success,0,
524,524,6,481223.18,2024-04-30 09:50:00,524,24,9,RTGS,Success,0,
389,389,7,26160.21,2024-04-24 15:37:00,389,1,5,IMPS,Success,0,
803,803,10,203974.86,2024-05-20 10:05:00,803,9,6,RTGS,Failed,0,
584,584,6,340183.36,2024-02-14 06:20:00,584,22,8,ATM,Success,0,
246,246,9,524924.48,2024-12-07 13:51:00,246,22,8,NEFT,Success,0,
24,24,8,131919.02,2025-03-04 08:58:00,24,23,2,RTGS,Success,0,
326,326,7,222902.49,2024-02-25 16:28:00,326,14,10,NEFT,Success,0,
982,982,5,592731.02,2024-12-12 00:38:00,982,11,6,ATM,Success,0,
93,93,4,629211.08,2024-11-16 13:44:00,93,12,3,RTGS,Success,0,
612,612,2,466701.56,2024-05-24 05:07:00,612,6,10,NETBANKING,Pending,0,
294,294,6,241555.05,2025-04-12 13:22:00,294,20,2,IMPS,Success,0,
993,993,4,309949.87,2024-03-09 01:33:00,993,30,5,ATM,Success,0,
534,534,3,521794.62,2024-06-06 07:06:00,534,21,7,ATM,Success,0,
469,469,6,324011.32,2024-12-17 16:03:00,469,22,1,NETBANKING,Success,0,
972,972,2,749848.95,2025-04-30 19:37:00,972,20,8,IMPS,Success,0,
546,546,1,285522.32,2024-06-29 18:44:00,546,26,5,RTGS,Failed,0,
704,704,3,553192.93,2025-01-24 21:55:00,704,15,8,NETBANKING,Success,0,
36,36,5,408499.93,2024-09-26 14:33:00,36,3,3,ATM,Success,0,
484,484,6,668943.04,2024-09-22 23:06:00,484,7,6,IMPS,Success,0,
339,339,6,674115.03,2024-07-18 23:41:00,339,16,8,RTGS,Success,0,
703,703,3,783639.15,2024-05-19 05:24:00,703,9,2,ATM,Success,0,
204,204,3,537854.2,2024-10-11 14:52:00,204,25,4,IMPS,Success,0,
942,942,7,254675.6,2024-07-20 12:34:00,942,13,6,POS,Success,0,
37,37,4,239451.29,2025-02-09 21:31:00,37,2,6,NEFT,Success,0,
435,435,9,71969.94,2025-04-14 16:48:00,435,3,10,POS,Success,0,
793,793,1,595301.24,2024-03-13 17:35:00,793,16,3,IMPS,Success,0,
214,214,2,182667.11,2024-07-31 20:51:00,214,6,4,IMPS,Failed,0,
774,774,8,644456.23,2025-01-21 23:23:00,774,10,4,NEFT,Success,0,
130,130,5,355727.97,2024-05-05 13:20:00,130,1,4,NETBANKING,Success,0,
414,414,8,477547.72,2024-10-13 08:22:00,414,9,9,UPI,Success,0,
872,872,4,222104.5,2025-02-18 01:54:00,872,4,8,RTGS,Success,0,
714,714,4,799658.87,2024-06-12 10:16:00,714,8,2,NEFT,Success,0,
486,486,7,325026.12,2024-04-10 15:50:00,486,8,1,POS,Success,0,
331,331,2,641381.78,2024-03-28 12:07:00,331,22,10,NEFT,Success,0,
335,335,9,287213.62,2024-02-06 00:34:00,335,2,9,POS,Success,0,
456,456,7,187207.75,2025-04-10 07:14:00,456,14,5,UPI,Success,0,
792,792,6,333920.62,2024-09-21 02:26:00,792,16,8,NEFT,Success,0,
207,207,4,438274.97,2024-08-08 21:17:00,207,6,5,POS,Success,0,
77,77,3,287435.58,2024-11-25 23:39:00,77,26,4,ATM,Success,0,
79,79,10,184825.72,2024-05-10 15:34:00,79,17,2,UPI,Success,0,
170,170,6,679966.46,2025-03-14 04:16:00,170,22,6,NEFT,Success,0,
17,17,5,237672.1,2024-06-22 19:40:00,17,25,2,POS,Success,1,Foreign Location
580,580,8,738660.88,2025-01-06 04:56:00,580,1,8,ATM,Success,0,
82,82,8,639528.32,2025-03-16 19:48:00,82,10,10,POS,Success,0,
704,704,8,445032.03,2024-04-03 23:03:00,704,19,9,POS,Success,0,
911,911,7,546479.77,2025-03-06 20:56:00,911,24,10,ATM,Success,0,
773,773,1,569880.82,2024-06-17 07:53:00,773,28,7,RTGS,Success,0,
631,631,7,31939.86,2024-05-05 13:09:00,631,10,7,RTGS,Success,0,
508,508,7,734402.95,2024-06-13 00:20:00,508,4,9,POS,Failed,1,Multiple Transactions
648,648,6,624962.53,2024-11-06 06:05:00,648,30,7,ATM,Success,0,
709,709,7,269231.01,2024-03-16 11:17:00,709,2,5,NETBANKING,Success,0,
657,657,2,87875.92,2024-09-10 10:37:00,657,11,4,ATM,Success,0,
720,720,8,64824.97,2025-04-09 01:33:00,720,20,8,RTGS,Success,0,
52,52,9,334929.69,2024-11-21 03:35:00,52,29,8,NEFT,Success,0,
749,749,4,421130.61,2024-05-24 22:26:00,749,19,6,ATM,Success,0,
48,48,4,644892.37,2024-02-19 01:21:00,48,14,10,RTGS,Pending,0,
410,410,3,203922.64,2024-05-13 10:55:00,410,14,9,ATM,Success,0,
25,25,1,400004.34,2025-04-02 15:08:00,25,9,8,ATM,Success,0,
315,315,8,447976.92,2024-12-23 23:17:00,315,26,1,NEFT,Success,0,
351,351,7,338596.22,2024-05-16 02:27:00,351,26,4,NETBANKING,Success,0,
288,288,4,564718.29,2024-09-15 02:13:00,288,29,7,ATM,Success,0,
687,687,4,764057.03,2025-02-18 04:55:00,687,3,9,NEFT,Success,1,High Amount Transaction
333,333,3,557400.14,2024-07-24 06:23:00,333,12,9,POS,Success,0,
73,73,10,416328.09,2024-09-10 16:37:00,73,17,2,NETBANKING,Success,0,
189,189,5,674771.84,2025-04-26 22:04:00,189,28,4,UPI,Pending,0,
735,735,2,202278.8,2024-02-26 14:31:00,735,1,6,ATM,Success,0,
779,779,3,478011.19,2024-08-06 04:45:00,779,18,6,NEFT,Success,0,
611,611,8,513467.35,2025-02-21 20:37:00,611,6,1,POS,Success,0,
233,233,8,528829.67,2024-08-29 02:54:00,233,8,7,ATM,Success,1,Multiple Transactions
173,173,1,478566.64,2024-07-01 06:51:00,173,26,4,NEFT,Success,0,
845,845,3,775696.12,2024-11-20 19:36:00,845,14,4,RTGS,Success,0,
808,808,4,275742.34,2024-08-24 10:00:00,808,4,8,ATM,Success,0,
764,764,5,680440.7,2025-03-23 02:06:00,764,26,4,NEFT,Success,0,
966,966,10,247.24,2025-01-01 17:20:00,966,7,10,ATM,Success,0,
119,119,3,669450.22,2024-04-17 06:58:00,119,13,9,IMPS,Success,0,
6,6,1,614936.16,2024-05-30 16:51:00,6,9,4,NETBANKING,Success,0,
889,889,1,45948.8,2024-06-23 03:58:00,889,29,4,UPI,Pending,0,
958,958,6,483230.96,2024-04-17 04:47:00,958,10,9,ATM,Success,0,
68,68,4,61084.06,2024-03-27 14:29:00,68,10,9,IMPS,Success,0,
496,496,6,59356.78,2024-05-24 00:29:00,496,30,8,IMPS,Pending,0,
190,190,2,671744.42,2024-12-03 08:08:00,190,15,3,ATM,Success,0,
509,509,7,153836.95,2024-06-08 19:32:00,509,8,3,NETBANKING,Success,0,
742,742,9,661409.82,2025-04-30 22:21:00,742,27,1,UPI,Success,0,
782,782,10,673151.41,2024-06-20 17:58:00,782,1,4,UPI,Success,0,
404,404,1,171945.25,2024-11-01 01:57:00,404,7,3,UPI,Success,0,
894,894,7,544969.75,2024-06-22 03:02:00,894,16,5,NEFT,Success,0,
922,922,4,409295.76,2024-03-19 02:43:00,922,23,9,NEFT,Success,0,
409,409,6,670361.6,2024-12-15 20:54:00,409,7,3,IMPS,Success,0,
300,300,6,374776.56,2024-04-21 11:06:00,300,27,1,UPI,Success,0,
482,482,2,208136.88,2024-05-06 18:16:00,482,22,6,ATM,Success,0,
573,573,2,657920.15,2024-07-09 18:53:00,573,13,2,NEFT,Success,0,
521,521,6,471230.25,2025-02-24 10:01:00,521,23,4,IMPS,Success,0,
9,9,2,35239.13,2024-12-21 19:11:00,9,1,3,UPI,Success,1,New Device
694,694,4,561682.23,2024-01-09 09:53:00,694,7,3,RTGS,Success,0,
843,843,9,744556.8,2024-01-24 00:57:00,843,30,8,RTGS,Success,0,
849,849,8,295240.58,2025-03-06 03:07:00,849,2,3,ATM,Success,0,
486,486,4,116098.66,2024-11-20 20:47:00,486,1,7,IMPS,Success,0,
634,634,8,572146.03,2024-05-31 18:16:00,634,8,1,NEFT,Success,0,
915,915,1,445616.86,2024-10-23 11:05:00,915,9,4,POS,Success,0,
741,741,10,704529.96,2024-10-11 02:02:00,741,16,9,POS,Success,0,
895,895,9,332280.65,2025-04-11 20:57:00,895,16,8,RTGS,Success,1,Night Transaction
243,243,9,648564.35,2024-12-01 14:02:00,243,14,2,IMPS,Success,0,
63,63,3,552725.04,2024-12-19 04:35:00,63,9,4,UPI,Failed,0,
712,712,6,330764.57,2025-03-08 13:52:00,712,1,6,POS,Success,0,
949,949,4,343225.91,2024-03-05 21:30:00,949,11,4,POS,Success,0,
877,877,3,382282.07,2024-09-01 18:19:00,877,4,1,NEFT,Success,0,
200,200,8,221922.43,2024-08-16 11:08:00,200,7,8,NEFT,Success,0,
755,755,1,377156.91,2024-05-27 18:21:00,755,28,2,ATM,Success,0,
319,319,1,770601.91,2024-05-06 00:19:00,319,27,8,UPI,Success,1,Multiple Transactions
391,391,3,589730.73,2024-11-13 20:44:00,391,28,4,POS,Success,0,
349,349,8,88799.66,2024-06-06 23:46:00,349,28,2,NEFT,Failed,0,
254,254,2,19187.95,2024-07-22 22:25:00,254,10,9,NEFT,Success,0,
212,212,7,368637.82,2024-06-03 15:23:00,212,5,6,RTGS,Success,0,
771,771,8,533371.39,2024-06-19 18:22:00,771,25,5,POS,Success,0,
142,142,1,196504.81,2024-01-02 03:19:00,142,11,5,IMPS,Success,0,
324,324,5,488623.67,2024-07-20 16:56:00,324,29,6,NETBANKING,Success,0,
899,899,4,99339.83,2024-01-08 21:37:00,899,4,10,UPI,Success,0,
78,78,3,675732.26,2025-03-07 12:41:00,78,13,9,POS,Success,0,
144,144,10,780035.93,2025-04-10 05:00:00,144,1,5,RTGS,Pending,0,
386,386,5,8930.07,2024-07-26 06:49:00,386,29,10,POS,Pending,0,
465,465,1,425991.76,2024-04-16 14:12:00,465,29,7,NEFT,Success,0,
745,745,7,693266.29,2024-02-19 22:24:00,745,19,7,UPI,Pending,0,
63,63,5,575032.59,2024-01-05 22:28:00,63,24,7,RTGS,Success,0,
525,525,10,255831.1,2024-12-11 00:28:00,525,4,9,ATM,Success,1,Night Transaction
938,938,2,319747.18,2024-09-06 03:27:00,938,8,1,NETBANKING,Success,0,
318,318,4,27218.46,2025-03-15 21:08:00,318,23,9,IMPS,Success,0,
547,547,2,555546.81,2025-02-06 07:12:00,547,11,9,UPI,Success,0,
697,697,3,739692.12,2024-10-23 22:22:00,697,30,9,POS,Failed,0,
615,615,3,713344.23,2024-10-02 21:40:00,615,29,9,ATM,Success,0,
58,58,10,788056.95,2024-05-11 07:20:00,58,27,10,IMPS,Success,0,
107,107,3,259926.35,2024-01-05 18:52:00,107,15,4,IMPS,Success,0,
907,907,3,755017.9,2024-05-26 05:03:00,907,29,1,POS,Pending,0,
33,33,7,23178.62,2024-12-21 05:46:00,33,10,5,RTGS,Success,0,
76,76,5,151883.26,2024-10-12 18:55:00,76,16,4,NEFT,Success,0,
300,300,8,291386.23,2024-06-30 21:44:00,300,6,5,NEFT,Success,0,
233,233,2,525428.64,2025-01-11 19:32:00,233,20,2,POS,Success,0,
742,742,7,529132.05,2024-03-01 04:48:00,742,17,5,NEFT,Failed,0,
255,255,5,579146.14,2024-07-30 03:56:00,255,4,6,NETBANKING,Success,0,
896,896,4,92456.11,2025-02-17 23:31:00,896,5,4,RTGS,Success,0,
899,899,1,319954.6,2025-03-05 12:23:00,899,8,6,ATM,Success,0,
911,911,5,696512.66,2024-07-01 05:53:00,911,28,4,POS,Success,0,
455,455,5,681304.03,2025-01-28 00:59:00,455,12,7,POS,Success,0,
748,748,9,132743.2,2025-01-03 19:57:00,748,9,3,NEFT,Success,0,
887,887,3,656712.18,2024-10-15 07:54:00,887,11,6,NETBANKING,Success,0,
697,697,8,761236.75,2024-09-18 00:35:00,697,19,8,NETBANKING,Success,0,
341,341,2,485625.45,2024-12-08 02:24:00,341,2,3,ATM,Success,0,
771,771,7,378043.38,2024-04-15 06:41:00,771,22,7,POS,Success,0,
957,957,9,432458.8,2024-11-14 20:25:00,957,12,9,IMPS,Success,0,
245,245,1,323796.39,2024-05-31 19:58:00,245,7,4,RTGS,Failed,0,
505,505,4,91803.44,2024-05-24 03:20:00,505,12,10,NETBANKING,Success,0,
399,399,8,746606.88,2024-07-14 02:26:00,399,28,6,NETBANKING,Success,0,
926,926,5,81014.59,2024-04-14 01:40:00,926,18,5,NEFT,Success,0,
520,520,8,408250.9,2024-07-01 01:48:00,520,2,2,POS,Success,0,
912,912,6,413140.2,2025-03-09 10:18:00,912,18,8,RTGS,Success,1,Multiple Transactions
94,94,10,535115.24,2025-02-08 05:47:00,94,23,8,POS,Success,0,
565,565,5,13061.21,2025-03-05 23:01:00,565,9,5,RTGS,Success,0,
3,3,2,317386.35,2025-03-08 03:25:00,3,9,1,NEFT,Success,0,
930,930,9,22438.38,2024-06-17 17:22:00,930,21,10,NEFT,Success,0,
634,634,9,270121.26,2025-01-05 11:52:00,634,30,4,RTGS,Success,0,
338,338,1,671043.73,2025-02-05 22:42:00,338,29,3,NETBANKING,Success,0,
587,587,9,577476.28,2024-12-26 09:28:00,587,11,1,IMPS,Success,0,
602,602,7,567779.37,2024-10-27 11:01:00,602,20,3,RTGS,Success,0,
273,273,10,421003.38,2024-01-12 17:38:00,273,22,2,POS,Success,0,
555,555,3,655704.23,2024-06-07 16:23:00,555,17,9,NEFT,Success,0,
32,32,8,379113.36,2024-12-11 16:08:00,32,19,2,NEFT,Success,0,
61,61,3,577127.77,2024-02-13 07:03:00,61,24,6,ATM,Success,0,
898,898,9,509312.48,2024-08-09 18:55:00,898,29,3,NEFT,Success,0,
583,583,3,278930.4,2025-03-04 15:23:00,583,13,7,ATM,Success,0,
902,902,2,81587.59,2024-04-29 00:31:00,902,30,4,UPI,Success,0,
695,695,9,511861.44,2024-12-08 09:13:00,695,8,8,NEFT,Success,0,
243,243,6,164965.78,2025-03-09 08:40:00,243,14,1,POS,Success,0,
511,511,4,583455.5,2024-06-23 15:15:00,511,13,6,POS,Success,0,
722,722,1,60166.67,2025-04-02 18:28:00,722,10,9,NETBANKING,Success,0,
233,233,7,252911.4,2024-01-07 13:54:00,233,23,8,NEFT,Success,0,
120,120,9,103862.41,2024-10-19 23:33:00,120,28,1,NETBANKING,Success,0,
883,883,1,699198.84,2025-02-06 13:49:00,883,29,9,IMPS,Success,0,
771,771,4,403953.03,2025-03-27 22:17:00,771,24,4,NEFT,Success,0,
241,241,1,614804.95,2024-09-15 14:54:00,241,27,4,NETBANKING,Success,0,
226,226,4,753941.45,2024-08-29 00:53:00,226,26,4,NETBANKING,Success,0,
268,268,1,406011.4,2024-10-07 08:13:00,268,20,6,RTGS,Success,1,Night Transaction
373,373,5,202493.2,2024-09-10 18:37:00,373,16,3,NETBANKING,Success,0,
87,87,1,191253.61,2024-12-16 11:50:00,87,18,7,NETBANKING,Success,0,
155,155,10,8280.77,2024-02-08 05:40:00,155,7,2,NEFT,Failed,0,
89,89,1,632371.16,2024-08-25 10:52:00,89,4,9,UPI,Failed,0,
427,427,10,415972.74,2025-02-07 09:42:00,427,18,9,NEFT,Success,0,
434,434,6,653403.56,2024-06-03 23:04:00,434,30,2,NETBANKING,Success,0,
786,786,1,53659.69,2025-03-06 02:40:00,786,18,2,ATM,Success,0,
350,350,10,698676.54,2024-09-25 02:33:00,350,22,2,UPI,Success,0,
475,475,5,240490.14,2025-03-16 06:40:00,475,10,7,NETBANKING,Success,0,
222,222,8,256808.59,2024-10-16 10:19:00,222,24,10,NETBANKING,Success,0,
656,656,6,61390.51,2024-05-19 14:50:00,656,18,2,NETBANKING,Success,0,
323,323,4,77161.04,2024-11-19 19:57:00,323,22,2,POS,Success,0,
269,269,7,113986.45,2024-03-05 05:08:00,269,18,5,NEFT,Success,0,
537,537,7,487442.99,2024-12-31 07:05:00,537,29,10,RTGS,Success,0,
411,411,10,391445.75,2024-01-24 23:26:00,411,9,4,RTGS,Failed,0,
747,747,7,250373.51,2025-02-25 17:33:00,747,22,5,NEFT,Success,0,
478,478,7,253257.75,2025-03-19 07:26:00,478,22,4,RTGS,Success,0,
82,82,6,649270.73,2024-04-02 06:23:00,82,5,4,UPI,Success,0,
203,203,6,630903.61,2024-08-08 14:52:00,203,18,8,IMPS,Failed,0,
484,484,9,269214.0,2024-03-05 04:20:00,484,3,1,NEFT,Failed,0,
467,467,4,208823.0,2024-02-16 01:46:00,467,4,8,RTGS,Success,0,
312,312,4,308309.61,2024-12-19 20:04:00,312,12,6,POS,Success,0,
613,613,6,556068.06,2025-03-18 06:10:00,613,3,1,RTGS,Success,0,
677,677,8,132389.23,2025-01-07 10:05:00,677,8,10,IMPS,Success,0,
761,761,8,44763.08,2024-12-17 00:30:00,761,24,10,NEFT,Success,0,
275,275,10,464959.64,2024-11-29 19:11:00,275,6,1,IMPS,Success,0,
449,449,7,275122.07,2024-12-26 09:11:00,449,28,3,NEFT,Success,1,Night Transaction
806,806,9,743241.71,2024-12-31 21:26:00,806,27,5,POS,Success,0,
302,302,1,454635.96,2025-04-26 20:53:00,302,27,7,POS,Failed,0,
594,594,2,775243.98,2025-04-16 17:31:00,594,3,5,POS,Success,0,
199,199,5,634796.13,2024-01-23 17:58:00,199,15,1,NETBANKING,Success,0,
998,998,10,618971.98,2024-03-22 22:11:00,998,1,7,UPI,Success,0,
401,401,1,183721.67,2024-06-02 21:26:00,401,27,10,NEFT,Success,0,
323,323,3,276780.89,2024-04-05 14:17:00,323,28,4,IMPS,Success,0,
500,500,6,757519.96,2025-04-29 03:01:00,500,10,3,NETBANKING,Pending,0,
45,45,9,2709.07,2025-03-17 11:29:00,45,27,1,RTGS,Success,0,
414,414,3,370866.83,2024-01-25 12:45:00,414,14,2,NEFT,Success,0,
507,507,1,612907.35,2024-12-13 11:27:00,507,28,9,ATM,Success,0,
386,386,7,107332.66,2024-06-14 23:06:00,386,23,7,RTGS,Failed,0,
35,35,10,406309.83,2024-01-02 19:19:00,35,21,10,RTGS,Success,0,
247,247,1,6677.64,2024-02-04 13:04:00,247,23,2,IMPS,Success,0,
613,613,3,195383.33,2024-01-10 10:29:00,613,1,10,ATM,Success,0,
6,6,7,432481.65,2024-10-30 01:40:00,6,14,6,RTGS,Failed,0,
701,701,9,135469.55,2024-01-12 01:48:00,701,1,7,IMPS,Success,0,
950,950,9,363383.07,2025-03-20 18:11:00,950,2,1,NETBANKING,Success,0,
910,910,9,521940.39,2024-10-14 00:45:00,910,30,8,IMPS,Success,0,
395,395,3,763594.14,2024-08-24 18:27:00,395,25,8,IMPS,Failed,0,
137,137,8,217068.11,2024-08-08 06:52:00,137,11,7,NETBANKING,Success,0,
137,137,4,601677.89,2024-08-13 22:21:00,137,19,7,POS,Success,0,
233,233,3,496574.7,2024-09-17 03:01:00,233,11,3,UPI,Success,0,
652,652,9,645798.41,2024-04-09 03:49:00,652,24,9,POS,Pending,0,
63,63,8,792659.67,2024-05-08 16:42:00,63,13,2,IMPS,Failed,0,
322,322,4,74429.38,2024-01-11 03:36:00,322,1,10,RTGS,Success,0,
906,906,10,231375.18,2024-07-03 20:46:00,906,1,7,UPI,Success,0,
458,458,9,175501.16,2024-09-08 13:43:00,458,11,4,UPI,Success,0,
157,157,2,500502.28,2024-04-09 08:09:00,157,1,3,ATM,Success,0,
397,397,3,506321.62,2024-09-11 18:49:00,397,5,3,UPI,Success,0,
218,218,7,691441.65,2024-12-30 07:06:00,218,19,4,NEFT,Success,0,
375,375,2,7568.92,2024-11-17 20:31:00,375,16,5,POS,Success,0,
236,236,4,72069.35,2024-12-14 13:25:00,236,30,1,NETBANKING,Success,0,
296,296,5,387908.4,2024-12-05 03:15:00,296,14,5,UPI,Success,0,
981,981,2,11838.73,2024-01-20 05:44:00,981,26,1,POS,Success,0,
377,377,10,386646.55,2025-01-18 17:14:00,377,26,6,ATM,Success,0,
878,878,9,643405.14,2024-04-14 02:08:00,878,7,10,NETBANKING,Success,0,
631,631,10,341343.2,2024-11-23 19:23:00,631,27,6,IMPS,Success,0,
49,49,5,557846.36,2025-02-01 07:25:00,49,17,7,POS,Success,0,
67,67,5,555601.81,2024-06-07 05:12:00,67,10,10,NETBANKING,Success,0,
193,193,10,188818.64,2024-04-08 12:05:00,193,7,4,NETBANKING,Success,0,
886,886,6,142864.63,2024-04-20 23:31:00,886,30,4,RTGS,Failed,0,
137,137,8,368147.52,2024-04-16 15:19:00,137,23,1,NEFT,Failed,0,
856,856,7,540181.41,2024-08-18 23:23:00,856,17,8,POS,Success,0,
165,165,1,605068.28,2024-12-23 00:56:00,165,26,7,RTGS,Success,0,
327,327,7,537444.05,2024-04-23 21:35:00,327,7,1,NEFT,Success,0,
808,808,5,609396.81,2025-02-27 09:30:00,808,10,9,RTGS,Success,0,
313,313,9,327830.48,2024-12-23 07:09:00,313,13,7,NETBANKING,Success,0,
29,29,4,359866.52,2024-10-14 13:19:00,29,18,1,IMPS,Failed,0,
617,617,9,341138.04,2024-01-28 08:22:00,617,7,2,RTGS,Success,0,
527,527,5,728003.79,2024-07-15 11:33:00,527,24,7,UPI,Success,0,
850,850,10,33129.93,2025-04-28 14:37:00,850,5,4,ATM,Success,0,
418,418,4,271810.04,2024-11-27 00:32:00,418,13,6,RTGS,Success,0,
93,93,9,345799.09,2024-05-27 12:10:00,93,15,5,ATM,Success,0,
861,861,2,126009.68,2025-03-21 09:07:00,861,8,2,NETBANKING,Success,0,
719,719,3,270547.71,2025-03-25 12:00:00,719,8,9,NEFT,Success,0,
280,280,2,766275.03,2024-12-18 05:55:00,280,9,3,ATM,Success,0,
123,123,9,420827.0,2024-02-12 17:31:00,123,25,4,NETBANKING,Success,0,
449,449,1,738544.71,2024-01-28 07:53:00,449,19,10,IMPS,Success,0,
383,383,2,87880.64,2024-08-02 02:31:00,383,27,2,NETBANKING,Success,0,
130,130,5,126000.82,2024-08-23 01:31:00,130,17,2,RTGS,Success,0,
480,480,7,553452.5,2024-07-05 05:51:00,480,4,4,IMPS,Success,1,Multiple Transactions
13,13,4,242466.38,2024-03-27 12:04:00,13,26,1,UPI,Success,0,
885,885,9,364159.72,2024-08-21 05:43:00,885,8,1,POS,Success,0,
735,735,3,280103.96,2024-05-26 01:35:00,735,1,4,POS,Failed,1,New Device
628,628,1,520845.51,2024-05-29 16:49:00,628,20,10,NETBANKING,Success,0,
764,764,10,640918.99,2024-01-07 12:22:00,764,30,6,IMPS,Success,0,
851,851,2,149270.41,2024-12-19 19:55:00,851,7,2,UPI,Success,0,
431,431,4,123205.03,2024-12-08 01:33:00,431,18,5,ATM,Success,0,
271,271,6,699153.39,2024-05-20 19:17:00,271,26,4,NEFT,Success,0,
333,333,2,284205.92,2024-07-17 00:20:00,333,21,10,NEFT,Success,0,
753,753,5,236152.24,2024-02-24 11:07:00,753,18,5,POS,Success,0,
783,783,4,524590.45,2024-02-26 01:42:00,783,24,5,NETBANKING,Success,0,
454,454,10,425307.18,2024-08-08 05:23:00,454,10,2,UPI,Success,0,
313,313,6,226942.33,2024-02-27 06:41:00,313,14,7,RTGS,Success,0,
976,976,4,554540.1,2024-06-17 07:39:00,976,18,8,NEFT,Success,0,
317,317,5,106837.38,2025-03-19 15:57:00,317,22,6,RTGS,Success,0,
974,974,10,448852.93,2024-04-22 07:54:00,974,9,8,NETBANKING,Success,0,
895,895,9,77732.21,2024-01-12 23:24:00,895,5,2,UPI,Success,0,
389,389,6,11209.84,2024-09-19 23:18:00,389,19,7,IMPS,Success,0,
807,807,7,717769.58,2025-03-27 04:14:00,807,1,9,ATM,Success,0,
989,989,7,268203.01,2025-04-07 22:08:00,989,9,9,RTGS,Success,0,
284,284,7,146361.66,2024-08-27 02:17:00,284,23,10,RTGS,Success,0,
944,944,7,81591.24,2024-05-26 23:59:00,944,5,3,POS,Success,0,
477,477,6,587573.04,2024-02-13 10:31:00,477,18,3,POS,Success,0,
498,498,10,350613.96,2024-09-04 21:00:00,498,2,1,UPI,Pending,0,
391,391,2,551613.82,2025-02-27 10:15:00,391,13,4,NEFT,Success,0,
204,204,4,295461.55,2024-04-20 21:42:00,204,20,6,POS,Success,0,
790,790,6,215387.26,2025-03-11 15:55:00,790,1,3,UPI,Success,0,
157,157,1,659423.81,2025-02-13 07:50:00,157,11,7,NEFT,Success,0,
17,17,2,24679.56,2025-04-02 18:02:00,17,26,10,IMPS,Success,0,
271,271,10,160527.01,2025-03-04 07:45:00,271,16,5,UPI,Success,0,
126,126,9,642825.77,2024-05-04 05:54:00,126,11,9,NEFT,Success,0,
380,380,6,579494.72,2024-05-13 17:10:00,380,28,8,POS,Success,0,
320,320,3,772398.96,2024-01-22 16:20:00,320,11,1,RTGS,Success,0,
911,911,8,459434.93,2024-11-16 07:29:00,911,15,1,RTGS,Success,0,
953,953,2,140928.46,2024-01-30 02:21:00,953,14,10,POS,Success,0,
338,338,10,108779.93,2024-10-01 22:24:00,338,5,4,ATM,Success,0,
675,675,7,433314.88,2025-04-01 23:20:00,675,3,10,RTGS,Success,0,
395,395,9,131887.34,2025-02-16 18:31:00,395,11,1,RTGS,Success,0,
85,85,4,699679.87,2024-10-19 19:31:00,85,20,10,POS,Success,0,
631,631,10,514871.38,2024-11-24 21:38:00,631,16,5,IMPS,Success,0,
516,516,1,362174.51,2024-11-25 03:15:00,516,6,1,POS,Success,0,
567,567,5,717206.1,2025-01-15 01:29:00,567,21,8,IMPS,Success,0,
388,388,1,168251.18,2024-02-08 08:05:00,388,7,9,NEFT,Success,0,
654,654,10,70803.33,2024-04-23 09:15:00,654,3,1,IMPS,Success,0,
565,565,10,49256.02,2024-09-13 03:44:00,565,28,1,ATM,Success,0,
739,739,4,59644.42,2025-02-14 07:39:00,739,30,7,NETBANKING,Failed,0,
68,68,8,233495.94,2024-09-19 08:29:00,68,9,1,RTGS,Success,0,
841,841,10,727620.88,2025-02-10 11:28:00,841,17,10,NETBANKING,Success,0,
531,531,10,530839.7,2024-02-19 15:19:00,531,29,5,IMPS,Success,0,
451,451,3,242414.02,2024-05-13 03:59:00,451,11,9,ATM,Success,0,
568,568,10,633323.45,2025-03-01 08:05:00,568,12,6,NETBANKING,Success,0,
945,945,6,516495.65,2024-07-16 16:23:00,945,2,6,POS,Success,0,
500,500,10,204412.03,2024-02-16 00:08:00,500,25,1,IMPS,Success,0,
694,694,9,651299.08,2024-10-28 22:03:00,694,12,1,POS,Failed,0,
467,467,9,193608.02,2024-04-24 08:19:00,467,21,5,NETBANKING,Success,0,
270,270,7,156381.13,2025-04-12 10:22:00,270,4,1,IMPS,Success,0,
635,635,7,370028.68,2025-03-28 11:02:00,635,12,4,POS,Success,0,
221,221,3,239992.67,2024-08-14 10:07:00,221,23,8,RTGS,Success,0,
815,815,4,699273.87,2024-05-04 20:50:00,815,16,2,UPI,Success,0,
940,940,2,67552.9,2024-03-16 20:15:00,940,29,5,ATM,Success,0,
163,163,4,348186.91,2025-04-18 11:41:00,163,1,10,UPI,Success,0,
776,776,1,75324.66,2024-08-24 13:46:00,776,26,5,RTGS,Success,0,
794,794,8,728815.15,2024-03-20 11:14:00,794,29,1,NETBANKING,Pending,0,
487,487,4,403849.47,2025-05-01 07:58:00,487,2,2,ATM,Success,0,
495,495,2,561936.85,2024-10-30 20:26:00,495,18,6,IMPS,Success,0,
90,90,1,182528.24,2025-04-14 22:25:00,90,19,5,NETBANKING,Success,0,
79,79,7,473623.52,2024-10-13 06:28:00,79,13,10,IMPS,Success,0,
348,348,8,641926.58,2024-10-13 00:30:00,348,18,6,UPI,Success,0,
871,871,4,90131.24,2024-12-08 09:49:00,871,9,9,POS,Success,0,
456,456,3,634272.71,2024-09-25 13:00:00,456,8,4,NETBANKING,Success,0,
193,193,9,141095.9,2025-04-20 14:54:00,193,30,4,IMPS,Success,0,
68,68,9,276975.55,2024-01-19 07:11:00,68,17,7,ATM,Success,0,
216,216,1,544304.4,2024-09-28 04:03:00,216,14,10,NEFT,Success,0,
524,524,2,403886.33,2024-08-30 16:39:00,524,3,6,RTGS,Success,1,Foreign Location
346,346,8,179634.81,2025-01-03 04:42:00,346,8,4,NETBANKING,Success,0,
433,433,3,264600.43,2025-03-10 00:32:00,433,3,2,ATM,Failed,0,
459,459,4,219191.62,2024-09-13 14:18:00,459,9,9,NEFT,Success,0,
672,672,2,492202.53,2024-01-24 16:52:00,672,19,9,ATM,Success,0,
93,93,7,10821.21,2024-04-10 06:28:00,93,3,3,ATM,Success,0,
448,448,5,793864.28,2024-09-07 06:11:00,448,4,10,UPI,Success,0,
585,585,3,38978.26,2024-10-10 03:23:00,585,13,8,NEFT,Success,0,
171,171,6,70744.8,2024-04-16 17:46:00,171,22,4,RTGS,Failed,0,
567,567,8,289773.62,2025-03-06 11:30:00,567,30,8,NEFT,Pending,0,
676,676,6,406350.98,2024-02-26 04:59:00,676,27,5,RTGS,Pending,0,
13,13,9,583762.08,2025-01-31 22:19:00,13,10,5,UPI,Success,0,
860,860,8,164538.58,2024-05-21 14:32:00,860,3,4,NETBANKING,Success,0,
859,859,8,717094.82,2024-07-06 00:30:00,859,14,9,POS,Success,0,
97,97,3,416116.66,2024-10-11 14:20:00,97,25,5,IMPS,Success,0,
384,384,3,153570.17,2025-04-19 05:13:00,384,20,5,RTGS,Success,0,
655,655,7,518948.18,2025-03-22 17:00:00,655,26,7,RTGS,Success,0,
48,48,10,610017.44,2024-04-09 22:54:00,48,2,1,NEFT,Success,0,
103,103,9,693517.05,2024-04-25 03:16:00,103,9,2,POS,Success,0,
576,576,5,722973.21,2024-04-15 06:37:00,576,2,4,NEFT,Success,0,
406,406,7,590031.31,2025-01-12 23:20:00,406,9,10,UPI,Success,0,
402,402,1,160092.17,2024-08-02 17:49:00,402,8,10,NEFT,Success,0,
571,571,3,64880.45,2024-06-18 03:24:00,571,1,7,IMPS,Success,0,
503,503,1,281707.35,2024-07-24 12:03:00,503,16,7,UPI,Success,0,
890,890,3,164687.49,2024-07-27 01:59:00,890,11,9,IMPS,Pending,0,
493,493,5,672779.84,2024-10-06 20:16:00,493,14,3,RTGS,Success,0,
105,105,6,217275.63,2024-02-02 17:32:00,105,6,2,RTGS,Success,0,
136,136,6,372912.08,2024-06-08 15:02:00,136,22,7,NETBANKING,Success,0,
863,863,2,234770.71,2024-09-05 03:11:00,863,6,1,RTGS,Success,0,
166,166,8,475289.21,2024-02-06 07:29:00,166,6,6,NETBANKING,Success,0,
577,577,9,136315.56,2025-03-23 05:19:00,577,25,7,NETBANKING,Success,0,
459,459,10,70146.73,2024-09-05 01:23:00,459,11,2,IMPS,Success,0,
546,546,1,671843.0,2024-09-04 08:57:00,546,11,6,ATM,Success,0,
506,506,2,187842.22,2024-07-06 21:54:00,506,1,2,NETBANKING,Success,0,
435,435,3,453069.16,2025-04-08 15:24:00,435,21,6,IMPS,Failed,0,
138,138,10,317796.41,2024-07-02 03:15:00,138,21,3,ATM,Success,0,
822,822,4,42012.73,2024-08-04 14:29:00,822,27,4,ATM,Success,0,
625,625,3,607750.93,2024-01-15 00:00:00,625,17,7,NEFT,Success,0,
255,255,6,102982.31,2025-04-28 09:59:00,255,6,2,POS,Success,0,
400,400,6,548342.23,2024-06-05 11:57:00,400,20,5,UPI,Success,0,
259,259,8,495102.98,2024-03-24 16:16:00,259,3,6,ATM,Success,0,
515,515,7,576782.06,2025-03-22 17:47:00,515,7,6,IMPS,Success,0,
462,462,10,242712.8,2024-11-19 11:59:00,462,9,4,ATM,Success,0,
653,653,3,141079.38,2024-09-15 19:58:00,653,17,9,POS,Success,0,
477,477,10,756388.1,2024-11-28 12:10:00,477,18,1,NEFT,Success,1,Foreign Location
131,131,10,696565.01,2024-10-01 08:01:00,131,6,2,NEFT,Success,0,
424,424,4,691812.82,2024-07-21 04:37:00,424,28,7,NEFT,Success,0,
910,910,7,614817.93,2024-10-04 17:54:00,910,2,9,IMPS,Success,0,
92,92,8,172489.93,2024-04-02 04:39:00,92,4,4,NETBANKING,Success,0,
946,946,1,25877.03,2024-04-08 02:55:00,946,22,1,IMPS,Success,0,
633,633,5,12081.13,2024-07-28 07:44:00,633,30,9,UPI,Success,0,
165,165,8,20596.03,2024-03-21 23:03:00,165,23,6,ATM,Success,0,
870,870,3,402795.02,2024-05-21 05:32:00,870,11,5,NEFT,Success,0,
825,825,1,282419.28,2024-01-19 06:45:00,825,7,8,NETBANKING,Success,0,
750,750,2,594809.7,2024-08-24 01:55:00,750,14,7,RTGS,Success,0,
135,135,5,49832.5,2025-04-04 23:23:00,135,5,8,NEFT,Success,0,
672,672,3,608236.85,2024-06-19 14:36:00,672,12,9,UPI,Success,0,
938,938,2,140734.51,2024-07-09 02:50:00,938,6,4,NEFT,Failed,0,
131,131,10,684032.51,2024-05-24 07:01:00,131,11,2,NEFT,Success,0,
477,477,3,650663.13,2024-05-20 05:07:00,477,15,9,ATM,Success,0,
332,332,3,300457.21,2025-03-22 04:19:00,332,24,7,NETBANKING,Success,0,
173,173,2,698252.25,2024-12-22 21:13:00,173,17,7,NETBANKING,Success,0,
441,441,10,746954.01,2024-05-13 17:17:00,441,12,5,POS,Success,0,
371,371,2,403931.94,2024-05-28 00:56:00,371,18,4,UPI,Success,0,
940,940,3,415188.27,2024-07-14 04:30:00,940,14,9,UPI,Success,0,
652,652,2,664530.1,2025-02-07 17:32:00,652,29,3,NETBANKING,Success,0,
43,43,6,691495.94,2024-05-01 04:27:00,43,1,9,NEFT,Success,0,
414,414,4,414374.02,2024-03-14 02:30:00,414,26,9,NETBANKING,Success,1,Foreign Location
142,142,1,45967.98,2024-07-13 09:54:00,142,5,1,ATM,Success,0,
323,323,2,72905.9,2024-02-20 20:26:00,323,27,4,RTGS,Success,0,
370,370,7,550049.95,2025-03-15 11:48:00,370,22,3,IMPS,Pending,0,
587,587,6,468515.22,2025-04-06 18:29:00,587,5,5,NETBANKING,Success,0,
463,463,1,285048.0,2025-03-15 10:02:00,463,1,7,IMPS,Failed,0,
1000,1000,2,521543.88,2024-07-28 17:10:00,1000,7,9,RTGS,Success,0,
464,464,3,233901.81,2024-11-27 08:08:00,464,14,8,ATM,Success,0,
354,354,7,375687.48,2024-08-22 13:17:00,354,10,2,RTGS,Success,0,
671,671,7,195970.67,2024-02-12 01:16:00,671,26,7,NETBANKING,Success,0,
195,195,7,731251.63,2025-04-27 01:17:00,195,19,10,NEFT,Success,0,
123,123,1,402797.11,2024-06-09 06:26:00,123,17,8,NETBANKING,Success,0,
618,618,6,361351.35,2024-07-17 08:34:00,618,23,8,RTGS,Success,0,
417,417,7,717520.15,2024-02-12 22:07:00,417,13,4,NEFT,Success,0,
783,783,7,493993.74,2025-02-18 18:00:00,783,11,5,IMPS,Success,0,
508,508,5,652307.61,2024-12-20 17:23:00,508,15,6,POS,Success,0,
677,677,9,785977.06,2024-11-24 01:58:00,677,12,1,UPI,Success,0,
918,918,9,740994.66,2024-04-26 13:07:00,918,24,3,NEFT,Failed,0,
812,812,10,193228.44,2024-08-13 05:05:00,812,25,1,POS,Success,0,
83,83,10,373543.38,2025-01-09 22:30:00,83,26,9,NEFT,Success,0,
481,481,6,428512.6,2024-10-29 08:03:00,481,12,2,ATM,Success,0,
406,406,10,478132.43,2025-02-16 10:55:00,406,24,6,ATM,Success,0,
196,196,6,408893.99,2025-04-12 15:31:00,196,2,10,IMPS,Success,0,
458,458,1,51561.39,2024-06-10 20:01:00,458,15,2,RTGS,Success,0,
365,365,5,17248.81,2025-01-24 20:52:00,365,5,10,POS,Success,0,
767,767,8,499272.76,2024-01-17 05:58:00,767,27,1,POS,Success,1,High Amount Transaction
320,320,8,509725.02,2024-02-10 22:50:00,320,28,9,IMPS,Success,0,
146,146,10,116391.33,2024-03-05 14:23:00,146,19,1,UPI,Success,0,
542,542,9,375585.72,2024-08-14 07:47:00,542,17,10,ATM,Success,0,
630,630,4,588671.07,2025-01-04 01:30:00,630,12,10,UPI,Success,0,
427,427,2,576377.31,2025-01-19 08:26:00,427,18,1,NEFT,Success,0,
558,558,2,673153.48,2024-03-17 19:32:00,558,21,10,UPI,Success,0,
723,723,5,170389.66,2025-02-27 16:31:00,723,22,5,ATM,Success,0,
386,386,4,477387.85,2024-07-18 09:32:00,386,5,8,NETBANKING,Success,0,
1,1,4,370850.4,2025-01-17 00:20:00,1,17,6,IMPS,Success,0,
194,194,6,587925.33,2024-08-09 05:40:00,194,8,10,RTGS,Success,0,
731,731,2,46108.76,2024-05-10 17:33:00,731,29,9,IMPS,Success,0,
818,818,10,646694.67,2024-12-17 17:53:00,818,20,10,UPI,Success,0,
181,181,1,83366.2,2025-01-28 03:46:00,181,7,6,POS,Success,0,
717,717,7,327258.06,2024-12-12 09:27:00,717,26,9,POS,Success,0,
63,63,6,270999.33,2024-12-19 18:05:00,63,19,6,IMPS,Success,0,
773,773,5,447964.08,2024-05-21 12:43:00,773,24,10,POS,Success,0,
368,368,9,106326.47,2025-01-05 11:34:00,368,30,9,ATM,Success,0,
724,724,8,69366.1,2025-01-30 13:42:00,724,4,9,NETBANKING,Success,1,New Device
473,473,9,688340.29,2024-11-24 12:02:00,473,12,5,RTGS,Success,0,
641,641,7,349391.57,2024-03-04 21:59:00,641,17,1,IMPS,Success,0,
470,470,1,570092.2,2025-03-09 21:00:00,470,6,4,RTGS,Success,0,
595,595,3,467670.27,2024-12-29 01:38:00,595,30,8,NETBANKING,Success,0,
744,744,2,96963.31,2024-03-29 12:38:00,744,29,6,IMPS,Success,0,
982,982,8,393184.46,2024-08-10 05:25:00,982,30,4,IMPS,Success,0,
857,857,7,712878.7,2025-02-16 21:08:00,857,23,6,NETBANKING,Success,0,
694,694,5,418028.79,2024-01-16 07:19:00,694,15,1,NETBANKING,Success,0,
125,125,3,729966.26,2024-09-22 23:18:00,125,26,8,NETBANKING,Success,0,
432,432,2,250750.83,2024-05-14 15:05:00,432,27,10,NEFT,Success,0,
763,763,8,781819.5,2024-11-07 16:39:00,763,17,2,RTGS,Success,0,
847,847,10,286993.03,2024-09-08 00:08:00,847,22,9,ATM,Pending,0,
956,956,3,432457.92,2025-03-12 01:32:00,956,27,7,NETBANKING,Success,0,
274,274,1,467759.69,2024-08-16 02:07:00,274,27,9,POS,Success,0,
305,305,4,150016.8,2024-03-26 20:11:00,305,9,4,IMPS,Success,0,
232,232,1,380805.62,2024-12-17 08:14:00,232,17,5,ATM,Success,0,
68,68,10,449329.42,2024-06-20 04:47:00,68,26,2,IMPS,Success,0,
56,56,6,86020.74,2025-02-02 22:55:00,56,29,10,UPI,Success,0,
996,996,10,215199.81,2025-04-10 15:46:00,996,24,3,NEFT,Success,0,
676,676,9,471193.66,2024-01-18 00:54:00,676,16,4,NEFT,Success,1,Multiple Transactions
892,892,9,447889.02,2024-12-28 14:38:00,892,20,3,NETBANKING,Success,0,
60,60,7,354360.88,2024-05-03 09:19:00,60,11,3,NEFT,Success,0,
870,870,2,346525.29,2025-03-18 23:29:00,870,29,9,NEFT,Success,0,
96,96,4,318417.47,2024-09-18 10:34:00,96,22,2,ATM,Success,0,
885,885,9,252472.91,2024-03-27 22:00:00,885,2,5,POS,Failed,0,
956,956,1,746246.73,2024-07-25 14:22:00,956,17,10,IMPS,Failed,0,
863,863,2,188702.96,2025-04-29 10:23:00,863,5,2,RTGS,Success,1,Night Transaction
124,124,2,457428.89,2024-04-28 04:52:00,124,6,1,ATM,Success,0,
237,237,4,144876.07,2024-05-22 00:02:00,237,3,10,UPI,Success,0,
843,843,2,330518.56,2025-04-15 18:53:00,843,27,8,IMPS,Success,0,
5,5,3,477121.53,2024-11-30 22:11:00,5,19,6,UPI,Success,0,
204,204,1,36499.16,2024-06-21 06:32:00,204,1,2,IMPS,Failed,0,
670,670,3,220177.67,2025-03-20 03:16:00,670,7,7,NETBANKING,Failed,0,
774,774,8,628459.77,2024-03-06 13:09:00,774,9,3,ATM,Success,0,
472,472,2,423907.18,2024-07-24 10:16:00,472,11,10,NEFT,Success,0,
468,468,6,86732.8,2024-02-08 15:56:00,468,9,6,IMPS,Success,0,
187,187,8,63172.81,2024-07-29 03:02:00,187,30,9,NEFT,Success,0,
30,30,1,756837.18,2024-06-20 09:10:00,30,3,3,NEFT,Success,0,
77,77,7,165446.19,2024-11-23 02:04:00,77,21,1,ATM,Success,0,
634,634,7,146390.01,2024-01-24 08:08:00,634,29,4,NETBANKING,Success,0,
702,702,10,780569.19,2025-03-11 23:36:00,702,29,7,POS,Success,0,
736,736,9,207984.93,2024-02-13 05:47:00,736,28,1,NEFT,Success,0,
683,683,10,751802.61,2025-04-22 00:11:00,683,26,4,ATM,Success,0,
435,435,2,447390.73,2024-04-16 19:49:00,435,20,6,ATM,Success,0,
908,908,1,632685.86,2024-05-16 13:12:00,908,19,3,NEFT,Success,0,
609,609,5,556657.42,2024-10-13 05:43:00,609,20,1,NETBANKING,Success,0,
14,14,10,665651.71,2025-01-29 22:23:00,14,29,7,IMPS,Success,0,
534,534,3,420051.97,2024-09-15 22:06:00,534,7,4,IMPS,Success,0,
300,300,9,453593.16,2024-09-22 05:31:00,300,21,1,NEFT,Pending,0,
484,484,6,137272.13,2025-01-28 02:18:00,484,10,4,POS,Success,0,
498,498,7,655713.85,2024-01-03 04:26:00,498,16,9,NEFT,Success,0,
87,87,10,533265.29,2024-06-04 12:06:00,87,22,5,NEFT,Success,0,
550,550,2,468277.24,2025-03-23 01:05:00,550,15,4,NEFT,Success,0,
481,481,1,329704.63,2024-05-24 19:03:00,481,12,4,IMPS,Success,0,
607,607,2,285368.46,2024-10-22 03:56:00,607,30,10,IMPS,Success,0,
133,133,3,543304.49,2024-03-12 05:01:00,133,30,1,NETBANKING,Success,0,
77,77,2,314000.65,2024-05-04 05:47:00,77,29,9,NEFT,Success,0,
461,461,6,770649.98,2024-07-04 02:02:00,461,29,2,NEFT,Success,0,
310,310,4,502660.47,2025-04-27 20:29:00,310,21,10,NEFT,Success,1,Night Transaction
606,606,9,613378.26,2024-10-10 11:13:00,606,9,5,NEFT,Success,0,
556,556,7,519475.49,2024-08-27 02:55:00,556,4,8,NETBANKING,Success,0,
510,510,4,373755.23,2025-03-25 05:52:00,510,21,1,RTGS,Success,0,
266,266,6,764805.51,2024-03-16 11:22:00,266,16,4,NETBANKING,Success,0,
256,256,10,501315.93,2024-11-07 19:00:00,256,28,5,NETBANKING,Success,0,
956,956,9,463704.49,2024-08-07 18:19:00,956,16,8,NETBANKING,Success,0,
165,165,6,171609.89,2024-10-05 10:00:00,165,3,2,RTGS,Success,0,
372,372,7,701749.64,2024-03-02 10:24:00,372,7,7,UPI,Success,0,
559,559,7,324647.1,2025-01-27 19:01:00,559,20,3,NETBANKING,Success,0,
174,174,10,115704.67,2025-01-09 05:25:00,174,4,7,UPI,Success,0,
925,925,1,533306.54,2024-08-03 18:25:00,925,4,2,POS,Success,0,
293,293,4,797548.41,2025-01-04 20:41:00,293,23,7,RTGS,Success,0,
564,564,3,375323.51,2024-07-04 07:57:00,564,27,6,IMPS,Success,0,
279,279,10,91192.45,2025-04-14 13:49:00,279,26,7,RTGS,Success,0,
769,769,1,692964.35,2025-03-17 02:19:00,769,22,10,ATM,Success,0,
969,969,9,798562.79,2024-05-06 23:37:00,969,3,5,RTGS,Success,0,
316,316,6,793950.57,2024-06-10 01:58:00,316,2,9,NEFT,Success,0,
685,685,2,23109.82,2024-05-29 12:37:00,685,24,8,NEFT,Success,0,
109,109,1,760306.02,2025-04-15 03:43:00,109,23,8,NEFT,Success,0,
566,566,4,603039.29,2024-11-01 16:11:00,566,19,1,NEFT,Success,0,
755,755,6,697264.24,2024-04-18 10:45:00,755,9,2,NEFT,Success,0,
44,44,10,539359.96,2024-10-07 20:00:00,44,25,2,RTGS,Success,0,
940,940,1,419426.19,2024-03-18 13:13:00,940,7,1,NEFT,Success,0,
922,922,4,125664.49,2024-11-11 02:02:00,922,29,1,UPI,Success,0,
572,572,7,350901.94,2025-02-22 13:55:00,572,11,1,UPI,Success,0,
783,783,9,18276.91,2025-03-28 13:56:00,783,22,2,IMPS,Success,0,
92,92,6,345942.87,2024-07-16 03:56:00,92,16,6,NEFT,Success,0,
994,994,9,392479.15,2025-03-18 07:01:00,994,28,2,UPI,Pending,0,
699,699,5,396663.96,2025-01-05 17:08:00,699,22,4,ATM,Success,0,
905,905,4,606095.33,2024-11-28 12:38:00,905,17,1,IMPS,Success,1,Night Transaction
831,831,4,705224.75,2024-05-20 11:03:00,831,16,3,RTGS,Success,0,
660,660,2,253222.07,2025-01-10 00:30:00,660,19,9,POS,Pending,0,
195,195,8,799620.09,2025-01-30 13:28:00,195,2,9,IMPS,Success,0,
475,475,3,337805.85,2024-03-10 13:37:00,475,26,8,IMPS,Success,0,
986,986,3,551708.62,2024-08-13 03:59:00,986,21,1,POS,Pending,0,
158,158,5,761756.88,2025-04-29 13:44:00,158,21,7,IMPS,Success,0,
505,505,5,222386.26,2025-01-31 01:47:00,505,22,4,POS,Success,0,
815,815,6,99170.84,2024-06-20 16:03:00,815,9,6,NETBANKING,Success,0,
145,145,7,159370.02,2024-10-08 15:42:00,145,1,6,RTGS,Success,0,
580,580,3,446622.22,2024-03-21 13:33:00,580,30,5,IMPS,Success,0,
19,19,2,102397.36,2025-02-28 23:14:00,19,13,7,UPI,Success,0,
623,623,8,752112.38,2024-08-26 20:40:00,623,11,9,NEFT,Success,0,
987,987,5,622559.52,2024-07-14 20:53:00,987,16,4,IMPS,Success,0,
56,56,3,125472.52,2024-01-19 23:29:00,56,12,2,UPI,Success,0,
131,131,10,188192.69,2024-05-05 10:13:00,131,3,4,RTGS,Success,0,
490,490,4,71118.9,2025-04-21 09:51:00,490,27,3,UPI,Success,0,
600,600,3,319236.88,2025-04-12 12:16:00,600,9,5,NETBANKING,Failed,0,
380,380,2,422605.39,2024-04-18 18:05:00,380,18,6,ATM,Failed,0,
760,760,9,777487.3,2025-04-05 10:22:00,760,9,6,RTGS,Success,0,
99,99,7,755516.16,2024-02-09 23:25:00,99,18,7,RTGS,Success,0,
841,841,10,752870.49,2024-12-16 21:18:00,841,3,3,NETBANKING,Success,0,
677,677,6,297553.14,2024-06-24 05:31:00,677,13,9,RTGS,Success,0,
769,769,8,579581.26,2024-06-27 15:03:00,769,9,7,NETBANKING,Success,0,
208,208,10,736052.46,2025-01-01 16:20:00,208,6,2,NETBANKING,Success,0,
728,728,2,352938.97,2024-04-17 01:06:00,728,7,10,NEFT,Success,0,
638,638,8,120354.72,2025-02-06 09:24:00,638,12,8,ATM,Success,0,
124,124,7,177512.82,2024-07-18 10:04:00,124,10,6,ATM,Success,0,
340,340,6,700807.95,2024-02-13 09:16:00,340,24,6,POS,Failed,0,
750,750,5,341926.26,2024-06-20 16:17:00,750,29,9,NETBANKING,Success,0,
908,908,9,501699.58,2024-08-22 12:54:00,908,18,1,IMPS,Success,0,
193,193,1,543795.85,2024-09-29 13:54:00,193,7,1,UPI,Failed,0,
542,542,10,247313.6,2024-03-30 08:08:00,542,3,3,NETBANKING,Success,0,
513,513,5,601926.55,2024-04-12 15:38:00,513,6,9,RTGS,Success,0,
219,219,6,186740.98,2025-04-02 04:38:00,219,28,2,IMPS,Failed,0,
250,250,4,430982.03,2024-05-16 09:08:00,250,3,4,NEFT,Success,0,
864,864,7,105763.42,2025-01-16 18:31:00,864,12,5,IMPS,Success,0,
138,138,7,440374.18,2024-05-10 07:46:00,138,18,1,IMPS,Success,0,
739,739,8,2371.31,2025-02-01 23:05:00,739,14,7,UPI,Success,0,
862,862,10,797859.8,2025-02-17 14:40:00,862,27,5,ATM,Success,0,
612,612,2,600503.24,2024-01-21 09:23:00,612,13,9,NETBANKING,Success,0,
760,760,5,704671.49,2024-01-21 01:50:00,760,30,6,NETBANKING,Success,0,
507,507,9,55666.82,2025-02-08 21:44:00,507,12,1,NETBANKING,Success,0,
425,425,1,161507.46,2024-05-18 20:10:00,425,17,2,NEFT,Success,0,
887,887,5,491974.52,2024-04-03 06:50:00,887,4,4,IMPS,Failed,0,
822,822,10,371503.04,2024-05-26 17:33:00,822,16,5,POS,Success,0,
75,75,1,400052.71,2024-01-12 11:09:00,75,25,7,NETBANKING,Success,0,
202,202,10,369300.84,2024-10-16 19:07:00,202,22,9,IMPS,Success,0,
383,383,7,200344.39,2024-01-22 17:38:00,383,21,4,IMPS,Success,0,
972,972,1,257795.14,2025-04-25 22:07:00,972,30,9,POS,Success,0,
671,671,8,291631.79,2024-02-04 06:07:00,671,10,7,NETBANKING,Pending,0,
971,971,9,695504.05,2025-02-26 09:44:00,971,26,3,IMPS,Success,0,
860,860,8,87858.25,2024-05-13 21:49:00,860,7,1,RTGS,Success,0,
901,901,8,363274.23,2024-02-03 00:05:00,901,19,7,UPI,Success,0,
241,241,4,208770.15,2024-01-08 19:40:00,241,5,1,RTGS,Success,1,New Device
990,990,4,672973.25,2025-04-26 21:21:00,990,7,3,IMPS,Success,0,
111,111,3,371277.3,2024-08-15 02:32:00,111,11,2,RTGS,Success,0,
651,651,9,531096.58,2024-12-16 16:42:00,651,12,9,NEFT,Success,0,
795,795,10,753757.73,2024-07-08 18:31:00,795,26,5,NEFT,Success,0,
745,745,5,795935.95,2025-02-07 03:17:00,745,25,1,POS,Success,0,
58,58,8,300180.95,2025-03-14 18:56:00,58,15,2,IMPS,Success,0,
420,420,7,475499.09,2024-12-17 23:40:00,420,8,2,NETBANKING,Success,0,
996,996,10,433943.29,2024-05-13 04:32:00,996,6,5,ATM,Success,0,
172,172,10,178914.89,2024-03-15 22:03:00,172,27,1,UPI,Success,0,
36,36,3,54274.93,2024-08-27 21:08:00,36,21,8,UPI,Success,0,
507,507,7,5861.02,2024-12-17 14:58:00,507,18,5,POS,Success,0,
276,276,3,114395.78,2025-01-02 05:51:00,276,22,5,UPI,Success,0,
569,569,7,656827.85,2025-01-06 14:45:00,569,27,7,IMPS,Success,0,
182,182,8,248852.07,2024-12-26 15:04:00,182,30,6,POS,Success,1,Night Transaction
852,852,3,171263.53,2024-02-27 10:00:00,852,10,5,NEFT,Success,0,
997,997,7,545376.93,2024-04-26 18:34:00,997,10,1,NETBANKING,Success,0,
369,369,4,310812.86,2024-01-23 10:36:00,369,5,6,IMPS,Success,0,
603,603,2,639697.73,2024-08-27 07:59:00,603,7,8,ATM,Success,0,
690,690,1,104951.56,2024-12-27 06:30:00,690,3,5,NETBANKING,Success,0,
203,203,2,263671.55,2024-11-14 04:07:00,203,25,3,NEFT,Success,0,
863,863,1,693608.16,2024-12-13 12:37:00,863,8,9,IMPS,Success,0,
619,619,9,89497.43,2024-07-31 11:53:00,619,6,8,NEFT,Success,0,
303,303,3,261483.98,2025-02-02 14:46:00,303,14,4,RTGS,Success,0,
239,239,9,385658.7,2024-02-16 00:07:00,239,9,1,ATM,Success,0,
357,357,7,275697.21,2024-07-23 05:59:00,357,30,10,POS,Success,0,
369,369,7,528602.05,2024-06-02 23:04:00,369,8,5,NEFT,Success,0,
382,382,9,295485.11,2025-04-10 02:35:00,382,17,5,RTGS,Success,0,
929,929,6,395239.94,2025-04-29 05:59:00,929,27,5,UPI,Success,1,Multiple Transactions
79,79,8,522058.22,2024-05-22 02:06:00,79,9,1,RTGS,Success,0,
982,982,1,439523.63,2024-03-10 18:00:00,982,5,5,IMPS,Success,0,
923,923,4,746602.89,2024-06-19 16:35:00,923,2,10,UPI,Success,0,
400,400,1,762659.43,2024-03-02 11:24:00,400,23,6,RTGS,Success,0,
315,315,10,683898.2,2024-11-04 13:14:00,315,2,6,RTGS,Success,0,
978,978,5,284791.17,2024-09-18 02:34:00,978,12,10,NEFT,Success,0,
421,421,3,651054.05,2024-12-24 00:33:00,421,7,9,POS,Failed,0,
942,942,2,276516.94,2025-03-28 18:44:00,942,20,7,IMPS,Success,0,
289,289,3,782256.84,2025-01-22 06:39:00,289,26,5,POS,Success,0,
75,75,7,69236.82,2024-12-11 17:28:00,75,6,3,IMPS,Success,0,
195,195,5,183254.89,2024-05-19 22:18:00,195,11,1,RTGS,Success,0,
204,204,4,74043.25,2024-04-14 18:02:00,204,22,5,POS,Success,0,
858,858,8,795548.1,2024-09-07 05:55:00,858,11,10,RTGS,Success,1,New Device
291,291,1,766596.81,2025-02-11 21:46:00,291,23,4,UPI,Success,0,
329,329,4,187666.11,2024-03-14 19:11:00,329,22,4,NEFT,Success,0,
681,681,7,602093.43,2024-08-27 03:48:00,681,25,7,IMPS,Success,0,
834,834,9,724471.87,2025-03-09 16:46:00,834,18,2,NETBANKING,Success,0,
640,640,1,766422.31,2024-06-03 07:09:00,640,23,1,POS,Success,0,
492,492,2,274172.83,2025-02-23 21:31:00,492,27,2,RTGS,Success,0,
513,513,3,163647.0,2024-12-23 23:59:00,513,15,2,NEFT,Success,0,
179,179,5,549276.29,2024-09-25 08:34:00,179,7,2,UPI,Success,0,
632,632,10,308668.33,2024-10-13 10:49:00,632,26,8,IMPS,Success,0,
399,399,5,348377.01,2025-03-24 18:54:00,399,8,10,POS,Failed,0,
545,545,7,137202.78,2024-09-04 21:29:00,545,13,8,IMPS,Success,0,
936,936,9,12572.24,2024-10-24 19:17:00,936,26,1,NETBANKING,Success,0,
211,211,1,595643.36,2024-04-19 00:44:00,211,27,10,NETBANKING,Success,0,
86,86,9,740910.32,2024-09-25 16:59:00,86,24,4,NEFT,Success,0,
784,784,5,563958.22,2024-07-31 11:02:00,784,27,8,NEFT,Success,0,
648,648,5,321241.62,2025-02-24 10:26:00,648,8,8,UPI,Success,0,
995,995,6,192353.31,2025-01-11 06:41:00,995,13,8,POS,Success,0,
942,942,1,389958.91,2024-08-13 21:17:00,942,28,5,ATM,Pending,0,
974,974,3,608338.4,2025-04-04 17:29:00,974,17,9,UPI,Success,0,
225,225,10,620225.59,2024-11-18 00:12:00,225,4,1,ATM,Success,0,
176,176,1,703299.54,2024-09-26 04:04:00,176,12,1,NEFT,Success,0,
631,631,1,716853.43,2024-06-06 20:41:00,631,12,3,IMPS,Success,0,
4,4,8,629684.22,2024-02-17 05:00:00,4,10,3,RTGS,Success,0,
335,335,4,545158.19,2025-04-22 18:00:00,335,18,8,NETBANKING,Success,0,
979,979,2,769807.84,2024-11-23 08:11:00,979,25,4,UPI,Success,1,High Amount Transaction
762,762,4,225641.54,2025-01-04 11:32:00,762,28,6,NETBANKING,Success,0,
548,548,10,345275.28,2025-01-02 09:10:00,548,11,9,RTGS,Success,0,
223,223,6,304009.5,2024-12-13 13:58:00,223,1,2,ATM,Success,0,
570,570,9,129735.36,2024-09-08 12:21:00,570,25,7,NETBANKING,Success,0,
190,190,9,695715.89,2024-03-29 10:33:00,190,7,1,UPI,Success,0,
253,253,3,789462.36,2024-06-21 19:44:00,253,5,8,POS,Success,0,
210,210,4,100995.62,2024-07-20 11:00:00,210,7,3,ATM,Success,0,
881,881,9,789147.23,2025-01-06 03:36:00,881,15,4,IMPS,Success,0,
258,258,4,234692.48,2024-11-22 05:28:00,258,4,4,NETBANKING,Success,0,
132,132,6,416337.25,2024-10-19 02:00:00,132,9,1,IMPS,Success,0,
149,149,3,307687.99,2024-09-23 10:32:00,149,6,5,RTGS,Success,0,
821,821,4,295910.61,2024-07-05 04:06:00,821,14,10,POS,Success,0,
397,397,10,195371.8,2024-08-16 18:33:00,397,11,3,UPI,Success,0,
345,345,9,175123.1,2024-01-30 14:29:00,345,2,1,POS,Success,0,
828,828,3,20022.42,2024-10-25 22:27:00,828,4,4,NETBANKING,Success,0,
903,903,9,643056.78,2024-10-29 19:35:00,903,11,6,UPI,Success,1,Multiple Transactions
41,41,1,651005.49,2024-01-08 05:37:00,41,7,2,NETBANKING,Success,0,
189,189,6,93992.24,2025-03-25 08:24:00,189,20,7,NEFT,Failed,0,
149,149,6,780054.14,2024-03-16 12:16:00,149,16,8,IMPS,Success,0,
786,786,6,173472.09,2024-05-13 01:12:00,786,29,2,ATM,Success,0,
310,310,5,192522.34,2024-11-30 10:24:00,310,2,10,ATM,Success,0,
727,727,6,711004.15,2024-02-26 19:42:00,727,29,3,NETBANKING,Failed,0,
826,826,2,54653.77,2024-05-28 18:55:00,826,29,3,IMPS,Success,0,
191,191,4,681123.05,2024-05-02 00:42:00,191,3,5,UPI,Success,0,
67,67,9,589003.85,2024-11-09 23:06:00,67,6,5,ATM,Success,0,
849,849,10,528505.63,2025-04-15 13:36:00,849,6,1,IMPS,Success,0,
190,190,2,706357.66,2024-07-11 05:03:00,190,23,10,NETBANKING,Success,0,
877,877,5,531835.14,2025-04-23 09:17:00,877,7,6,POS,Success,0,
173,173,7,152753.45,2025-01-18 10:06:00,173,29,1,POS,Success,0,
315,315,5,333463.97,2024-01-12 03:06:00,315,24,10,IMPS,Success,0,
18,18,9,18999.89,2024-05-04 05:56:00,18,18,4,NETBANKING,Success,0,
145,145,6,109092.01,2024-10-27 08:22:00,145,7,1,UPI,Pending,0,
781,781,2,389168.31,2024-06-04 08:49:00,781,1,3,ATM,Success,1,Night Transaction
84,84,4,112450.91,2024-12-25 16:06:00,84,26,8,POS,Success,0,
208,208,1,464595.01,2025-04-14 18:59:00,208,11,10,RTGS,Success,0,
177,177,9,552485.77,2024-05-01 12:00:00,177,15,8,RTGS,Failed,0,
413,413,1,609243.27,2025-03-13 17:06:00,413,19,3,NETBANKING,Success,0,
193,193,2,736263.51,2024-06-10 20:52:00,193,30,9,UPI,Success,0,
154,154,3,542647.54,2024-10-31 16:15:00,154,27,9,UPI,Success,0,
341,341,6,106839.05,2024-07-22 00:14:00,341,6,2,UPI,Success,0,
45,45,8,54761.2,2024-01-10 05:34:00,45,1,3,IMPS,Success,0,
697,697,4,324088.31,2024-02-20 17:54:00,697,29,5,ATM,Success,0,
246,246,2,324436.21,2024-12-08 16:59:00,246,14,3,RTGS,Success,0,
365,365,10,587371.91,2024-03-14 06:28:00,365,10,8,NETBANKING,Success,0,
308,308,1,517105.0,2024-05-12 22:12:00,308,19,1,ATM,Success,0,
303,303,5,29187.59,2024-11-02 16:16:00,303,1,5,ATM,Success,0,
142,142,7,74331.15,2024-11-05 04:31:00,142,6,10,IMPS,Success,0,
206,206,6,535557.28,2024-10-12 06:43:00,206,5,2,IMPS,Success,0,
883,883,4,30592.36,2024-05-19 11:38:00,883,25,6,IMPS,Success,0,
427,427,5,709674.97,2024-06-05 07:39:00,427,19,9,NEFT,Success,0,
479,479,6,464004.38,2024-06-27 17:16:00,479,27,1,NEFT,Success,0,
760,760,10,373191.07,2024-01-29 12:33:00,760,25,2,UPI,Success,0,
104,104,3,125018.71,2024-10-22 17:30:00,104,27,2,ATM,Success,0,
632,632,4,87469.18,2025-03-14 12:52:00,632,17,5,NETBANKING,Success,0,
638,638,8,653814.82,2024-12-24 20:25:00,638,4,5,UPI,Success,0,
147,147,4,105633.26,2024-03-07 00:22:00,147,5,3,POS,Success,0,
27,27,8,737061.75,2024-03-22 15:29:00,27,21,8,UPI,Success,0,
766,766,7,790208.44,2024-09-29 01:10:00,766,7,3,NETBANKING,Success,0,
315,315,10,586810.21,2024-02-27 16:38:00,315,10,9,UPI,Success,0,
487,487,1,265735.32,2024-03-19 05:58:00,487,12,7,NEFT,Failed,0,
415,415,9,740098.09,2024-07-08 02:36:00,415,5,10,NEFT,Success,0,
333,333,1,102256.31,2024-04-18 22:26:00,333,5,6,IMPS,Success,0,
22,22,9,371667.34,2025-01-29 11:10:00,22,25,4,POS,Success,0,
121,121,7,314859.42,2024-12-11 07:11:00,121,15,4,NETBANKING,Success,0,
536,536,3,586749.04,2024-02-28 22:11:00,536,6,1,UPI,Success,0,
792,792,5,405535.59,2024-04-24 00:54:00,792,20,9,ATM,Success,0,
493,493,5,425034.72,2024-09-03 10:02:00,493,19,1,IMPS,Success,0,
777,777,5,82104.86,2024-01-17 16:31:00,777,14,9,NETBANKING,Success,0,
801,801,2,41166.88,2024-09-06 01:20:00,801,4,9,NETBANKING,Success,0,
886,886,4,18451.88,2024-03-18 03:49:00,886,9,7,RTGS,Success,0,
410,410,2,789149.49,2025-02-09 00:56:00,410,16,9,UPI,Failed,0,
985,985,1,700872.04,2024-07-29 16:59:00,985,5,7,RTGS,Failed,0,
683,683,9,276442.48,2025-01-11 23:41:00,683,14,8,POS,Success,0,
799,799,5,103274.24,2024-09-26 04:49:00,799,10,2,RTGS,Success,0,
507,507,3,272816.68,2024-11-10 15:20:00,507,9,3,RTGS,Failed,0,
732,732,6,647529.38,2024-12-04 08:28:00,732,22,10,RTGS,Success,0,
716,716,4,778822.59,2024-01-14 06:24:00,716,6,8,POS,Success,0,
118,118,9,261170.34,2025-02-23 22:18:00,118,16,4,RTGS,Success,0,
455,455,1,474200.77,2024-05-01 16:47:00,455,28,8,UPI,Success,0,
508,508,5,357196.9,2024-11-22 12:38:00,508,8,9,IMPS,Success,0,
234,234,6,714701.81,2024-12-12 22:55:00,234,6,7,ATM,Success,0,
136,136,10,384297.03,2024-02-24 14:34:00,136,21,7,RTGS,Success,0,
136,136,4,702087.97,2024-12-13 09:28:00,136,10,10,IMPS,Failed,0,
426,426,9,583849.94,2024-06-20 00:39:00,426,20,6,RTGS,Success,0,
848,848,8,230640.05,2025-03-01 23:13:00,848,9,4,NETBANKING,Success,0,
870,870,6,393637.21,2024-08-17 10:31:00,870,13,8,POS,Success,0,
835,835,9,486748.81,2024-06-27 10:58:00,835,3,6,POS,Success,0,
209,209,7,32668.26,2024-04-22 06:05:00,209,21,1,NETBANKING,Success,0,
549,549,5,584968.32,2025-01-15 22:27:00,549,20,4,RTGS,Success,0,
420,420,7,132701.45,2024-09-07 01:48:00,420,12,1,NETBANKING,Success,1,New Device
471,471,2,122132.35,2025-01-28 20:27:00,471,18,10,NETBANKING,Success,0,
232,232,2,678089.9,2025-02-22 03:23:00,232,29,4,UPI,Success,0,
335,335,10,264083.4,2024-04-08 17:56:00,335,25,5,NETBANKING,Success,0,
708,708,1,531606.68,2024-10-07 08:58:00,708,15,1,NETBANKING,Success,1,Night Transaction
206,206,1,198709.12,2025-01-07 05:34:00,206,22,8,POS,Success,0,
107,107,4,253515.26,2024-02-28 15:39:00,107,9,5,RTGS,Success,0,
467,467,8,531238.6,2024-11-22 11:13:00,467,18,3,ATM,Success,0,
930,930,4,504498.9,2024-07-26 13:54:00,930,6,6,ATM,Success,0,
547,547,3,752362.17,2025-02-04 07:43:00,547,30,9,IMPS,Success,0,
579,579,2,47749.06,2025-03-17 10:50:00,579,14,6,POS,Success,0,
5,5,2,752488.25,2025-02-16 15:33:00,5,21,2,ATM,Success,0,
736,736,5,513007.23,2025-03-19 19:57:00,736,16,7,RTGS,Success,0,
295,295,7,737204.03,2024-05-05 09:40:00,295,14,3,NETBANKING,Success,0,
573,573,2,338269.89,2024-07-23 18:28:00,573,23,9,ATM,Success,0,
137,137,6,658272.11,2025-03-10 11:13:00,137,20,1,POS,Success,0,
568,568,7,666621.71,2024-09-13 04:43:00,568,2,7,POS,Success,0,
361,361,4,347829.51,2025-03-09 06:21:00,361,2,3,NEFT,Success,0,
669,669,9,787122.81,2025-01-17 03:35:00,669,17,9,UPI,Success,0,
370,370,2,783915.58,2025-01-05 12:32:00,370,21,5,ATM,Success,0,
477,477,5,420959.23,2024-03-04 20:54:00,477,20,9,UPI,Success,0,
995,995,7,382510.49,2024-09-29 14:47:00,995,22,3,IMPS,Success,0,
761,761,7,616925.48,2024-12-29 10:16:00,761,6,5,POS,Success,0,
97,97,2,656394.31,2025-04-08 23:18:00,97,12,9,RTGS,Success,0,
914,914,9,578453.01,2024-02-20 08:42:00,914,24,1,IMPS,Success,0,
34,34,6,173079.5,2024-10-11 16:57:00,34,9,10,NEFT,Success,0,
905,905,5,566844.31,2024-06-30 06:00:00,905,30,3,IMPS,Success,0,
484,484,10,729085.96,2024-11-07 00:21:00,484,18,2,NEFT,Success,1,Night Transaction
271,271,10,339156.74,2025-02-22 14:10:00,271,8,2,RTGS,Failed,0,
389,389,5,519716.69,2025-02-13 19:51:00,389,2,9,RTGS,Success,0,
230,230,7,512009.02,2024-04-11 07:25:00,230,16,8,NEFT,Success,0,
228,228,1,73360.49,2024-12-31 00:26:00,228,21,8,ATM,Success,0,
963,963,9,564295.62,2024-10-12 19:25:00,963,18,2,ATM,Success,0,
448,448,2,191791.21,2024-09-14 06:37:00,448,10,9,POS,Success,0,
874,874,8,40387.99,2024-05-21 19:11:00,874,15,3,NETBANKING,Success,0,
902,902,7,300989.13,2025-04-18 11:05:00,902,8,2,NETBANKING,Success,0,
37,37,8,50448.82,2024-07-05 19:41:00,37,10,3,NEFT,Success,0,
917,917,2,551982.97,2025-01-14 02:18:00,917,18,3,RTGS,Success,0,
196,196,7,81896.63,2025-01-13 12:41:00,196,29,6,UPI,Success,0,
657,657,5,155169.45,2024-07-28 14:16:00,657,2,1,UPI,Success,0,
55,55,10,509360.93,2024-01-12 02:51:00,55,8,10,NETBANKING,Success,0,
205,205,5,398854.68,2025-02-15 19:55:00,205,7,4,ATM,Success,0,
757,757,6,417895.19,2024-10-09 13:56:00,757,20,10,IMPS,Success,0,
591,591,1,256291.8,2025-04-15 18:02:00,591,19,5,POS,Success,0,
221,221,9,66747.22,2024-11-13 02:48:00,221,18,9,POS,Success,0,
792,792,3,65610.47,2024-09-07 12:52:00,792,27,8,IMPS,Success,0,
566,566,9,346973.3,2024-09-26 14:27:00,566,16,2,ATM,Success,0,
828,828,2,238399.44,2024-12-10 01:41:00,828,30,8,ATM,Success,0,
873,873,2,10048.65,2024-08-14 16:21:00,873,7,2,RTGS,Success,0,
193,193,10,182518.21,2024-12-08 18:31:00,193,14,1,ATM,Success,0,
238,238,3,120410.44,2024-12-25 15:06:00,238,30,5,NEFT,Success,0,
672,672,3,581352.98,2024-08-09 01:34:00,672,28,7,NETBANKING,Success,0,
873,873,5,168575.39,2025-01-27 11:28:00,873,21,8,POS,Success,0,
117,117,9,91152.74,2024-12-08 04:06:00,117,8,4,NEFT,Success,0,
563,563,5,627737.6,2024-11-05 18:23:00,563,25,5,ATM,Success,0,
645,645,10,682643.3,2025-02-23 17:55:00,645,6,4,ATM,Success,0,
423,423,9,115651.41,2024-11-13 08:01:00,423,17,1,POS,Success,0,
886,886,4,660987.0,2024-10-11 07:04:00,886,28,8,UPI,Success,0,
365,365,1,655469.14,2024-02-24 02:59:00,365,1,2,UPI,Success,0,
574,574,10,105582.86,2024-07-01 15:08:00,574,11,2,POS,Success,0,
50,50,10,375763.35,2024-06-07 12:29:00,50,3,7,RTGS,Success,0,
455,455,4,612273.25,2024-04-03 03:12:00,455,22,7,POS,Success,0,
499,499,10,773537.17,2024-09-14 16:11:00,499,7,6,RTGS,Success,0,
641,641,10,468929.56,2025-02-17 16:28:00,641,5,6,IMPS,Success,0,
878,878,1,689235.39,2024-11-23 15:32:00,878,27,2,ATM,Success,0,
474,474,10,111133.14,2024-09-28 01:42:00,474,15,10,NETBANKING,Success,0,
538,538,7,694399.13,2024-05-30 10:42:00,538,26,8,NEFT,Success,0,
318,318,3,101666.68,2024-07-01 12:25:00,318,18,3,ATM,Pending,0,
163,163,7,65065.59,2024-07-17 16:28:00,163,5,8,ATM,Failed,0,
971,971,2,242975.77,2024-03-20 15:56:00,971,21,3,NEFT,Success,0,
104,104,5,36289.75,2024-03-01 10:39:00,104,21,7,RTGS,Success,0,
279,279,6,287865.55,2025-01-09 13:01:00,279,18,2,IMPS,Success,0,
777,777,10,522017.92,2024-08-23 21:22:00,777,18,9,RTGS,Success,0,
590,590,5,20002.85,2024-04-18 18:31:00,590,8,1,UPI,Success,0,
767,767,10,722658.11,2025-04-26 14:33:00,767,29,10,RTGS,Success,0,
339,339,6,673533.74,2024-01-13 13:39:00,339,11,6,RTGS,Pending,0,
329,329,9,410094.49,2024-01-19 15:35:00,329,13,7,POS,Success,0,
423,423,9,577647.25,2025-04-12 05:35:00,423,13,4,ATM,Success,0,
500,500,3,378011.88,2024-07-16 19:05:00,500,13,8,IMPS,Success,0,
272,272,8,476407.25,2024-01-31 14:14:00,272,12,6,ATM,Success,0,
527,527,7,621124.91,2025-01-19 16:07:00,527,3,10,IMPS,Success,0,
935,935,2,651971.84,2024-03-10 11:34:00,935,6,6,NETBANKING,Success,0,
965,965,2,612124.95,2024-12-03 16:22:00,965,13,10,POS,Success,0,
555,555,5,461337.12,2024-06-23 14:35:00,555,2,4,POS,Success,0,
612,612,7,608910.74,2025-01-11 20:20:00,612,28,1,POS,Success,0,
881,881,5,226975.92,2025-02-22 04:55:00,881,9,9,ATM,Success,0,
628,628,1,770604.82,2024-04-19 02:18:00,628,15,4,POS,Success,0,
589,589,3,523471.95,2025-02-20 15:59:00,589,3,5,POS,Success,0,
364,364,7,677460.6,2025-03-04 14:51:00,364,30,10,IMPS,Success,0,
654,654,4,591265.95,2025-01-14 08:39:00,654,4,9,RTGS,Success,0,
63,63,7,212510.92,2024-03-29 03:15:00,63,27,3,UPI,Success,0,
17,17,3,236958.99,2024-01-07 03:30:00,17,26,2,POS,Success,0,
642,642,9,166246.99,2025-04-26 02:16:00,642,13,5,POS,Success,0,
960,960,1,162560.33,2024-11-09 14:02:00,960,13,1,RTGS,Success,0,
689,689,2,795532.74,2024-01-27 14:59:00,689,11,1,NETBANKING,Success,0,
360,360,1,607405.9,2025-04-15 08:20:00,360,4,3,ATM,Success,0,
18,18,10,658480.63,2025-03-24 01:59:00,18,23,8,ATM,Success,0,
556,556,9,345871.19,2024-10-15 09:08:00,556,19,2,IMPS,Success,0,
622,622,7,651462.75,2025-04-29 05:18:00,622,22,5,POS,Success,0,
379,379,5,608096.94,2024-03-06 14:30:00,379,28,5,POS,Success,1,High Amount Transaction
553,553,1,169027.53,2025-03-27 11:58:00,553,8,2,ATM,Failed,0,
139,139,1,192257.28,2024-05-23 18:16:00,139,13,8,IMPS,Success,0,
95,95,7,30180.15,2024-08-24 01:05:00,95,25,2,ATM,Success,0,
429,429,10,463740.43,2024-03-27 20:14:00,429,4,4,IMPS,Success,0,
823,823,2,131584.33,2024-01-29 14:59:00,823,23,6,RTGS,Success,0,
198,198,9,718994.94,2025-02-26 18:23:00,198,2,4,NEFT,Success,0,
93,93,1,161882.2,2025-02-14 05:41:00,93,22,6,ATM,Success,0,
351,351,10,307821.96,2025-03-18 21:56:00,351,10,2,ATM,Success,0,
801,801,2,658125.41,2024-05-30 05:38:00,801,22,7,IMPS,Success,0,
16,16,8,608371.31,2024-06-03 12:19:00,16,18,1,UPI,Success,0,
228,228,5,223757.81,2025-01-25 18:52:00,228,28,8,UPI,Success,0,
948,948,1,703861.71,2024-04-05 06:39:00,948,7,7,NEFT,Success,0,
591,591,1,180256.99,2024-09-02 08:13:00,591,5,9,IMPS,Pending,0,
336,336,1,87546.88,2024-09-15 05:10:00,336,25,6,NEFT,Success,0,
590,590,4,568259.74,2024-06-29 03:27:00,590,16,4,ATM,Success,0,
152,152,6,514584.98,2024-07-06 08:11:00,152,4,6,POS,Success,0,
872,872,9,644643.23,2024-03-10 13:58:00,872,3,8,NETBANKING,Success,0,
928,928,9,87963.4,2024-07-02 05:52:00,928,4,9,IMPS,Success,0,
30,30,2,149246.63,2024-11-18 03:36:00,30,24,1,ATM,Success,0,
524,524,1,112024.52,2025-01-01 17:43:00,524,27,4,RTGS,Success,0,
420,420,4,215811.49,2024-03-21 02:00:00,420,23,8,RTGS,Success,0,
681,681,1,686317.74,2024-10-20 05:48:00,681,5,8,POS,Success,0,
97,97,6,158573.6,2024-06-28 01:55:00,97,7,3,NETBANKING,Success,0,
248,248,4,66008.51,2024-04-22 13:49:00,248,16,3,ATM,Success,0,
285,285,10,679543.47,2024-04-26 19:59:00,285,26,3,RTGS,Success,0,
697,697,2,614471.44,2024-01-30 01:20:00,697,3,10,NEFT,Success,0,
368,368,7,245587.7,2024-03-16 09:21:00,368,29,8,POS,Success,0,
559,559,10,711660.74,2024-08-09 14:27:00,559,11,3,UPI,Success,0,
655,655,9,610672.62,2024-08-05 00:50:00,655,24,9,RTGS,Success,0,
133,133,8,398529.36,2024-10-01 18:36:00,133,26,8,UPI,Success,0,
729,729,9,471333.92,2024-09-06 14:16:00,729,28,3,RTGS,Success,0,
312,312,3,352804.58,2024-04-30 16:24:00,312,29,10,POS,Success,0,
230,230,5,517796.72,2024-09-19 16:54:00,230,7,8,IMPS,Success,0,
314,314,6,753300.35,2024-04-15 07:10:00,314,9,2,POS,Success,0,
738,738,5,201883.78,2025-01-12 16:15:00,738,30,2,NETBANKING,Failed,0,
395,395,9,660977.84,2024-03-23 00:52:00,395,30,4,POS,Success,0,
189,189,6,4372.55,2024-06-29 13:44:00,189,28,4,IMPS,Success,0,
215,215,6,721421.75,2024-09-21 17:33:00,215,21,3,POS,Success,0,
868,868,9,137770.79,2024-06-18 03:37:00,868,21,7,POS,Success,0,
474,474,3,246917.57,2024-01-03 15:13:00,474,23,3,ATM,Success,1,New Device
882,882,8,329444.22,2025-04-24 04:27:00,882,8,2,UPI,Failed,0,
360,360,1,212513.48,2024-11-16 11:02:00,360,9,7,RTGS,Success,0,
976,976,3,507636.55,2024-11-17 17:24:00,976,12,3,IMPS,Success,0,
868,868,2,610562.36,2024-06-19 19:59:00,868,9,8,IMPS,Success,0,
842,842,8,593463.9,2025-04-24 06:48:00,842,5,5,IMPS,Success,0,
552,552,3,663173.95,2024-03-13 06:11:00,552,23,9,IMPS,Success,0,
642,642,10,537018.34,2024-04-13 15:21:00,642,1,3,UPI,Success,0,
926,926,10,220964.25,2025-01-13 01:48:00,926,17,4,IMPS,Pending,0,
103,103,8,791821.62,2024-12-20 15:15:00,103,14,1,ATM,Success,0,
697,697,7,200609.34,2024-03-08 11:57:00,697,22,4,ATM,Success,0,
27,27,7,255148.16,2025-02-01 12:16:00,27,7,5,POS,Success,0,
707,707,9,45841.94,2024-01-11 01:21:00,707,5,1,RTGS,Success,0,
728,728,7,371676.68,2024-02-06 00:10:00,728,23,8,NETBANKING,Success,0,
983,983,7,706881.77,2024-01-08 02:47:00,983,30,9,UPI,Success,0,
987,987,8,721385.59,2024-08-09 09:26:00,987,22,9,POS,Success,0,
551,551,5,53152.29,2024-07-28 07:32:00,551,20,2,RTGS,Success,0,
178,178,9,760931.06,2024-11-18 19:33:00,178,5,9,ATM,Success,0,
761,761,3,18920.6,2024-12-14 20:03:00,761,1,1,POS,Success,0,
966,966,9,564321.91,2024-02-06 19:10:00,966,28,4,IMPS,Success,0,
75,75,6,408503.55,2024-10-26 04:38:00,75,26,6,IMPS,Success,0,
109,109,7,193561.76,2024-07-27 22:45:00,109,3,9,NEFT,Pending,0,
585,585,2,640837.11,2024-07-09 07:03:00,585,29,8,POS,Success,0,
60,60,2,594047.28,2025-04-17 03:04:00,60,4,6,POS,Success,0,
4,4,2,611736.96,2024-02-05 12:16:00,4,7,7,UPI,Success,0,
431,431,3,242883.0,2024-08-24 11:40:00,431,12,7,RTGS,Success,0,
417,417,7,538906.83,2024-10-15 20:21:00,417,19,6,POS,Failed,0,
455,455,3,774222.32,2024-02-01 06:31:00,455,12,10,ATM,Success,1,Multiple Transactions
520,520,9,294133.14,2024-07-12 09:11:00,520,5,2,NEFT,Success,0,
153,153,7,253040.24,2024-08-01 09:49:00,153,8,8,ATM,Success,0,
177,177,10,640568.05,2024-05-05 02:14:00,177,18,3,NETBANKING,Pending,0,
25,25,3,781694.93,2024-02-12 04:55:00,25,19,10,ATM,Success,0,
485,485,5,610773.25,2024-03-02 18:58:00,485,22,5,RTGS,Failed,0,
972,972,1,178980.76,2025-01-12 16:23:00,972,21,9,NEFT,Success,0,
956,956,3,179664.3,2025-03-30 16:40:00,956,13,5,NETBANKING,Success,1,Night Transaction
392,392,9,482858.53,2025-03-12 18:55:00,392,24,1,NEFT,Success,0,
469,469,6,397674.8,2024-04-13 10:27:00,469,14,10,NEFT,Success,0,
371,371,6,283579.5,2024-02-28 01:02:00,371,24,10,NEFT,Success,0,
954,954,1,86751.76,2024-03-02 06:05:00,954,17,10,RTGS,Success,0,
733,733,5,410509.38,2024-05-28 01:03:00,733,7,1,UPI,Success,0,
842,842,10,781088.94,2024-03-22 20:12:00,842,22,6,NETBANKING,Success,0,
703,703,3,373396.58,2025-01-23 00:34:00,703,24,5,IMPS,Success,0,
551,551,10,142566.9,2024-05-15 00:03:00,551,3,2,NETBANKING,Success,0,
106,106,1,46359.37,2024-07-30 19:00:00,106,12,2,NEFT,Success,1,High Amount Transaction
927,927,2,202678.33,2024-12-05 14:56:00,927,9,4,NEFT,Failed,0,
862,862,9,54032.19,2024-08-01 06:08:00,862,26,3,UPI,Success,1,New Device
931,931,2,4821.45,2024-03-16 00:50:00,931,23,3,ATM,Success,0,
370,370,3,602284.33,2024-12-04 10:14:00,370,5,3,NETBANKING,Success,0,
997,997,4,394362.29,2025-02-03 15:10:00,997,27,2,RTGS,Success,0,
73,73,2,348233.86,2024-04-03 01:31:00,73,8,2,ATM,Success,0,
60,60,5,428448.19,2025-01-13 18:01:00,60,19,10,RTGS,Success,0,
145,145,9,791432.83,2024-01-01 20:27:00,145,3,9,UPI,Success,0,
211,211,2,115520.09,2024-08-09 21:07:00,211,5,7,NEFT,Success,0,
38,38,6,98713.41,2024-01-24 16:44:00,38,18,4,NETBANKING,Success,0,
970,970,3,541426.23,2024-04-29 18:03:00,970,26,7,RTGS,Success,0,
867,867,5,496840.27,2024-10-07 14:27:00,867,24,3,NEFT,Success,0,
724,724,4,291905.9,2024-06-06 23:42:00,724,21,2,ATM,Success,0,
448,448,8,203017.18,2024-06-15 04:06:00,448,2,10,ATM,Success,0,
241,241,9,35058.32,2024-01-11 20:47:00,241,21,1,NETBANKING,Failed,0,
515,515,4,587696.11,2025-04-14 14:36:00,515,27,8,NEFT,Success,0,
223,223,3,356097.41,2024-08-13 14:48:00,223,24,7,RTGS,Success,0,
935,935,7,42433.01,2024-09-07 21:30:00,935,11,1,UPI,Success,0,
101,101,5,540905.93,2024-05-20 18:37:00,101,21,7,NEFT,Success,1,Multiple Transactions
599,599,7,62051.13,2024-02-16 09:30:00,599,22,1,RTGS,Success,0,
911,911,2,724693.36,2024-03-25 21:07:00,911,5,4,ATM,Success,0,
74,74,6,279413.69,2024-10-06 06:51:00,74,19,4,ATM,Failed,0,
607,607,9,246550.47,2025-04-19 01:24:00,607,18,9,ATM,Success,0,
118,118,2,622691.54,2024-10-04 11:21:00,118,10,1,POS,Success,0,
475,475,5,454513.34,2025-04-13 16:23:00,475,21,8,RTGS,Success,0,
144,144,2,481525.98,2024-03-27 07:15:00,144,16,5,RTGS,Success,0,
507,507,9,501141.22,2024-03-09 03:22:00,507,14,6,RTGS,Success,0,
927,927,2,358707.07,2024-08-25 05:42:00,927,28,8,RTGS,Success,0,
961,961,6,555498.41,2025-01-20 11:27:00,961,7,10,UPI,Success,0,
178,178,4,744515.81,2024-01-16 16:14:00,178,28,7,NETBANKING,Success,0,
571,571,10,793088.21,2024-03-18 07:58:00,571,7,2,ATM,Success,0,
258,258,1,213171.81,2024-09-21 06:24:00,258,28,6,POS,Success,0,
162,162,9,334921.8,2024-10-18 20:58:00,162,24,8,UPI,Success,0,
395,395,8,611493.36,2024-03-20 19:52:00,395,28,1,NEFT,Success,1,Multiple Transactions
817,817,10,289498.55,2024-12-13 21:32:00,817,21,4,NEFT,Success,0,
715,715,1,525421.42,2025-03-19 21:07:00,715,1,10,NEFT,Success,0,
897,897,3,91295.21,2024-07-30 08:29:00,897,26,9,ATM,Success,0,
533,533,6,558455.34,2024-12-22 06:04:00,533,19,5,NETBANKING,Success,0,
990,990,9,339746.39,2025-01-23 18:50:00,990,18,9,IMPS,Success,0,
655,655,1,724156.79,2025-02-28 03:41:00,655,24,5,RTGS,Success,0,
184,184,10,581536.45,2024-04-05 00:54:00,184,23,6,RTGS,Success,0,
349,349,8,798113.93,2024-11-08 12:53:00,349,27,9,ATM,Success,0,
320,320,10,604803.79,2024-02-18 05:24:00,320,6,1,NETBANKING,Success,0,
110,110,1,633485.98,2024-03-12 16:06:00,110,9,9,ATM,Success,0,
964,964,7,778802.44,2025-01-11 08:12:00,964,20,9,NETBANKING,Success,0,
204,204,9,191647.41,2024-05-13 15:21:00,204,9,4,UPI,Success,0,
717,717,2,15864.58,2024-10-07 14:51:00,717,8,9,UPI,Success,0,
383,383,10,86250.36,2024-07-27 06:33:00,383,6,6,ATM,Success,0,
189,189,5,371269.22,2025-02-26 16:44:00,189,16,1,ATM,Success,0,
474,474,1,649115.73,2024-01-20 21:36:00,474,11,8,IMPS,Success,0,
932,932,5,283268.86,2024-09-20 17:15:00,932,5,6,NEFT,Pending,0,
939,939,3,669664.46,2025-02-10 04:21:00,939,4,7,RTGS,Success,0,
241,241,6,548299.27,2024-09-04 02:59:00,241,22,1,RTGS,Success,0,
803,803,2,296128.62,2024-07-27 05:44:00,803,19,2,UPI,Success,0,
894,894,8,383019.72,2024-05-19 22:43:00,894,2,8,UPI,Success,0,
277,277,2,341484.86,2025-02-16 19:02:00,277,30,8,UPI,Success,0,
910,910,6,267089.09,2024-09-13 03:18:00,910,2,5,POS,Success,0,
112,112,3,186373.56,2024-12-04 18:26:00,112,1,5,NETBANKING,Success,0,
980,980,6,592934.01,2025-04-12 03:45:00,980,21,10,ATM,Success,0,
912,912,7,331767.8,2025-02-19 21:27:00,912,17,7,UPI,Success,0,
457,457,1,642953.4,2024-12-01 00:25:00,457,18,9,ATM,Success,0,
525,525,5,399980.2,2024-08-20 19:22:00,525,4,8,NETBANKING,Success,0,
99,99,2,118279.46,2025-01-16 16:28:00,99,12,2,RTGS,Success,0,
704,704,5,432284.58,2024-10-03 10:11:00,704,5,1,RTGS,Success,0,
234,234,10,335441.96,2024-07-26 16:37:00,234,7,6,RTGS,Success,0,
814,814,5,618861.18,2024-04-07 01:29:00,814,29,8,POS,Pending,0,
337,337,7,236411.69,2025-04-02 10:43:00,337,15,6,ATM,Success,0,
150,150,8,731397.82,2024-12-11 23:00:00,150,20,9,NETBANKING,Success,0,
663,663,4,53597.36,2024-09-12 12:16:00,663,7,1,NETBANKING,Success,0,
310,310,3,570075.06,2024-07-05 21:08:00,310,25,3,ATM,Success,0,
661,661,2,620377.89,2024-06-29 18:43:00,661,22,3,IMPS,Success,0,
333,333,8,9064.41,2024-01-06 05:29:00,333,15,6,RTGS,Success,0,
798,798,3,307218.11,2024-03-29 07:40:00,798,1,10,NEFT,Success,0,
126,126,2,615638.03,2024-11-17 15:16:00,126,21,6,POS,Success,0,
331,331,5,675259.72,2024-10-16 01:50:00,331,30,7,RTGS,Success,0,
74,74,8,368773.5,2025-02-27 18:22:00,74,30,6,UPI,Success,0,
65,65,1,536153.01,2024-01-02 12:20:00,65,30,4,NETBANKING,Success,0,
138,138,5,9678.52,2025-03-17 22:46:00,138,6,3,NEFT,Success,1,Night Transaction
732,732,1,794143.7,2024-11-18 18:09:00,732,3,7,NEFT,Success,0,
490,490,10,754547.49,2024-04-15 18:44:00,490,12,6,ATM,Success,0,
692,692,7,531679.05,2024-06-03 03:50:00,692,1,1,ATM,Success,0,
958,958,4,141526.01,2025-03-31 07:49:00,958,29,1,IMPS,Success,0,
786,786,6,115668.6,2024-08-21 22:31:00,786,16,8,ATM,Success,0,
459,459,9,623944.33,2024-02-02 16:29:00,459,13,8,UPI,Success,0,
641,641,1,1422.78,2024-07-16 19:30:00,641,13,8,IMPS,Success,0,
834,834,3,263947.05,2024-02-14 12:06:00,834,16,1,RTGS,Success,0,
422,422,8,776045.95,2024-01-26 14:52:00,422,20,7,ATM,Success,0,
441,441,4,399.68,2024-02-11 15:15:00,441,5,8,POS,Failed,0,
436,436,10,546116.92,2024-01-18 21:54:00,436,24,7,POS,Success,0,
83,83,7,403436.13,2024-02-19 23:30:00,83,12,8,ATM,Success,0,
578,578,9,278725.78,2024-11-21 14:27:00,578,19,8,NETBANKING,Success,0,
620,620,10,551767.17,2024-05-27 07:01:00,620,9,5,IMPS,Success,0,
198,198,6,399043.01,2025-04-17 03:43:00,198,7,2,UPI,Success,0,
497,497,2,577454.44,2025-04-01 02:07:00,497,4,4,NEFT,Success,0,
127,127,6,593731.5,2024-03-06 18:01:00,127,22,10,NEFT,Success,0,
557,557,4,766541.98,2024-05-26 08:26:00,557,16,8,NETBANKING,Success,0,
481,481,5,773651.13,2024-07-08 22:59:00,481,19,7,NEFT,Success,0,
911,911,9,293265.99,2025-04-27 07:28:00,911,15,5,IMPS,Success,0,
225,225,9,229036.25,2025-02-25 02:51:00,225,10,9,ATM,Success,0,
22,22,10,157965.6,2025-02-15 09:49:00,22,1,6,ATM,Success,0,
136,136,7,314491.07,2024-01-18 12:42:00,136,21,7,NEFT,Success,0,
251,251,5,385310.78,2024-08-09 11:22:00,251,8,9,UPI,Pending,0,
204,204,4,631517.69,2024-04-14 04:24:00,204,6,2,NEFT,Success,0,
843,843,5,755876.98,2025-02-01 08:55:00,843,21,7,POS,Success,0,
576,576,2,625042.63,2024-03-24 10:04:00,576,21,1,UPI,Success,0,
705,705,8,266365.83,2024-03-27 08:26:00,705,1,4,NETBANKING,Success,0,
510,510,4,67642.37,2025-01-27 23:57:00,510,21,9,IMPS,Failed,0,
24,24,8,56277.59,2024-02-21 00:34:00,24,24,4,POS,Success,0,
339,339,9,618040.73,2024-04-24 02:11:00,339,26,8,NETBANKING,Success,0,
415,415,5,342092.75,2024-02-01 10:29:00,415,26,6,UPI,Success,0,
195,195,3,740633.56,2024-12-10 21:01:00,195,8,6,ATM,Success,1,Night Transaction
809,809,7,191334.8,2024-06-14 18:04:00,809,2,5,NETBANKING,Success,0,
788,788,5,54880.03,2025-04-05 07:36:00,788,19,4,POS,Success,0,
13,13,5,20017.12,2024-06-21 17:20:00,13,16,2,ATM,Success,0,
304,304,10,323940.69,2024-11-13 10:31:00,304,8,8,NEFT,Success,0,
34,34,10,407193.27,2025-03-26 15:13:00,34,2,1,IMPS,Success,0,
634,634,6,62053.44,2024-03-18 21:07:00,634,29,1,IMPS,Success,0,
626,626,7,785119.28,2025-01-08 19:49:00,626,25,2,IMPS,Success,0,
779,779,9,330898.45,2025-02-01 02:40:00,779,14,3,UPI,Success,0,
148,148,10,526910.39,2025-01-20 13:38:00,148,3,4,IMPS,Success,0,
31,31,8,119109.25,2024-02-01 21:17:00,31,3,5,ATM,Success,0,
670,670,6,449588.71,2024-05-14 02:04:00,670,11,4,NETBANKING,Success,0,
997,997,10,277475.29,2025-03-19 12:44:00,997,12,4,NETBANKING,Success,0,
103,103,3,659365.17,2024-07-24 05:14:00,103,10,10,IMPS,Success,0,
971,971,1,360045.78,2024-01-12 20:58:00,971,10,6,UPI,Success,1,Night Transaction
797,797,10,568229.34,2025-01-18 04:24:00,797,5,4,POS,Success,0,
467,467,8,383683.76,2024-06-30 17:00:00,467,17,4,UPI,Success,0,
919,919,10,797983.4,2024-12-09 02:08:00,919,23,6,NEFT,Success,0,
469,469,9,15461.56,2025-04-21 10:13:00,469,8,2,IMPS,Success,0,
69,69,4,206818.28,2024-03-24 09:06:00,69,26,9,RTGS,Success,0,
359,359,6,117062.59,2024-12-21 10:42:00,359,1,3,IMPS,Success,0,
487,487,4,415937.96,2024-01-09 17:26:00,487,24,6,UPI,Success,0,
670,670,10,388774.88,2024-11-23 02:23:00,670,4,8,NEFT,Success,0,
139,139,6,408477.02,2024-08-23 16:08:00,139,6,6,IMPS,Success,0,
85,85,4,646054.26,2025-02-01 04:47:00,85,3,7,RTGS,Success,0,
702,702,5,419502.42,2024-07-16 12:43:00,702,13,9,POS,Pending,0,
177,177,8,489259.67,2024-12-09 06:38:00,177,11,7,ATM,Success,0,
615,615,6,212013.13,2024-01-08 15:36:00,615,17,7,POS,Success,0,
897,897,9,682859.97,2025-02-04 05:06:00,897,23,2,RTGS,Success,0,
538,538,1,87808.37,2024-02-14 03:20:00,538,20,3,IMPS,Success,0,
594,594,1,642080.52,2024-08-16 20:02:00,594,7,2,RTGS,Success,0,
145,145,8,35420.08,2024-09-13 16:31:00,145,24,3,NEFT,Success,0,
928,928,10,638967.62,2024-10-29 15:17:00,928,13,7,RTGS,Success,0,
127,127,4,248155.81,2024-02-06 20:27:00,127,2,6,IMPS,Success,0,
192,192,7,238764.18,2024-10-29 22:07:00,192,11,4,NEFT,Success,0,
594,594,6,719736.01,2025-01-27 03:06:00,594,6,8,NEFT,Success,0,
876,876,9,667848.26,2024-12-23 20:15:00,876,27,9,UPI,Success,0,
509,509,7,42064.61,2024-06-12 01:37:00,509,6,8,ATM,Success,0,
638,638,4,685390.78,2024-04-08 12:24:00,638,27,4,ATM,Failed,0,
823,823,8,379973.72,2024-01-24 03:45:00,823,5,9,UPI,Success,0,
96,96,10,39853.35,2024-06-30 18:38:00,96,22,5,IMPS,Success,1,Multiple Transactions
28,28,6,537951.42,2024-10-06 18:25:00,28,20,1,IMPS,Success,0,
670,670,8,504711.77,2024-01-12 15:10:00,670,13,5,ATM,Failed,0,
55,55,7,783593.19,2024-10-23 19:56:00,55,5,10,IMPS,Success,0,
228,228,5,380475.87,2024-02-02 16:32:00,228,12,4,ATM,Success,0,
248,248,2,451388.15,2024-07-29 06:31:00,248,1,7,RTGS,Success,0,
424,424,7,759609.46,2025-04-28 20:17:00,424,16,5,ATM,Success,0,
289,289,5,522238.74,2024-11-10 00:11:00,289,12,6,IMPS,Success,0,
761,761,10,93838.4,2025-04-24 03:46:00,761,17,7,IMPS,Pending,0,
8,8,4,461682.97,2025-04-04 07:17:00,8,6,6,RTGS,Failed,0,
737,737,10,187608.3,2024-08-16 22:35:00,737,17,8,UPI,Success,0,
20,20,4,752932.88,2024-05-17 01:00:00,20,17,6,UPI,Success,0,
981,981,2,183062.94,2024-03-21 12:04:00,981,20,4,IMPS,Success,0,
40,40,3,104774.71,2024-12-23 09:16:00,40,1,9,RTGS,Success,0,
556,556,7,117428.48,2024-01-05 21:05:00,556,28,7,IMPS,Success,0,
628,628,6,377342.48,2024-08-08 05:02:00,628,11,8,RTGS,Success,0,
556,556,10,1446.96,2024-05-20 08:32:00,556,13,3,IMPS,Success,0,
324,324,3,320344.87,2025-02-25 12:35:00,324,28,2,POS,Failed,1,High Amount Transaction
294,294,5,294304.35,2024-01-05 06:26:00,294,26,3,NETBANKING,Success,0,
4,4,5,194846.89,2024-08-19 12:12:00,4,19,4,IMPS,Success,0,
128,128,9,455868.86,2024-04-02 08:19:00,128,27,1,RTGS,Success,0,
299,299,5,500687.11,2025-02-28 18:50:00,299,13,4,RTGS,Success,0,
219,219,3,385705.65,2024-06-30 23:25:00,219,30,7,NETBANKING,Success,1,High Amount Transaction
622,622,2,264557.72,2024-08-07 13:38:00,622,5,9,UPI,Success,1,Night Transaction
957,957,7,340144.51,2025-02-17 16:39:00,957,29,7,ATM,Success,0,
33,33,2,501597.19,2025-04-18 02:44:00,33,2,3,IMPS,Success,0,
326,326,2,570169.09,2024-04-05 11:00:00,326,5,4,ATM,Success,0,
124,124,6,260921.76,2024-02-17 12:35:00,124,17,6,ATM,Success,0,
164,164,4,395373.17,2025-03-16 00:05:00,164,23,7,POS,Success,0,
186,186,4,762776.84,2024-08-08 08:39:00,186,6,8,IMPS,Success,0,
648,648,3,42124.25,2024-09-08 11:03:00,648,4,1,UPI,Success,0,
292,292,5,767374.09,2024-04-27 08:11:00,292,12,9,NEFT,Success,0,
916,916,6,115362.03,2025-01-25 05:55:00,916,12,8,UPI,Success,0,
344,344,10,15137.43,2025-02-19 17:39:00,344,26,1,UPI,Success,0,
51,51,5,119921.5,2024-02-05 00:46:00,51,9,8,RTGS,Success,0,
797,797,6,20521.03,2025-04-14 16:39:00,797,2,6,RTGS,Success,0,
325,325,1,165477.75,2025-04-10 23:14:00,325,6,8,NEFT,Success,0,
834,834,7,417436.54,2025-03-06 22:34:00,834,23,10,ATM,Failed,0,
47,47,1,358131.76,2025-03-21 15:13:00,47,13,6,ATM,Success,1,New Device
114,114,3,131924.26,2024-06-13 01:29:00,114,30,10,ATM,Success,0,
697,697,7,728671.25,2024-05-19 03:25:00,697,6,3,UPI,Success,0,
149,149,2,561016.25,2024-01-15 16:25:00,149,17,5,NEFT,Success,0,
319,319,4,491349.15,2024-05-06 05:20:00,319,30,1,RTGS,Success,0,
53,53,9,794110.23,2025-01-03 06:54:00,53,25,10,UPI,Success,0,
557,557,8,529509.72,2024-07-03 10:00:00,557,14,5,RTGS,Success,0,
117,117,7,126568.3,2024-11-03 14:37:00,117,12,10,NETBANKING,Success,0,
74,74,7,501364.72,2024-12-21 21:55:00,74,13,4,POS,Success,0,
475,475,8,44931.57,2024-03-18 19:49:00,475,21,3,RTGS,Success,0,
708,708,2,603821.54,2024-07-31 19:29:00,708,30,9,NEFT,Pending,0,
478,478,9,453083.75,2024-12-20 20:21:00,478,24,10,IMPS,Success,0,
306,306,7,520056.29,2025-02-24 00:56:00,306,20,2,POS,Success,0,
434,434,7,448270.58,2024-03-06 22:00:00,434,18,8,NEFT,Success,0,
433,433,8,615001.71,2024-08-25 16:00:00,433,28,4,RTGS,Success,0,
77,77,4,133076.33,2024-10-31 09:08:00,77,11,4,IMPS,Success,0,
604,604,9,96804.03,2024-01-05 07:07:00,604,27,5,IMPS,Success,0,
98,98,10,308463.17,2024-03-28 02:42:00,98,8,9,UPI,Success,0,
749,749,3,75553.8,2024-05-30 10:35:00,749,12,9,ATM,Success,0,
320,320,8,491875.84,2024-12-26 13:39:00,320,7,2,ATM,Failed,0,
473,473,5,46564.16,2024-11-30 02:17:00,473,5,8,NEFT,Success,0,
758,758,2,471322.01,2024-11-07 14:52:00,758,5,6,POS,Success,0,
650,650,9,636922.34,2024-02-17 16:30:00,650,10,4,NETBANKING,Success,1,Foreign Location
952,952,2,291551.42,2025-01-28 17:42:00,952,17,6,IMPS,Success,0,
6,6,8,26873.0,2025-03-20 16:06:00,6,23,2,UPI,Success,1,High Amount Transaction
763,763,3,579672.97,2024-12-07 01:05:00,763,21,6,RTGS,Success,0,
469,469,3,127185.03,2024-04-10 17:02:00,469,17,10,POS,Success,0,
679,679,8,16756.88,2024-01-20 04:51:00,679,13,2,POS,Success,0,
262,262,4,168663.65,2024-01-17 14:54:00,262,11,8,IMPS,Pending,0,
884,884,5,532978.97,2024-01-21 00:17:00,884,3,2,RTGS,Success,0,
701,701,6,39288.85,2025-03-03 11:31:00,701,14,9,IMPS,Success,0,
625,625,9,561250.13,2024-11-03 02:51:00,625,15,4,UPI,Success,0,
986,986,2,707485.46,2024-10-12 01:13:00,986,21,6,ATM,Success,0,
643,643,6,703273.4,2024-04-22 10:36:00,643,20,7,UPI,Success,0,
312,312,2,416232.83,2024-01-22 12:39:00,312,27,8,NETBANKING,Success,0,
944,944,2,283929.89,2024-06-11 22:10:00,944,3,8,ATM,Success,0,
481,481,7,627283.14,2024-01-02 09:22:00,481,5,4,UPI,Success,0,
620,620,4,36374.86,2024-11-16 09:34:00,620,2,8,POS,Success,0,
34,34,3,491522.98,2024-11-26 20:41:00,34,10,7,IMPS,Success,0,
100,100,9,25825.94,2024-09-25 08:31:00,100,12,10,RTGS,Success,0,
351,351,3,569573.01,2024-05-03 00:27:00,351,4,9,NETBANKING,Success,0,
425,425,2,83796.53,2024-06-15 23:57:00,425,2,6,NETBANKING,Success,0,
169,169,4,529713.51,2024-03-04 21:47:00,169,9,3,ATM,Success,0,
61,61,7,443007.92,2024-09-11 10:04:00,61,11,1,RTGS,Success,0,
519,519,9,447156.73,2024-04-11 07:21:00,519,19,4,POS,Success,0,
811,811,4,121493.8,2024-07-31 05:07:00,811,17,7,ATM,Success,0,
337,337,8,543118.85,2024-01-14 01:58:00,337,16,8,NEFT,Pending,0,
990,990,3,30949.74,2024-06-24 02:03:00,990,12,7,NEFT,Failed,0,
905,905,5,546416.79,2024-07-13 19:15:00,905,18,8,UPI,Success,0,
910,910,2,550800.32,2024-09-26 15:31:00,910,25,2,NEFT,Success,1,Foreign Location
68,68,5,696648.44,2024-06-28 00:08:00,68,20,2,IMPS,Success,0,
899,899,9,773485.69,2024-02-02 22:25:00,899,20,1,UPI,Success,0,
624,624,2,262696.4,2024-09-19 07:27:00,624,9,5,POS,Success,0,
73,73,3,630897.05,2025-03-14 08:08:00,73,5,9,IMPS,Failed,0,
699,699,6,684735.66,2024-12-03 14:33:00,699,29,6,UPI,Success,0,
280,280,6,186245.16,2024-01-14 17:39:00,280,25,3,ATM,Success,0,
57,57,1,306860.13,2024-08-17 20:35:00,57,15,7,IMPS,Success,0,
23,23,6,500888.24,2024-08-03 11:17:00,23,6,7,IMPS,Success,0,
733,733,2,135416.8,2024-05-03 00:56:00,733,14,5,IMPS,Success,0,
169,169,3,769754.95,2024-04-09 01:13:00,169,16,1,RTGS,Success,0,
634,634,3,61548.54,2024-03-20 22:38:00,634,13,4,ATM,Success,0,
140,140,1,799587.02,2024-02-26 16:58:00,140,1,8,UPI,Success,0,
255,255,2,191742.11,2025-03-30 13:08:00,255,10,3,POS,Success,0,
8,8,7,682411.97,2024-06-08 04:49:00,8,4,8,RTGS,Success,0,
682,682,2,789194.06,2024-04-02 05:38:00,682,14,3,IMPS,Success,0,
423,423,7,184881.26,2024-08-05 13:03:00,423,8,1,RTGS,Success,0,
510,510,10,688644.06,2024-02-14 05:16:00,510,7,3,UPI,Success,0,
67,67,8,617624.86,2024-06-10 14:40:00,67,7,7,NETBANKING,Success,0,
204,204,1,577578.03,2024-06-02 11:27:00,204,4,9,ATM,Success,0,
124,124,8,249903.37,2024-02-23 14:26:00,124,10,9,POS,Success,0,
497,497,10,99132.56,2024-12-24 04:54:00,497,19,5,UPI,Success,0,
237,237,8,195322.23,2025-01-19 17:58:00,237,9,10,NEFT,Failed,1,High Amount Transaction
687,687,3,79092.56,2025-01-19 16:57:00,687,5,8,NETBANKING,Success,0,
483,483,9,523283.53,2024-11-26 23:05:00,483,13,3,NEFT,Success,0,
844,844,9,488955.89,2024-01-05 11:58:00,844,20,4,UPI,Success,0,
557,557,4,302463.83,2024-12-10 18:03:00,557,20,4,RTGS,Success,0,
342,342,4,798031.94,2024-09-24 03:48:00,342,27,2,IMPS,Success,0,
109,109,8,425817.69,2025-02-14 07:00:00,109,6,2,POS,Success,0,
762,762,8,87149.78,2024-12-12 11:04:00,762,1,9,ATM,Success,0,
621,621,9,690839.55,2024-06-26 09:32:00,621,6,5,NEFT,Success,0,
831,831,8,121578.3,2024-05-11 22:09:00,831,18,10,RTGS,Success,0,
840,840,5,783471.23,2024-04-24 12:10:00,840,27,8,NETBANKING,Success,0,
837,837,2,743448.28,2024-10-09 18:11:00,837,16,4,NETBANKING,Failed,0,
83,83,8,553014.06,2025-02-06 15:29:00,83,7,3,UPI,Success,0,
47,47,3,458950.33,2025-01-03 11:56:00,47,11,7,POS,Success,1,Night Transaction
502,502,10,189101.8,2025-02-04 01:50:00,502,20,10,IMPS,Success,0,
756,756,8,446676.2,2024-07-02 02:02:00,756,14,3,NETBANKING,Success,0,
178,178,10,634879.57,2024-07-17 18:46:00,178,17,10,NETBANKING,Success,0,
994,994,4,396599.75,2024-12-17 19:20:00,994,18,9,UPI,Success,0,
875,875,6,601125.19,2024-12-02 01:18:00,875,8,5,NETBANKING,Success,0,
606,606,9,348159.92,2025-03-01 23:43:00,606,7,2,RTGS,Success,0,
867,867,5,664896.33,2024-02-05 20:23:00,867,2,4,NEFT,Success,0,
13,13,6,528722.09,2024-01-17 06:34:00,13,3,2,POS,Success,0,
792,792,10,483146.48,2024-08-05 21:45:00,792,17,6,RTGS,Success,1,Night Transaction
644,644,10,507582.83,2024-05-05 16:57:00,644,30,4,ATM,Failed,0,
996,996,4,441477.2,2025-01-06 22:15:00,996,11,10,NETBANKING,Pending,0,
19,19,7,453873.27,2025-04-10 14:17:00,19,10,10,ATM,Success,0,
270,270,9,727144.25,2025-04-02 05:42:00,270,7,8,UPI,Success,0,
850,850,10,552765.7,2024-10-24 02:12:00,850,12,8,NETBANKING,Success,0,
557,557,8,391128.08,2025-04-08 11:48:00,557,16,9,ATM,Success,0,
370,370,3,123144.97,2024-08-14 16:20:00,370,23,4,IMPS,Success,1,New Device
435,435,5,635409.52,2024-03-03 15:26:00,435,25,4,ATM,Success,0,
123,123,1,728898.61,2024-07-27 16:13:00,123,28,3,ATM,Success,0,
582,582,5,572945.78,2024-12-31 15:19:00,582,19,8,NETBANKING,Success,0,
81,81,10,114336.0,2024-02-08 14:36:00,81,29,6,RTGS,Success,0,
452,452,7,576898.06,2024-09-08 20:45:00,452,13,7,IMPS,Success,0,
560,560,10,378936.83,2024-02-14 19:08:00,560,20,9,IMPS,Success,0,
85,85,7,735225.95,2024-08-12 15:06:00,85,3,1,UPI,Success,0,
53,53,2,771499.82,2024-07-10 03:05:00,53,13,5,UPI,Failed,0,
750,750,3,250906.11,2025-02-03 05:46:00,750,20,5,ATM,Success,0,
135,135,6,22107.79,2024-09-30 18:37:00,135,25,7,UPI,Success,0,
422,422,6,376541.5,2024-08-19 14:53:00,422,23,9,IMPS,Success,0,
83,83,1,352238.73,2024-06-27 14:42:00,83,12,6,NEFT,Success,0,
416,416,5,238927.54,2024-08-16 22:52:00,416,19,6,NETBANKING,Success,0,
915,915,8,378560.01,2025-02-23 14:37:00,915,19,9,NETBANKING,Success,0,
793,793,3,39044.21,2025-02-01 14:08:00,793,20,4,NETBANKING,Success,0,
635,635,9,431926.63,2025-04-27 02:09:00,635,29,10,UPI,Success,0,
9,9,9,213564.43,2024-10-12 20:35:00,9,18,10,IMPS,Success,0,
58,58,3,473777.85,2025-03-19 22:55:00,58,1,7,ATM,Success,0,
866,866,5,747650.13,2024-05-27 21:01:00,866,25,6,ATM,Success,0,
348,348,3,764816.55,2024-11-17 22:39:00,348,27,10,IMPS,Success,0,
44,44,3,359600.84,2025-01-01 13:44:00,44,28,8,NEFT,Success,0,
267,267,2,272003.09,2024-09-29 08:11:00,267,7,3,NETBANKING,Success,0,
487,487,10,28961.36,2024-04-17 22:28:00,487,3,4,POS,Failed,0,
715,715,5,343773.46,2024-11-17 20:21:00,715,3,4,POS,Success,0,
790,790,9,157153.11,2024-08-18 13:37:00,790,19,2,RTGS,Success,0,
875,875,10,413129.87,2025-01-28 23:57:00,875,11,5,RTGS,Success,0,
184,184,2,494107.21,2024-09-13 03:29:00,184,5,8,ATM,Success,0,
487,487,8,95280.06,2025-04-21 15:52:00,487,19,1,POS,Success,0,
142,142,5,597573.63,2025-02-07 14:12:00,142,14,9,ATM,Success,1,High Amount Transaction
305,305,6,321915.77,2025-01-29 05:42:00,305,16,5,POS,Success,0,
523,523,10,146100.28,2024-01-21 20:31:00,523,7,4,RTGS,Success,0,
901,901,1,39761.69,2025-03-31 11:18:00,901,2,7,RTGS,Success,0,
37,37,1,87140.94,2024-05-03 14:31:00,37,13,4,NETBANKING,Success,0,
432,432,4,513486.71,2024-05-01 08:38:00,432,28,9,NETBANKING,Success,0,
599,599,9,71166.92,2024-10-21 15:34:00,599,15,6,NEFT,Success,0,
556,556,5,28358.48,2024-08-22 20:07:00,556,19,2,ATM,Success,0,
365,365,1,456643.64,2024-02-23 14:35:00,365,1,4,ATM,Success,0,
571,571,10,517358.41,2024-11-10 21:22:00,571,20,4,NETBANKING,Success,0,
651,651,10,52451.13,2024-01-29 01:06:00,651,24,6,RTGS,Success,0,
875,875,7,227257.36,2025-03-19 04:01:00,875,5,7,UPI,Success,0,
673,673,1,618419.02,2024-12-07 02:16:00,673,5,7,IMPS,Success,0,
122,122,4,205162.74,2025-04-15 20:01:00,122,6,5,UPI,Success,0,
448,448,4,478544.23,2024-04-03 14:48:00,448,22,6,NETBANKING,Success,1,Night Transaction
459,459,1,796928.74,2025-03-04 18:46:00,459,9,1,RTGS,Success,0,
44,44,6,786760.53,2024-02-02 15:43:00,44,28,1,ATM,Pending,0,
27,27,9,649223.21,2024-11-19 11:19:00,27,20,5,NEFT,Success,0,
898,898,4,657675.46,2024-12-17 01:28:00,898,2,10,NEFT,Failed,1,Night Transaction
503,503,3,655070.74,2024-06-08 02:28:00,503,21,4,POS,Success,0,
686,686,5,721183.42,2024-02-09 19:39:00,686,27,1,NEFT,Success,0,
520,520,8,612794.02,2024-02-05 00:51:00,520,14,10,POS,Success,0,
926,926,1,690351.79,2025-04-03 00:41:00,926,8,10,ATM,Success,0,
495,495,3,455604.15,2024-10-07 12:15:00,495,9,5,NEFT,Success,0,
515,515,2,716275.25,2024-10-11 07:17:00,515,8,5,POS,Success,0,
994,994,1,640338.88,2024-05-09 02:35:00,994,13,2,RTGS,Success,0,
